<?xml version = '1.0' encoding = 'UTF-8'?>
<page xmlns:jrad="http://xmlns.oracle.com/jrad" xmlns:oa="http://xmlns.oracle.com/oa" xmlns:ui="http://xmlns.oracle.com/uix/ui" version="10.1.3_" xml:lang="en-US" xmlns:user="http://xmlns.oracle.com/jrad/user" xmlns="http://xmlns.oracle.com/jrad" file-version="$Header$">
   <content>
      <oa:pageLayout id="region1" amDefName="oracle.apps.sfc.clm.PaymentForm.server.xxsifyLmsPaymentPGAM" controllerClass="oracle.apps.sfc.clm.PaymentForm.webui.AdvancePayHomePGCO" windowTitle="Advance Invoice Home" title="Advance Invoice">
         <ui:corporateBranding>
            <oa:image id="corporateBrandingImage" source="/OA_MEDIA/FNDSSCORP.gif"/>
         </ui:corporateBranding>
         <ui:contents>
            <oa:header id="region12">
               <ui:contents>
                  <oa:query id="region9" mode="autoCustomizationCriteria">
                     <ui:contents>
                        <oa:table id="AdvancePaySearchVO" width="100%">
                           <ui:contents>
                              <oa:messageStyledText id="lmsid" dataType="NUMBER" prompt="Lms Id" viewName="AdvancePaySearchVO" viewAttr="LmsId" sortState="descending"/>
                              <oa:messageStyledText id="BandWidthReqNoId" dataType="NUMBER" prompt="Band Width Req No" viewName="AdvancePaySearchVO" viewAttr="BandWidhReqNo" sortState="yes"/>
                              <oa:link id="poNo" viewName="AdvancePaySearchVO" viewAttr="EbsPoNum" text="PO Number" destination="OA.jsp?page=/oracle/apps/sfc/lms/PaymentForm/webui/xxsifyLmsPaymentHistoryPG&amp;retainAM=Y&amp;param1={@LmsId}&amp;param2={@EbsPoNum}&amp;param3=AdvanceHome" styleClass="OraLinkText"/>
                              <oa:messageStyledText id="SupplierName" dataType="VARCHAR2" prompt="Supplier Name" viewName="AdvancePaySearchVO" viewAttr="SifySupplierName" maximumLength="240" rendered="true"/>
                              <oa:messageStyledText id="SifyShipTo" dataType="VARCHAR2" prompt="Ship To Location" viewName="AdvancePaySearchVO" viewAttr="SifyShipTo" maximumLength="240"/>
                              <oa:messageStyledText id="SifyBillTo" dataType="VARCHAR2" prompt="Bill To Location" viewName="AdvancePaySearchVO" viewAttr="SifyBillTo" maximumLength="240"/>
                              <oa:messageStyledText id="capacity" viewName="AdvancePaySearchVO" viewAttr="Capacity" prompt="Capacity"/>
                              <oa:messageStyledText id="FromLocation" dataType="VARCHAR2" prompt="From Location" viewName="AdvancePaySearchVO" viewAttr="FromLocation" maximumLength="240"/>
                              <oa:messageStyledText id="ToLocation" dataType="VARCHAR2" prompt="To Location" viewName="AdvancePaySearchVO" viewAttr="ToLocation" maximumLength="240"/>
                              <oa:messageStyledText id="activityId" viewName="AdvancePaySearchVO" viewAttr="Activity" prompt="Activity"/>
                              <oa:messageStyledText id="currencyId" viewName="AdvancePaySearchVO" viewAttr="Currency" prompt="Currency"/>
                              <oa:messageStyledText id="linkStatus" viewName="AdvancePaySearchVO" viewAttr="LinkStatus" prompt="Link Status"/>
                              <oa:messageStyledText id="distance" viewName="AdvancePaySearchVO" viewAttr="Distance" prompt="Distance"/>
                              <oa:messageStyledText id="commissionedDateId" viewName="AdvancePaySearchVO" viewAttr="CommissionedDate" prompt="Commissioned Date"/>
                              <oa:messageStyledText id="surrenderDated" viewName="AdvancePaySearchVO" viewAttr="SurrenderedDate" prompt="End Date"/>
                           </ui:contents>
                           <ui:tableActions>
                              <oa:flowLayout id="region3">
                                 <ui:contents>
                                    <oa:button id="AdvPayBtn" text="Advance Payment" prompt="Advance Payment" rendered="true">
                                       <ui:primaryClientAction>
                                          <ui:fireAction event="AdvancePayment" id="fireAction1"/>
                                       </ui:primaryClientAction>
                                    </oa:button>
                                 </ui:contents>
                              </oa:flowLayout>
                           </ui:tableActions>
                           <ui:tableSelection>
                              <oa:singleSelection id="singleSelection1" viewName="AdvancePaySearchVO" viewAttr="SelectFlag"/>
                           </ui:tableSelection>
                        </oa:table>
                     </ui:contents>
                     <oa:simpleSearchPanel>
                        <oa:header text="Simple Search" id="region11">
                           <ui:contents>
                              <oa:messageComponentLayout id="region10">
                                 <ui:contents>
                                    <oa:messageLovInput id="lmsIdLovId" prompt="Lms Id">
                                       <lovContents>
                                          <oa:listOfValues id="region6">
                                             <ui:contents>
                                                <oa:table name="region6" id="LmsIdLovVO">
                                                   <ui:contents>
                                                      <oa:messageStyledText id="LmsId1" dataType="VARCHAR2" prompt="Lms Id" viewName="LmsIdLovVO" viewAttr="LmsId" maximumLength="240" queryable="true"/>
                                                   </ui:contents>
                                                </oa:table>
                                             </ui:contents>
                                          </oa:listOfValues>
                                       </lovContents>
                                       <lovMappings>
                                          <lovMap id="lovMap1" lovItem="LmsId1" resultTo="lmsIdLovId" criteriaFrom="lmsIdLovId"/>
                                       </lovMappings>
                                    </oa:messageLovInput>
                                 </ui:contents>
                              </oa:messageComponentLayout>
                           </ui:contents>
                        </oa:header>
                     </oa:simpleSearchPanel>
                     <oa:simpleSearchMappings>
                        <oa:queryCriteriaMap id="queryCriteriaMap1" criteriaItem="lmsIdLovId" resultsItem="lmsid"/>
                     </oa:simpleSearchMappings>
                  </oa:query>
               </ui:contents>
            </oa:header>
            <oa:pageButtonBar id="region2">
               <ui:contents>
                  <oa:submitButton id="backBtn" text="Back To Home" prompt="Back To Home"/>
               </ui:contents>
            </oa:pageButtonBar>
         </ui:contents>
      </oa:pageLayout>
   </content>
</page>
