<?xml version = '1.0' encoding = 'UTF-8'?>
<page xmlns:jrad="http://xmlns.oracle.com/jrad" xmlns:oa="http://xmlns.oracle.com/oa" xmlns:ui="http://xmlns.oracle.com/uix/ui" version="10.1.3_" xml:lang="en-US" xmlns:user="http://xmlns.oracle.com/jrad/user" xmlns="http://xmlns.oracle.com/jrad" file-version="$Header$">
   <content>
      <oa:pageLayout id="region1" amDefName="oracle.apps.sfc.clm.PaymentForm.server.xxsifyLmsPaymentPGAM" controllerClass="oracle.apps.sfc.clm.PaymentForm.webui.LmsCPOutputCO" windowTitle="output" title="output">
         <ui:corporateBranding>
            <oa:image id="corporateBrandingImage" source="/OA_MEDIA/FNDSSCORP.gif"/>
         </ui:corporateBranding>
         <ui:contents>
            <oa:messageStyledText id="text"/>
            <oa:rawText id="text1"/>
            <oa:messageTextInput id="item1"/>
         </ui:contents>
      </oa:pageLayout>
   </content>
</page>
