<?xml version = '1.0' encoding = 'UTF-8'?>
<page xmlns:jrad="http://xmlns.oracle.com/jrad" xmlns:oa="http://xmlns.oracle.com/oa" xmlns:ui="http://xmlns.oracle.com/uix/ui" version="10.1.3_" xml:lang="en-US" xmlns:user="http://xmlns.oracle.com/jrad/user" xmlns="http://xmlns.oracle.com/jrad" file-version="$Header$">
   <content>
      <oa:pageLayout id="region1" amDefName="oracle.apps.sfc.clm.PaymentForm.server.xxsifyLmsPaymentPGAM" controllerClass="oracle.apps.sfc.clm.PaymentForm.webui.xxsifyLmsPaymentHistoryCO" windowTitle="Invoice History" title="Invoice History">
         <ui:corporateBranding>
            <oa:image id="corporateBrandingImage" source="/OA_MEDIA/FNDSSCORP.gif"/>
         </ui:corporateBranding>
         <ui:contents>
            <oa:table id="InvoiceHistoryVO1">
               <ui:contents>
                  <oa:messageStyledText id="BandWidhReqNo" dataType="VARCHAR2" prompt="BandWidh Req No" viewName="InvoiceHistoryVO1" viewAttr="BandWidhReqNo" maximumLength="240"/>
                  <oa:messageStyledText id="LmsId" dataType="VARCHAR2" prompt="LMS ID" viewName="InvoiceHistoryVO1" viewAttr="LmsId" maximumLength="240"/>
                  <oa:messageStyledText id="PoNumber" dataType="VARCHAR2" prompt="Po Number" viewName="InvoiceHistoryVO1" viewAttr="PoNumber" maximumLength="240"/>
                  <oa:messageStyledText id="PoLineAmount" dataType="NUMBER" prompt="Po Line Amount" viewName="InvoiceHistoryVO1" viewAttr="PoLineAmount" maximumLength="15"/>
                  <oa:messageStyledText id="LmsInvoiceType" dataType="VARCHAR2" prompt="Invoice Type" viewName="InvoiceHistoryVO1" viewAttr="InvoiceType" maximumLength="240"/>
                  <oa:messageStyledText id="LmsInvoiceNumber" dataType="VARCHAR2" prompt="Lms Invoice Number" viewName="InvoiceHistoryVO1" viewAttr="LmsInvoiceNumber" maximumLength="240">
                     <ui:primaryClientAction>
                        <ui:fireAction event="checkDetails">
                           <ui:parameters>
                              <ui:parameter key="InvNumP" value="${oa.InvoiceHistoryVO1.LmsInvoiceNumber}"/>
                              <ui:parameter key="SupNameP" value="${oa.InvoiceHistoryVO1.Supplier}"/>
                           </ui:parameters>
                        </ui:fireAction>
                     </ui:primaryClientAction>
                  </oa:messageStyledText>
                  <oa:messageStyledText id="InvoiceDate" dataType="DATE" prompt="Invoice Date" viewName="InvoiceHistoryVO1" viewAttr="InvoiceDate"/>
                  <oa:messageStyledText id="InvPeriodFromDate" dataType="DATE" prompt="Invoice Period From Date" viewName="InvoiceHistoryVO1" viewAttr="InvPeriodFromDate"/>
                  <oa:messageStyledText id="InvPeriodToDate" dataType="DATE" prompt="Invoce Period To Date" viewName="InvoiceHistoryVO1" viewAttr="InvPeriodToDate"/>
                  <oa:messageStyledText id="InvoiceAmount" dataType="NUMBER" prompt="Invoice Amount" viewName="InvoiceHistoryVO1" viewAttr="InvoiceAmount" maximumLength="15"/>
                  <oa:messageStyledText id="amtPaidCol" dataType="NUMBER" prompt="Amount Paid" viewName="InvoiceHistoryVO1" viewAttr="AmountPaid" maximumLength="15"/>
                  <oa:messageStyledText id="BalAmt" dataType="NUMBER" prompt="Bal Amt" viewName="InvoiceHistoryVO1" viewAttr="BalAmt" maximumLength="15"/>
                  <oa:messageStyledText id="InvoiceWfStatus" dataType="VARCHAR2" prompt="LMS Invoice Workflow Status" viewName="InvoiceHistoryVO1" viewAttr="InvoiceWfStatus" maximumLength="240"/>
                  <oa:messageStyledText id="LmsInvoiceStatus" dataType="VARCHAR2" prompt="LMS Invoice Status" viewName="InvoiceHistoryVO1" viewAttr="InvoiceStatus" maximumLength="240"/>
                  <oa:messageStyledText id="EBSInvoiceStatus" dataType="VARCHAR2" prompt="EBS Invoice Status" viewName="InvoiceHistoryVO1" viewAttr="EbsInvoiceStatus" maximumLength="240"/>
                  <oa:messageStyledText id="ConcReqId" viewName="InvoiceHistoryVO1" viewAttr="ConcProgramId" prompt="CP Request Id">
                     <ui:primaryClientAction>
                        <ui:fireAction event="viewCpOutput">
                           <ui:parameters>
                              <ui:parameter key="param3" value="${oa.InvoiceHistoryVO1.ConcProgramId}"/>
                           </ui:parameters>
                        </ui:fireAction>
                     </ui:primaryClientAction>
                  </oa:messageStyledText>
                  <oa:messageStyledText id="inverrMsg" dataType="VARCHAR2" prompt="Error Message" viewName="InvoiceHistoryVO1" viewAttr="ErrorMsg" maximumLength="240"/>
                  <oa:messageStyledText id="CommissionedDate" dataType="DATE" prompt="Commissioned Date" viewName="InvoiceHistoryVO1" viewAttr="CommissionedDate"/>
                  <oa:messageStyledText id="SurrenderedDate" dataType="DATE" prompt="Surrendered Date" viewName="InvoiceHistoryVO1" viewAttr="SurrenderedDate"/>
                  <oa:messageStyledText id="payTermId" dataType="VARCHAR2" prompt="Payment Term" viewName="InvoiceHistoryVO1" viewAttr="PaymentTerm" maximumLength="240"/>
                  <oa:messageStyledText id="Supplier" dataType="VARCHAR2" prompt="Supplier" viewName="InvoiceHistoryVO1" viewAttr="Supplier" maximumLength="240"/>
                  <oa:messageStyledText id="SupplierSite" dataType="VARCHAR2" prompt="Supplier Site" viewName="InvoiceHistoryVO1" viewAttr="SupplierSite" maximumLength="240"/>
                  <oa:messageStyledText id="ItemCode" dataType="VARCHAR2" prompt="Item Code" viewName="InvoiceHistoryVO1" viewAttr="ItemCode" maximumLength="240"/>
                  <oa:messageStyledText id="ItemDesc" dataType="VARCHAR2" prompt="Item Description" viewName="InvoiceHistoryVO1" viewAttr="ItemDesc" maximumLength="240"/>
                  <oa:messageStyledText id="FromLocation" dataType="VARCHAR2" prompt="From Location" viewName="InvoiceHistoryVO1" viewAttr="FromLocation" maximumLength="240"/>
                  <oa:messageStyledText id="ToLocation" dataType="VARCHAR2" prompt="To Location" viewName="InvoiceHistoryVO1" viewAttr="ToLocation" maximumLength="240"/>
                  <oa:messageStyledText id="reasonForReject" dataType="VARCHAR2" prompt="Reason For Rejection" viewName="InvoiceHistoryVO1" viewAttr="RejectionReason" maximumLength="240"/>
                  <oa:messageStyledText id="Remarks" dataType="VARCHAR2" prompt="Remarks" viewName="InvoiceHistoryVO" viewAttr="Attribute15" maximumLength="240"/>
               </ui:contents>
               <ui:tableActions>
                  <oa:flowLayout id="region3">
                     <ui:contents>
                        <oa:submitButton id="viewCPOutputBtn" text="View CP Output" prompt="View CP Output" rendered="false"/>
                     </ui:contents>
                  </oa:flowLayout>
               </ui:tableActions>
            </oa:table>
            <oa:spacer id="space" height="6"/>
            <oa:table id="InvCheckDetailsVO" text="Payment Details" width="100%">
               <ui:contents>
                  <oa:messageStyledText id="SupplierNumber" dataType="VARCHAR2" prompt="Supplier Number" viewName="InvCheckDetailsVO" viewAttr="SupplierNumber" maximumLength="30"/>
                  <oa:messageStyledText id="VendorName" dataType="VARCHAR2" prompt="Supplier Name" viewName="InvCheckDetailsVO" viewAttr="VendorName" maximumLength="240"/>
                  <oa:messageStyledText id="InvoiceNum" dataType="VARCHAR2" prompt="Invoice Number" viewName="InvCheckDetailsVO" viewAttr="InvoiceNum" maximumLength="50"/>
                  <oa:messageStyledText id="InvoiceAmount1" dataType="NUMBER" prompt="Invoice Amount" viewName="InvCheckDetailsVO" viewAttr="InvoiceAmount"/>
                  <oa:messageStyledText id="InvoiceAmountPaid" dataType="NUMBER" prompt="Invoice Amount Paid" viewName="InvCheckDetailsVO" viewAttr="InvoiceAmountPaid"/>
                  <oa:messageStyledText id="PaymentDate" dataType="DATE" prompt="Payment Date" viewName="InvCheckDetailsVO" viewAttr="PaymentDate"/>
                  <oa:messageStyledText id="CheckNumber" dataType="NUMBER" prompt="Check Number" viewName="InvCheckDetailsVO" viewAttr="CheckNumber" maximumLength="15"/>
                  <oa:messageStyledText id="CheckAmount" dataType="NUMBER" prompt="Check Amount" viewName="InvCheckDetailsVO" viewAttr="CheckAmount"/>
                  <oa:messageStyledText id="PaymentReconcilationStatus" dataType="VARCHAR2" prompt="Payment Reconcilation Status" viewName="InvCheckDetailsVO" viewAttr="PaymentReconcilationStatus" maximumLength="25" rendered="false"/>
                  <oa:messageStyledText id="CurrencyCode" dataType="VARCHAR2" prompt="Currency Code" viewName="InvCheckDetailsVO" viewAttr="CurrencyCode" maximumLength="15"/>
                  <oa:messageStyledText id="InvoiceAcctStatus" dataType="VARCHAR2" prompt="Invoice Status" viewName="InvCheckDetailsVO" viewAttr="InvoiceAcctStatus" maximumLength="4000" rendered="false"/>
               </ui:contents>
            </oa:table>
            <oa:pageButtonBar id="region2">
               <ui:contents>
                  <oa:submitButton id="backBtn" text="Back To Home" prompt="Back To Home"/>
               </ui:contents>
            </oa:pageButtonBar>
         </ui:contents>
      </oa:pageLayout>
   </content>
</page>
