<?xml version = '1.0' encoding = 'UTF-8'?>
<page xmlns:jrad="http://xmlns.oracle.com/jrad" xmlns:oa="http://xmlns.oracle.com/oa" xmlns:ui="http://xmlns.oracle.com/uix/ui" version="10.1.3_" xml:lang="en-US" xmlns:user="http://xmlns.oracle.com/jrad/user" xmlns="http://xmlns.oracle.com/jrad" file-version="$Header$">
   <content>
      <oa:pageLayout id="region1" controllerClass="oracle.apps.sfc.clm.PaymentForm.webui.xxsifyLmsAdvPaymentCO" amDefName="oracle.apps.sfc.clm.PaymentForm.server.xxsifyLmsPaymentPGAM" windowTitle="Advance Payment" title="Advance Payment">
         <ui:corporateBranding>
            <oa:image id="corporateBrandingImage" source="/OA_MEDIA/FNDSSCORP.gif"/>
         </ui:corporateBranding>
         <ui:contents>
            <oa:header id="region2">
               <ui:contents>
                  <oa:advancedTable id="AdvancePaymentRN" viewName="LmsPaymentInvoiceEOVO1" rendered="true" width="100%">
                     <ui:contents>
                        <oa:column id="BWReqIdCol">
                           <ui:columnHeader>
                              <oa:sortableHeader id="sortableHeader123" prompt="BW Request ID"/>
                           </ui:columnHeader>
                           <ui:contents>
                              <oa:messageStyledText id="item11715" viewAttr="BandWidhReqId"/>
                           </ui:contents>
                        </oa:column>
                        <oa:column id="LmsIdCol">
                           <ui:columnHeader>
                              <oa:sortableHeader id="sortableHeader1231" prompt="LMS ID"/>
                           </ui:columnHeader>
                           <ui:contents>
                              <oa:messageStyledText id="item117151" viewAttr="LmsId"/>
                           </ui:contents>
                        </oa:column>
                        <oa:column id="InvoiceTypeCol">
                           <ui:columnHeader>
                              <oa:sortableHeader id="sortableHeader1111" prompt="Invoice Type"/>
                           </ui:columnHeader>
                           <ui:contents>
                              <oa:messageStyledText id="item1111" viewAttr="InvoiceType"/>
                           </ui:contents>
                        </oa:column>
                        <oa:column id="PoNumberCol1">
                           <ui:columnHeader>
                              <oa:sortableHeader id="sortableHeader1121" prompt="Po Number"/>
                           </ui:columnHeader>
                           <ui:contents>
                              <oa:messageStyledText id="item1121" viewAttr="PoNumber"/>
                           </ui:contents>
                        </oa:column>
                        <oa:column id="supCol">
                           <ui:columnHeader>
                              <oa:sortableHeader id="sortableHeader12311" prompt="Supplier"/>
                           </ui:columnHeader>
                           <ui:contents>
                              <oa:messageStyledText id="item1171511" viewAttr="Supplier"/>
                           </ui:contents>
                        </oa:column>
                        <oa:column id="supSiteCol">
                           <ui:columnHeader>
                              <oa:sortableHeader id="sortableHeader12312" prompt="Supplier Site"/>
                           </ui:columnHeader>
                           <ui:contents>
                              <oa:messageStyledText id="item1171512" viewAttr="SupplierSite"/>
                           </ui:contents>
                        </oa:column>
                        <oa:column id="poAmtCol">
                           <ui:columnHeader>
                              <oa:sortableHeader id="sortableHeader11211" prompt="PO Amount"/>
                           </ui:columnHeader>
                           <ui:contents>
                              <oa:messageStyledText id="item11211" viewAttr="PoAmount"/>
                           </ui:contents>
                        </oa:column>
                        <oa:column id="AdvPeriodCol" rendered="false">
                           <ui:columnHeader>
                              <oa:sortableHeader id="sortableHeader1101" prompt="Advance Period"/>
                           </ui:columnHeader>
                           <ui:contents>
                              <oa:messageTextInput id="item1101" viewAttr="AdvPeriod" dataType="VARCHAR2"/>
                           </ui:contents>
                        </oa:column>
                        <oa:column id="AdvAmountCol">
                           <ui:columnHeader>
                              <oa:sortableHeader id="sortableHeader191" prompt="Adv Amount"/>
                           </ui:columnHeader>
                           <ui:contents>
                              <oa:messageTextInput id="item191" viewAttr="InvoiceAmount" prompt="Advance Amount"/>
                           </ui:contents>
                        </oa:column>
                        <oa:column id="AdvAmtCurrencyCol">
                           <ui:columnHeader>
                              <oa:sortableHeader id="sortableHeader171" prompt="Advance Currency"/>
                           </ui:columnHeader>
                           <ui:contents>
                              <oa:messageTextInput id="item171" viewAttr="AdvCurrency"/>
                           </ui:contents>
                        </oa:column>
                        <oa:column id="InvNoCol">
                           <ui:columnHeader>
                              <oa:sortableHeader id="sortableHeader161" prompt="Invoice Number"/>
                           </ui:columnHeader>
                           <ui:contents>
                              <oa:messageTextInput id="item161" viewAttr="LmsInvoiceNumber" maximumLength="16"/>
                           </ui:contents>
                        </oa:column>
                        <oa:column id="invDAteCol">
                           <ui:columnHeader>
                              <oa:sortableHeader id="sortableHeader1611" prompt="Invoice Date"/>
                           </ui:columnHeader>
                           <ui:contents>
                              <oa:messageTextInput id="item1611" viewAttr="InvoiceDate" dataType="DATE"/>
                           </ui:contents>
                        </oa:column>
                        <oa:column id="statusCol" rendered="false">
                           <ui:columnHeader>
                              <oa:sortableHeader id="sortableHeader151" prompt="Status"/>
                           </ui:columnHeader>
                           <ui:contents>
                              <oa:messageTextInput id="item151" viewAttr="AdvStatus"/>
                           </ui:contents>
                        </oa:column>
                        <oa:column id="PaymentDetailsCol" rendered="false">
                           <ui:columnHeader>
                              <oa:sortableHeader id="sortableHeader141" prompt="Payment Details"/>
                           </ui:columnHeader>
                           <ui:contents>
                              <oa:messageStyledText id="item141" viewAttr="PaymentDetails"/>
                           </ui:contents>
                        </oa:column>
                        <oa:column id="PaidDateCol" rendered="false">
                           <ui:columnHeader>
                              <oa:sortableHeader id="sortableHeader131" prompt="Paid Date"/>
                           </ui:columnHeader>
                           <ui:contents>
                              <oa:messageStyledText id="item131" viewAttr="PaidDate" dataType="DATE"/>
                           </ui:contents>
                        </oa:column>
                        <oa:column id="PaymentStatsCol" rendered="false">
                           <ui:columnHeader>
                              <oa:sortableHeader id="sortableHeader124" prompt="Payment Status"/>
                           </ui:columnHeader>
                           <ui:contents>
                              <oa:messageStyledText id="item121" viewAttr="PaymentStatus"/>
                           </ui:contents>
                        </oa:column>
                     </ui:contents>
                     <ui:tableActions>
                        <oa:flowLayout id="region3">
                           <ui:contents>
                              <oa:submitButton id="SaveBtn" text="Save" prompt="Save" serverUnvalidated="true" unvalidated="true" rendered="false"/>
                           </ui:contents>
                        </oa:flowLayout>
                     </ui:tableActions>
                  </oa:advancedTable>
               </ui:contents>
            </oa:header>
            <oa:pageButtonBar id="region8">
               <ui:contents>
                  <oa:submitButton id="SubmitBtn" text="Submit" prompt="Submit"/>
                  <oa:submitButton id="CancelBtn" text="Go Back" prompt="Go Back"/>
               </ui:contents>
            </oa:pageButtonBar>
         </ui:contents>
      </oa:pageLayout>
   </content>
</page>
