<?xml version = '1.0' encoding = 'UTF-8'?>
<page xmlns:jrad="http://xmlns.oracle.com/jrad" xmlns:oa="http://xmlns.oracle.com/oa" xmlns:ui="http://xmlns.oracle.com/uix/ui" version="10.1.3_" xml:lang="en-US" xmlns:user="http://xmlns.oracle.com/jrad/user" xmlns="http://xmlns.oracle.com/jrad" file-version="$Header$">
   <content>
      <oa:pageLayout id="region1" controllerClass="oracle.apps.sfc.clm.poform.webui.CLMCreateCircuitCO" amDefName="oracle.apps.sfc.clm.poform.server.CLMCreatePoAM" windowTitle="Circuit Details" title="Circuit Details">
         <ui:corporateBranding>
            <oa:image id="corporateBrandingImage" source="/OA_MEDIA/FNDSSCORP.gif"/>
         </ui:corporateBranding>
         <ui:contents>
            <oa:header id="DownloadRN" text="Download Data Template" rendered="true">
               <ui:contents>
                  <oa:messageDownload id="fileDownload" dataType="BLOB" viewName="CLMCircuitTempDowloadVO" viewAttr="FileName" contentViewAttributeName="FileData" prompt="Download Template"/>
               </ui:contents>
            </oa:header>
            <oa:header id="UploadRN" text="Upload Data Template">
               <ui:contents>
                  <oa:messageFileUpload id="UploadItem" prompt="Upload Template Here :"/>
                  <oa:button id="FireUploadEvent" text="Upload" prompt="Upload" unvalidated="true" disabled="false" rendered="true" destination="">
                     <ui:primaryClientAction>
                        <ui:fireAction event="UploadDataEvent" id="fireAction1"/>
                     </ui:primaryClientAction>
                  </oa:button>
               </ui:contents>
            </oa:header>
            <oa:spacer id="item1" height="5"/>
            <oa:table id="CLMCircuitIdsVO" text="Circuit Details" rendered="true" width="50%">
               <ui:contents>
                  <oa:messageStyledText id="clmid" prompt="CLM ID" viewName="CLMCircuitIdsVO" viewAttr="ClmId"/>
                  <oa:messageStyledText id="CircuitId" dataType="VARCHAR2" prompt="Circuit Id" viewName="CLMCircuitIdsVO" viewAttr="CircuitId" maximumLength="240" columns="50"/>
               </ui:contents>
            </oa:table>
            <oa:pageButtonBar id="region3">
               <ui:contents>
                  <oa:button id="SaveBtn" text="Save" prompt="Save" rendered="false">
                     <ui:primaryClientAction>
                        <ui:fireAction event="SaveEvent"/>
                     </ui:primaryClientAction>
                  </oa:button>
                  <oa:submitButton id="BackBtn" text="Back" prompt="Back"/>
               </ui:contents>
            </oa:pageButtonBar>
         </ui:contents>
      </oa:pageLayout>
   </content>
</page>
