<?xml version = '1.0' encoding = 'UTF-8'?>
<page xmlns:jrad="http://xmlns.oracle.com/jrad" xmlns:oa="http://xmlns.oracle.com/oa" xmlns:ui="http://xmlns.oracle.com/uix/ui" version="10.1.3_" xml:lang="en-US" xmlns:user="http://xmlns.oracle.com/jrad/user" xmlns="http://xmlns.oracle.com/jrad" file-version="$Header$">
   <content>
      <oa:pageLayout id="region1" windowTitle="Standar PO Action History" title="Standar PO Action History" amDefName="oracle.apps.sfc.clm.poform.server.CLMCreatePoAM" controllerClass="oracle.apps.sfc.clm.poform.webui.CLMEbsPoActionHistPGCO">
         <ui:corporateBranding>
            <oa:image id="corporateBrandingImage" source="/OA_MEDIA/FNDSSCORP.gif"/>
         </ui:corporateBranding>
         <ui:contents>
            <oa:table id="CLMEbsPoActHistVO" width="60%">
               <ui:contents>
                  <oa:messageStyledText id="Segment1" dataType="VARCHAR2" prompt="PO No" viewName="CLMEbsPoActHistVO" viewAttr="Segment1" maximumLength="20"/>
                  <oa:messageStyledText id="Seq" dataType="NUMBER" prompt="Sequence" viewName="CLMEbsPoActHistVO" viewAttr="Seq"/>
                  <oa:messageStyledText id="FullName" dataType="VARCHAR2" prompt="Name" viewName="CLMEbsPoActHistVO" viewAttr="FullName" maximumLength="240"/>
                  <oa:messageStyledText id="ActionCode" dataType="VARCHAR2" prompt="Action" viewName="CLMEbsPoActHistVO" viewAttr="ActionCode" maximumLength="25"/>
               </ui:contents>
            </oa:table>
            <oa:pageButtonBar id="region2">
               <ui:contents>
                  <oa:submitButton id="BackBtn" text="Back" prompt="Back"/>
               </ui:contents>
            </oa:pageButtonBar>
         </ui:contents>
      </oa:pageLayout>
   </content>
</page>
