<?xml version = '1.0' encoding = 'UTF-8'?>
<page xmlns:jrad="http://xmlns.oracle.com/jrad" xmlns:oa="http://xmlns.oracle.com/oa" xmlns:ui="http://xmlns.oracle.com/uix/ui" version="10.1.3_" xml:lang="en-US" xmlns:user="http://xmlns.oracle.com/jrad/user" xmlns="http://xmlns.oracle.com/jrad" file-version="$Header$">
   <content>
      <oa:pageLayout id="PgLayoutRN" amDefName="oracle.apps.sfc.clm.poform.server.CLMCreatePoAM" controllerClass="oracle.apps.sfc.clm.poform.webui.CLMPoViewAttachmnetCO" windowTitle="View Attachments" title="View Attachments">
         <ui:corporateBranding>
            <oa:image id="corporateBrandingImage" source="/OA_MEDIA/FNDSSCORP.gif"/>
         </ui:corporateBranding>
         <ui:contents>
            <oa:pageButtonBar id="PageBtnBar">
               <ui:contents>
                  <oa:submitButton id="BackAttachBtn" text="Back To CLM Po Request Page" prompt="Back To CLM Po Request Page">
                     <ui:primaryClientAction>
                        <ui:fireAction event="BACKPG" id="fireAction1"/>
                     </ui:primaryClientAction>
                  </oa:submitButton>
               </ui:contents>
            </oa:pageButtonBar>
            <oa:submitButton id="AddAttachBtn" text="ADD NEW ATTACHMENT" prompt="ADD NEW ATTACHMENT">
               <ui:primaryClientAction>
                  <ui:fireAction event="ADDFILE" id="fireAction11">
                     <ui:parameters>
                        <ui:parameter key="aMode" value="ADD"/>
                     </ui:parameters>
                  </ui:fireAction>
               </ui:primaryClientAction>
            </oa:submitButton>
            <oa:table id="CLMViewPOAttachmentsVO">
               <ui:contents>
                  <oa:messageTextInput id="LineNo" dataType="NUMBER" prompt="LineNo" viewName="CLMViewPOAttachmentsVO" viewAttr="LineNo" rendered="false"/>
                  <oa:messageStyledText id="FileName" dataType="VARCHAR2" prompt="File Name" viewName="CLMViewPOAttachmentsVO" viewAttr="FileName" maximumLength="100"/>
                  <oa:messageStyledText id="UploadCategory" dataType="VARCHAR2" prompt="Upload Category" viewName="CLMViewPOAttachmentsVO" viewAttr="UploadCategory" maximumLength="240"/>
                  <oa:messageStyledText id="FileDesc" dataType="VARCHAR2" prompt="File Description" viewName="CLMViewPOAttachmentsVO" viewAttr="FileDesc" maximumLength="240"/>
                  <oa:messageDownload id="DwnldFile" viewName="CLMViewPOAttachmentsVO" viewAttr="FileName" dataType="BLOB" prompt="File Download" contentViewAttributeName="FileContent" fileContentType="FileName"/>
                  <oa:image id="UpdateAttach" source="updateicon_enabled.gif" use="/oracle/apps/fnd/attributesets/Buttons/Update" prompt="View/Update">
                     <ui:primaryClientAction>
                        <ui:fireAction event="UPDATTACH" id="fireAction22">
                           <ui:parameters>
                              <ui:parameter key="AttachID" value="${oa.CLMViewPOAttachmentsVO.OafAttachId}"/>
                              <ui:parameter key="aMode" value="UpdateAttachments"/>
                           </ui:parameters>
                        </ui:fireAction>
                     </ui:primaryClientAction>
                  </oa:image>
                  <oa:image id="DelAttach" rendered="true" source="deleteicon_enabled.gif" use="/oracle/apps/fnd/attributesets/Buttons/Delete" serverUnvalidated="true">
                     <ui:primaryClientAction>
                        <ui:fireAction event="DELATTACH" unvalidated="true" id="fireAction211">
                           <ui:parameters>
                              <ui:parameter key="SelectedAttachID" value="${oa.CLMViewPOAttachmentsVO.OafAttachId}"/>
                           </ui:parameters>
                        </ui:fireAction>
                     </ui:primaryClientAction>
                  </oa:image>
               </ui:contents>
            </oa:table>
         </ui:contents>
      </oa:pageLayout>
   </content>
</page>
