<?xml version = '1.0' encoding = 'UTF-8'?>
<page xmlns:jrad="http://xmlns.oracle.com/jrad" xmlns:oa="http://xmlns.oracle.com/oa" xmlns:ui="http://xmlns.oracle.com/uix/ui" version="10.1.3_" xml:lang="en-US" xmlns:user="http://xmlns.oracle.com/jrad/user" xmlns="http://xmlns.oracle.com/jrad" file-version="$Header$">
   <content>
      <oa:pageLayout id="MainRN" amDefName="oracle.apps.sfc.clm.poform.server.CLMCreatePoAM" controllerClass="oracle.apps.sfc.clm.poform.webui.CLMPoCreateCO">
         <ui:corporateBranding>
            <oa:image id="corporateBrandingImage" source="/OA_MEDIA/FNDSSCORP.gif"/>
         </ui:corporateBranding>
         <ui:contents>
            <oa:messageComponentLayout id="CLMPoHdrTabVO" rows="10" columns="3">
               <ui:contents>
                  <oa:messageStyledText id="Company" dataType="VARCHAR2" prompt="Company" viewName="CLMPoHdrTabVO" viewAttr="Company" maximumLength="240"/>
                  <oa:messageStyledText id="BandWidthReqId" dataType="NUMBER" prompt="Band Width Req No" viewName="CLMPoHdrTabVO" viewAttr="BandWidhReqNo"/>
                  <oa:messageStyledText id="BandWidthReqType" dataType="VARCHAR2" prompt="Band Width Req Type" viewName="CLMPoHdrTabVO" viewAttr="BandWidthReqType" maximumLength="100"/>
                  <oa:messageStyledText id="ClmId" dataType="NUMBER" prompt="CLM ID" viewName="CLMPoHdrTabVO" viewAttr="ClmId" maximumLength="240"/>
                  <oa:messageTextInput id="ClmIdCreationDate" dataType="DATE" prompt="CLM ID Creation Date" viewName="CLMPoHdrTabVO" viewAttr="ClmIdCreationDate" required="yes" disabled="true"/>
                  <oa:messageStyledText id="SupplierName" dataType="VARCHAR2" prompt="Supplier Name" viewName="CLMPoHdrTabVO" viewAttr="SupplierName" maximumLength="240"/>
                  <oa:messageStyledText id="ElocId" prompt="Eloc Id" viewName="CLMPoHdrTabVO" viewAttr="Attribute16"/>
                  <oa:messageStyledText id="FromLocation" dataType="VARCHAR2" prompt="From Location" viewName="CLMPoHdrTabVO" viewAttr="FromLocation" maximumLength="240"/>
                  <oa:messageStyledText id="FromAddress" dataType="VARCHAR2" prompt="From Address" viewName="CLMPoHdrTabVO" viewAttr="FromAddress" maximumLength="1000"/>
                  <oa:messageStyledText id="ToLocation" dataType="VARCHAR2" prompt="To Location" viewName="CLMPoHdrTabVO" viewAttr="ToLocation" maximumLength="240"/>
                  <oa:messageStyledText id="ToAddress" dataType="VARCHAR2" prompt="To Address" viewName="CLMPoHdrTabVO" viewAttr="ToAddress" maximumLength="1000"/>
                  <oa:messageStyledText id="NewFromLocation" dataType="VARCHAR2" prompt="New From Location" viewName="CLMPoHdrTabVO" viewAttr="Attribute1" maximumLength="240" rendered="${oa.CLMPoHdrTabVO.RenderShiftingFields}"/>
                  <oa:messageStyledText id="NewFromAddress" dataType="VARCHAR2" prompt="New From Address" viewName="CLMPoHdrTabVO" viewAttr="Attribute2" maximumLength="1000" rendered="${oa.CLMPoHdrTabVO.RenderShiftingFields}"/>
                  <oa:messageStyledText id="NewToLocation" dataType="VARCHAR2" prompt="New To Location" viewName="CLMPoHdrTabVO" viewAttr="Attribute3" maximumLength="240" rendered="${oa.CLMPoHdrTabVO.RenderShiftingFields}"/>
                  <oa:messageStyledText id="NewToAddress" dataType="VARCHAR2" prompt="New To Address" viewName="CLMPoHdrTabVO" viewAttr="Attribute4" maximumLength="1000" rendered="${oa.CLMPoHdrTabVO.RenderShiftingFields}"/>
                  <oa:messageStyledText id="InterfaceType" dataType="VARCHAR2" prompt="Interface Type" viewName="CLMPoHdrTabVO" viewAttr="InterfaceType" maximumLength="100"/>
                  <oa:messageStyledText id="Capacity" dataType="VARCHAR2" prompt="Capacity" viewName="CLMPoHdrTabVO" viewAttr="Capacity" maximumLength="100"/>
                  <oa:messageStyledText id="Uom" dataType="VARCHAR2" prompt="" maximumLength="100" rendered="true"/>
                  <oa:messageStyledText id="LockingPeriodUom" dataType="VARCHAR2" prompt="Locking Period Uom" viewName="CLMPoHdrTabVO" viewAttr="LockingPeriodUom" maximumLength="100"/>
                  <oa:messageStyledText id="LockingPeriod" dataType="NUMBER" prompt="Locking Period" viewName="CLMPoHdrTabVO" viewAttr="LockingPeriod"/>
                  <oa:messageLovInput id="PoOrderType" dataType="VARCHAR2" prompt="PO Order Type" viewName="CLMPoHdrTabVO" viewAttr="PoOrderType" maximumLength="240" queryable="true" translatableDefaultValue="CLM" required="yes" disabled="${oa.CLMPoHdrTabVO.DisbleHdrFields}">
                     <lovContents>
                        <oa:listOfValues id="region1">
                           <ui:contents>
                              <oa:table name="region1" id="CLMOrderTypeVO">
                                 <ui:contents>
                                    <oa:messageStyledText id="Ordertype" dataType="VARCHAR2" prompt="Ordertype" viewName="CLMOrderTypeVO" viewAttr="Ordertype" maximumLength="150" queryable="true"/>
                                    <oa:messageStyledText id="Description" dataType="VARCHAR2" prompt="Description" viewName="CLMOrderTypeVO" viewAttr="Description" maximumLength="240"/>
                                 </ui:contents>
                              </oa:table>
                           </ui:contents>
                        </oa:listOfValues>
                     </lovContents>
                     <lovMappings>
                        <lovMap id="lovMap1" lovItem="Ordertype" resultTo="PoOrderType" criteriaFrom="PoOrderType"/>
                     </lovMappings>
                  </oa:messageLovInput>
                  <oa:messageChoice id="PoClassification" dataType="VARCHAR2" prompt="PO Classification" viewName="CLMPoHdrTabVO" viewAttr="PoClassification" pickListViewName="CLMPoClassVO" pickListDispAttr="Poclass" pickListValAttr="Poclass" defaultValue="DOMESTIC" required="yes" disabled="${oa.CLMPoHdrTabVO.DisbleHdrFields}"/>
                  <oa:messageLovInput id="PaymentUom" dataType="VARCHAR2" prompt="Payment Pattern" viewName="CLMPoHdrTabVO" viewAttr="PaymentUom" maximumLength="100" queryable="true" disabled="${oa.CLMPoHdrTabVO.DisbleHdrFields}" required="yes">
                     <lovContents>
                        <oa:listOfValues id="region6">
                           <ui:contents>
                              <oa:table name="region6" id="CLMPayUomVO">
                                 <ui:contents>
                                    <oa:messageStyledText id="UomCode" dataType="VARCHAR2" prompt="Uom Code" viewName="CLMPayUomVO" viewAttr="UomCode" maximumLength="3" queryable="true"/>
                                    <oa:messageStyledText id="UomDesc" dataType="VARCHAR2" prompt="Description" viewName="CLMPayUomVO" viewAttr="UomDesc" maximumLength="25"/>
                                 </ui:contents>
                              </oa:table>
                           </ui:contents>
                        </oa:listOfValues>
                     </lovContents>
                     <lovMappings>
                        <lovMap id="lovMap6" lovItem="UomDesc" resultTo="PaymentUom" criteriaFrom="PaymentUom"/>
                     </lovMappings>
                  </oa:messageLovInput>
                  <oa:messageLovInput id="Currency" dataType="VARCHAR2" prompt="Currency" viewName="CLMPoHdrTabVO" viewAttr="Currency" maximumLength="100" queryable="true" required="yes" disabled="${oa.CLMPoHdrTabVO.DisbleHdrFields}">
                     <lovContents>
                        <oa:listOfValues id="region7">
                           <ui:contents>
                              <oa:table name="region7" id="CLMCurrencyCodeVO">
                                 <ui:contents>
                                    <oa:messageStyledText id="CurrencyCode" dataType="VARCHAR2" prompt="Currency" viewName="CLMCurrencyCodeVO" viewAttr="CurrencyCode" maximumLength="15" queryable="true"/>
                                 </ui:contents>
                              </oa:table>
                           </ui:contents>
                        </oa:listOfValues>
                     </lovContents>
                     <lovMappings>
                        <lovMap id="lovMap7" lovItem="CurrencyCode" resultTo="Currency" criteriaFrom="Currency"/>
                     </lovMappings>
                  </oa:messageLovInput>
                  <oa:messageTextInput id="BrustableChrgs" dataType="NUMBER" prompt="Burstable Charges" viewName="CLMPoHdrTabVO" viewAttr="BrustableChrgs" maximumLength="15" disabled="${oa.CLMPoHdrTabVO.DisbleHdrFields}"/>
                  <oa:messageStyledText id="LinkStatus" dataType="VARCHAR2" prompt="Link Status" viewName="CLMPoHdrTabVO" viewAttr="LinkStatus" maximumLength="100" destination="" styleClass="OraErrorText"/>
                  <oa:messageLovInput id="PaymentTerms" dataType="VARCHAR2" prompt="Payment Terms" viewName="CLMPoHdrTabVO" viewAttr="PaymentTerms" maximumLength="240" queryable="true" required="yes" disabled="${oa.CLMPoHdrTabVO.DisbleHdrFields}">
                     <lovContents>
                        <oa:listOfValues id="region2">
                           <ui:contents>
                              <oa:table name="region2" id="CLMPayTermVO">
                                 <ui:contents>
                                    <oa:messageStyledText id="PayTerms" dataType="VARCHAR2" prompt="PayTerms" viewName="CLMPayTermVO" viewAttr="PayTerms" maximumLength="50" queryable="true"/>
                                 </ui:contents>
                              </oa:table>
                           </ui:contents>
                        </oa:listOfValues>
                     </lovContents>
                     <lovMappings>
                        <lovMap id="lovMap2" lovItem="PayTerms" resultTo="PaymentTerms" criteriaFrom="PaymentTerms"/>
                     </lovMappings>
                  </oa:messageLovInput>
                  <oa:messageTextInput id="BwCurrency" dataType="VARCHAR2" prompt="BW Currency" viewName="CLMPoHdrTabVO" viewAttr="BwCurrency" maximumLength="100" rendered="false"/>
                  <oa:messageLovInput id="ConversionRateType" dataType="VARCHAR2" prompt="Conversion Rate Type" viewName="CLMPoHdrTabVO" viewAttr="ConversionRateType" maximumLength="150" queryable="true" disabled="${oa.CLMPoHdrTabVO.DisableConvRateType}">
                     <lovContents>
                        <oa:listOfValues id="region3">
                           <ui:contents>
                              <oa:table name="region3" id="CLMConvTypeVO">
                                 <ui:contents>
                                    <oa:messageStyledText id="UserConversionType" dataType="VARCHAR2" prompt="UserConversionType" viewName="CLMConvTypeVO" viewAttr="UserConversionType" maximumLength="30" queryable="true"/>
                                 </ui:contents>
                              </oa:table>
                           </ui:contents>
                        </oa:listOfValues>
                     </lovContents>
                     <lovMappings>
                        <lovMap id="lovMap3" lovItem="UserConversionType" resultTo="ConversionRateType" criteriaFrom="ConversionRateType"/>
                     </lovMappings>
                  </oa:messageLovInput>
                  <oa:messageTextInput id="RateType" dataType="VARCHAR2" prompt="Rate Type" viewName="CLMPoHdrTabVO" viewAttr="RateType" rendered="false"/>
                  <oa:messageTextInput id="BuFromBw" dataType="VARCHAR2" prompt="BU Name" viewName="CLMPoHdrTabVO" viewAttr="Bu" maximumLength="240" queryable="true" required="yes" disabled="true"/>
                  <oa:messageTextInput id="CostCenterFrmBW" dataType="VARCHAR2" prompt="Cost Center" viewName="CLMPoHdrTabVO" viewAttr="CostCenter" maximumLength="240" queryable="true" required="yes" disabled="true"/>
                  <oa:messageLovInput id="Bu" dataType="VARCHAR2" prompt="BU Name" viewName="CLMPoHdrTabVO" viewAttr="Bu" maximumLength="240" queryable="true" required="yes" disabled="${oa.CLMPoHdrTabVO.DisbleHdrFields}" rendered="false">
                     <lovContents>
                        <oa:listOfValues id="region4">
                           <ui:contents>
                              <oa:table name="region4" id="CLMBuNameVO">
                                 <ui:contents>
                                    <oa:messageStyledText id="Buname" dataType="VARCHAR2" prompt="Buname" viewName="CLMBuNameVO" viewAttr="Buname" maximumLength="150" queryable="true"/>
                                    <oa:messageStyledText id="Description1" dataType="VARCHAR2" prompt="Description" viewName="CLMBuNameVO" viewAttr="Description" maximumLength="240"/>
                                 </ui:contents>
                              </oa:table>
                           </ui:contents>
                        </oa:listOfValues>
                     </lovContents>
                     <lovMappings>
                        <lovMap id="lovMap4" lovItem="Buname" resultTo="Bu" criteriaFrom="Bu"/>
                        <lovMap id="lovMap9" lovItem="Buname" resultTo="ParentFlexFVL"/>
                     </lovMappings>
                  </oa:messageLovInput>
                  <oa:messageLovInput id="CostCenter" dataType="VARCHAR2" prompt="Cost Center" viewName="CLMPoHdrTabVO" viewAttr="CostCenter" maximumLength="240" queryable="true" required="yes" disabled="${oa.CLMPoHdrTabVO.DisbleHdrFields}" rendered="false">
                     <lovContents>
                        <oa:listOfValues id="region5">
                           <ui:contents>
                              <oa:table name="region5" id="CLMCostCenterVO">
                                 <ui:contents>
                                    <oa:messageStyledText id="Costcenter" dataType="VARCHAR2" prompt="Costcenter" viewName="CLMCostCenterVO" viewAttr="Costcenter" maximumLength="150" queryable="true"/>
                                    <oa:messageStyledText id="Description2" dataType="VARCHAR2" prompt="Description" viewName="CLMCostCenterVO" viewAttr="Description" maximumLength="240"/>
                                    <oa:formValue id="ParentFlexValueLow" dataType="VARCHAR2" prompt="ParentFlexValueLow" viewName="CLMCostCenterVO" viewAttr="ParentFlexValueLow"/>
                                 </ui:contents>
                              </oa:table>
                           </ui:contents>
                        </oa:listOfValues>
                     </lovContents>
                     <lovMappings>
                        <lovMap id="lovMap5" lovItem="Costcenter" resultTo="CostCenter" criteriaFrom="CostCenter"/>
                        <lovMap id="lovMap8" lovItem="ParentFlexValueLow" criteriaFrom="ParentFlexFVL"/>
                     </lovMappings>
                  </oa:messageLovInput>
                  <oa:messageTextInput id="SurrenderedDate" dataType="DATE" prompt="Surrendered Date" viewName="CLMPoHdrTabVO" viewAttr="SurrenderedDate" disabled="false">
                     <ui:primaryClientAction>
                        <ui:fireAction event="UpdateHdrStatus"/>
                     </ui:primaryClientAction>
                  </oa:messageTextInput>
                  <oa:messageTextInput id="Distance" dataType="VARCHAR2" prompt="Distance" viewName="CLMPoHdrTabVO" viewAttr="Distance" maximumLength="100" disabled="true"/>
                  <oa:messageTextInput id="Remarks" dataType="VARCHAR2" prompt="Remarks" viewName="CLMPoHdrTabVO" viewAttr="Remarks" maximumLength="400" disabled="false" columns="30" rows="5"/>
                  <oa:messageTextInput id="ActivityHdr" dataType="VARCHAR2" prompt="Activity" viewName="CLMPoHdrTabVO" viewAttr="Activity" maximumLength="100" rendered="false"/>
                  <oa:messageTextInput id="CrossConnectInfo" dataType="VARCHAR2" prompt="Cross Connect Info" viewName="CLMPoHdrTabVO" viewAttr="CrossConnectInfo" maximumLength="240" disabled="${oa.CLMPoHdrTabVO.DisbleHdrFields}"/>
                  <oa:messageStyledText id="facilityCode" dataType="VARCHAR2" prompt="Facility Code" viewName="CLMPoHdrTabVO" viewAttr="Attribute7" maximumLength="240"/>
                  <oa:messageStyledText id="facilityName" dataType="VARCHAR2" prompt="Facility Name" viewName="CLMPoHdrTabVO" viewAttr="Attribute6" maximumLength="240"/>
               </ui:contents>
            </oa:messageComponentLayout>
            <oa:formValue id="ParentFlexFVL"/>
            <oa:header id="RequestRN" text="BW Request History">
               <ui:contents>
                  <oa:table id="CLMHistoryNewRecordVO" rendered="true">
                     <ui:contents>
                        <oa:messageStyledText id="BandWidhReqNo3" dataType="NUMBER" prompt="Band Width ReqNo" viewName="CLMHistoryNewRecordVO" viewAttr="BandWidhReqNo"/>
                        <oa:messageStyledText id="BandWidhReqType1" dataType="VARCHAR2" prompt="Band Width Req Type" viewName="CLMHistoryNewRecordVO" viewAttr="BandWidhReqType" maximumLength="100"/>
                        <oa:formValue id="BandWidhReqId" dataType="NUMBER" prompt="BandWidhReqId" viewName="CLMHistoryNewRecordVO" viewAttr="BandWidhReqId"/>
                        <oa:messageStyledText id="BandWidhReqDate3" dataType="DATE" prompt="Band Width Req Date" viewName="CLMHistoryNewRecordVO" viewAttr="BandWidhReqDate"/>
                        <oa:messageStyledText id="Capacity4" dataType="VARCHAR2" prompt="Capacity" viewName="CLMHistoryNewRecordVO" viewAttr="Capacity" maximumLength="100"/>
                        <oa:messageStyledText id="Activity3" dataType="VARCHAR2" prompt="Activity" viewName="CLMHistoryNewRecordVO" viewAttr="Activity" maximumLength="50"/>
                        <oa:messageTextInput id="CommissionedDate2" dataType="DATE" prompt="Commissioned Date" viewName="CLMHistoryNewRecordVO" viewAttr="CommissionedDate" disabled="${oa.CLMHistoryNewRecordVO.LineDisableCommDate}">
                           <ui:primaryClientAction>
                              <ui:fireAction event="CheckCommissionDate"/>
                           </ui:primaryClientAction>
                        </oa:messageTextInput>
                        <oa:messageTextInput id="SurrenderedDate3" dataType="DATE" prompt="Surrendered Date" viewName="CLMHistoryNewRecordVO" viewAttr="SurrenderedDate" disabled="${oa.CLMHistoryNewRecordVO.LineDisableSurrenderDate}"/>
                        <oa:messageCheckBox id="CancelFlag1" dataType="VARCHAR2" text="Cancel" prompt="Cancel" viewName="CLMHistoryNewRecordVO" viewAttr="CancelFlag" disabled="${oa.CLMHistoryNewRecordVO.LineDisableCancelFields}"/>
                        <oa:messageTextInput id="CancelReason2" dataType="VARCHAR2" prompt="Cancel Reason" viewName="CLMHistoryNewRecordVO" viewAttr="CancelReason" maximumLength="200" disabled="${oa.CLMHistoryNewRecordVO.LineDisableCancelFields}"/>
                        <oa:messageStyledText id="VendorDistanceFromBW" dataType="NUMBER" prompt="Vendor Distance" viewName="CLMHistoryNewRecordVO" viewAttr="VendorDistance"/>
                        <oa:messageTextInput id="LockingPeriod4" dataType="NUMBER" prompt="Locking Period" viewName="CLMHistoryNewRecordVO" viewAttr="LockingPeriod" disabled="${oa.CLMHistoryNewRecordVO.DisableLinkFields}"/>
                        <oa:messageStyledText id="LockingPeriodUom4" dataType="VARCHAR2" prompt="Locking Period Uom" viewName="CLMHistoryNewRecordVO" viewAttr="LockingPeriodUom" maximumLength="100"/>
                        <oa:messageLovInput id="InterfaceType4" dataType="VARCHAR2" prompt="Interface Type" viewName="CLMHistoryNewRecordVO" viewAttr="InterfaceType" maximumLength="100" disabled="${oa.CLMHistoryNewRecordVO.DisableLinkFields}">
                           <lovContents>
                              <oa:listOfValues id="region8">
                                 <ui:contents>
                                    <oa:table name="region8" id="CLMPoInterfaceTypeVO">
                                       <ui:contents>
                                          <oa:messageStyledText id="LookupCode" dataType="VARCHAR2" prompt="Interface Type" viewName="CLMPoInterfaceTypeVO" viewAttr="LookupCode" maximumLength="30" queryable="true"/>
                                          <oa:messageStyledText id="Description3" dataType="VARCHAR2" prompt="Description" viewName="CLMPoInterfaceTypeVO" viewAttr="Description" maximumLength="240"/>
                                       </ui:contents>
                                    </oa:table>
                                 </ui:contents>
                              </oa:listOfValues>
                           </lovContents>
                           <lovMappings>
                              <lovMap id="lovMap10" lovItem="LookupCode" resultTo="InterfaceType4" criteriaFrom="InterfaceType4"/>
                           </lovMappings>
                        </oa:messageLovInput>
                        <oa:messageStyledText id="PoEndDate2" dataType="DATE" prompt="PO End Date" viewName="CLMHistoryNewRecordVO" viewAttr="PoEndDate" rendered="true"/>
                        <oa:messageStyledText id="PaymentEndDate2" dataType="DATE" prompt="Payment End Date" viewName="CLMHistoryNewRecordVO" viewAttr="PaymentEndDate" rendered="true"/>
                        <oa:button id="CreatePGAttachmentBtn" text="Attachments" prompt="Attachments">
                           <ui:primaryClientAction>
                              <ui:fireAction event="CreatePGAttachments">
                                 <ui:parameters>
                                    <ui:parameter key="BW_CLM_ID" value="${oa.CLMHistoryNewRecordVO.ClmId}"/>
                                    <ui:parameter key="BW_REQ_ID" value="${oa.CLMHistoryNewRecordVO.BandWidhReqId}"/>
                                 </ui:parameters>
                              </ui:fireAction>
                           </ui:primaryClientAction>
                        </oa:button>
                        <oa:messageTextInput id="LeaseLineDistance" dataType="NUMBER" prompt="Lease Line Distance" viewName="CLMHistoryNewRecordVO" viewAttr="LeaseLineDistance" rendered="${oa.CLMHistoryNewRecordVO.RenderLinkTypeFields}"/>
                        <oa:messageTextInput id="LeaseLineAmount" dataType="NUMBER" prompt="Lease Line Amt" viewName="CLMHistoryNewRecordVO" viewAttr="LeaseLineAmount" rendered="${oa.CLMHistoryNewRecordVO.RenderLinkTypeFields}"/>
                        <oa:messageTextInput id="SingleCoreUg" dataType="NUMBER" prompt="Single Core UG" viewName="CLMHistoryNewRecordVO" viewAttr="SingleCoreUg" rendered="${oa.CLMHistoryNewRecordVO.RenderLinkTypeFields}"/>
                        <oa:messageTextInput id="SingleCoreUgAmount" dataType="NUMBER" prompt="Single Core UG Amt" viewName="CLMHistoryNewRecordVO" viewAttr="SingleCoreUgAmount" rendered="${oa.CLMHistoryNewRecordVO.RenderLinkTypeFields}"/>
                        <oa:messageTextInput id="SingleCoreOh" dataType="NUMBER" prompt="Single Core OH" viewName="CLMHistoryNewRecordVO" viewAttr="SingleCoreOh" rendered="${oa.CLMHistoryNewRecordVO.RenderLinkTypeFields}"/>
                        <oa:messageTextInput id="SingleCoreOhAmount" dataType="NUMBER" prompt="Single Core OH Amt" viewName="CLMHistoryNewRecordVO" viewAttr="SingleCoreOhAmount" rendered="${oa.CLMHistoryNewRecordVO.RenderLinkTypeFields}"/>
                        <oa:messageTextInput id="DualCoreUg" dataType="NUMBER" prompt="Dual Core UG" viewName="CLMHistoryNewRecordVO" viewAttr="DualCoreUg" rendered="${oa.CLMHistoryNewRecordVO.RenderLinkTypeFields}"/>
                        <oa:messageTextInput id="DualCoreUgAmount" dataType="NUMBER" prompt="Dual Core UG Amt" viewName="CLMHistoryNewRecordVO" viewAttr="DualCoreUgAmount" rendered="${oa.CLMHistoryNewRecordVO.RenderLinkTypeFields}"/>
                        <oa:messageTextInput id="DualCoreOh" dataType="NUMBER" prompt="Dual Core OH" viewName="CLMHistoryNewRecordVO" viewAttr="DualCoreOh" rendered="${oa.CLMHistoryNewRecordVO.RenderLinkTypeFields}"/>
                        <oa:messageTextInput id="DualCoreOhAmount" dataType="NUMBER" prompt="Dual Core OH Amt" viewName="CLMHistoryNewRecordVO" viewAttr="DualCoreOhAmount" rendered="${oa.CLMHistoryNewRecordVO.RenderLinkTypeFields}"/>
                     </ui:contents>
                     <ui:tableSelection>
                        <oa:singleSelection id="singleSelection1" viewName="CLMHistoryNewRecordVO" viewAttr="SelectHistoryFlag">
                           <ui:primaryClientAction>
                              <ui:fireAction unvalidated="true" event="ShowHistoryLines"/>
                           </ui:primaryClientAction>
                        </oa:singleSelection>
                     </ui:tableSelection>
                  </oa:table>
                  <oa:table id="CLMViewLineHistoryVO" rendered="true">
                     <ui:contents>
                        <oa:formValue id="BandWidthReqId1" dataType="NUMBER" prompt="BandWidthReqId" viewName="CLMViewLineHistoryVO" viewAttr="BandWidthReqId"/>
                        <oa:messageStyledText id="BandWidhReqNo" dataType="NUMBER" prompt="Band Width Req No" viewName="CLMViewLineHistoryVO" viewAttr="BandWidhReqNo"/>
                        <oa:messageStyledText id="BandWidthReqType1" dataType="VARCHAR2" prompt="Band Width Req Type" viewName="CLMViewLineHistoryVO" viewAttr="BandWidthReqType" maximumLength="100"/>
                        <oa:messageStyledText id="BandWidhReqDate" dataType="DATE" prompt="Band Width Req Date" viewName="CLMViewLineHistoryVO" viewAttr="BandWidhReqDate"/>
                        <oa:messageStyledText id="Capacity1" dataType="VARCHAR2" prompt="Capacity" viewName="CLMViewLineHistoryVO" viewAttr="Capacity" maximumLength="100"/>
                        <oa:messageStyledText id="Activity" dataType="VARCHAR2" prompt="Activity" viewName="CLMViewLineHistoryVO" viewAttr="Activity" maximumLength="50"/>
                        <oa:button id="CreateCircuitId1" text="Circuit Details" prompt="Circuit Details" disabled="false">
                           <ui:primaryClientAction>
                              <ui:fireAction event="CreateCircuit" id="fireAction21">
                                 <ui:parameters>
                                    <ui:parameter key="PO_CLM_ID" value="${oa.CLMViewLineHistoryVO.ClmId}"/>
                                    <ui:parameter key="PO_HDR_ID" value="${oa.CLMViewLineHistoryVO.ClmPoHdrId}"/>
                                 </ui:parameters>
                              </ui:fireAction>
                           </ui:primaryClientAction>
                        </oa:button>
                        <oa:button id="CapacityUtilization" text="Capacity Utilization" prompt="Capacity Utilization" disabled="false" rendered="false">
                           <ui:primaryClientAction>
                              <ui:fireAction event="CapacityUtilization" id="fireAction211">
                                 <ui:parameters>
                                    <ui:parameter key="PO_CLM_ID" value="${oa.CLMViewLineHistoryVO.ClmId}"/>
                                    <ui:parameter key="PO_HDR_ID" value="${oa.CLMViewLineHistoryVO.ClmPoHdrId}"/>
                                 </ui:parameters>
                              </ui:fireAction>
                           </ui:primaryClientAction>
                        </oa:button>
                        <oa:messageTextInput id="CommissionedDate" dataType="DATE" prompt="Commissioned Date" viewName="CLMViewLineHistoryVO" viewAttr="CommissionedDate" disabled="${oa.CLMViewLineHistoryVO.LineDisableCommDate}">
                           <ui:primaryClientAction>
                              <ui:fireAction event="EditCheckCommissionDate"/>
                           </ui:primaryClientAction>
                        </oa:messageTextInput>
                        <oa:messageTextInput id="SurrenderedDate1" dataType="DATE" prompt="Surrendered Date" viewName="CLMViewLineHistoryVO" viewAttr="SurrenderedDate" disabled="${oa.CLMViewLineHistoryVO.LineDisableSurDate}">
                           <ui:primaryClientAction>
                              <ui:fireAction event="checkSurrenderDate"/>
                           </ui:primaryClientAction>
                        </oa:messageTextInput>
                        <oa:messageCheckBox id="CancelFlag" dataType="VARCHAR2" text="Cancel" prompt="Cancel" viewName="CLMViewLineHistoryVO" viewAttr="CancelFlag" disabled="${oa.CLMViewLineHistoryVO.LineDisableCancelFields}"/>
                        <oa:messageTextInput id="CancelReason" dataType="VARCHAR2" prompt="Cancel Reason" viewName="CLMViewLineHistoryVO" viewAttr="CancelReason" maximumLength="200" disabled="${oa.CLMViewLineHistoryVO.LineDisableCancelFields}"/>
                        <oa:messageStyledText id="TotalDistance" dataType="NUMBER" prompt="Vendor Distance" viewName="CLMViewLineHistoryVO" viewAttr="TotalDistance"/>
                        <oa:messageStyledText id="LockingPeriod1" dataType="NUMBER" prompt="Locking Period" viewName="CLMViewLineHistoryVO" viewAttr="LockingPeriod"/>
                        <oa:messageStyledText id="LockingPeriodUom1" dataType="VARCHAR2" prompt="Locking Period Uom" viewName="CLMViewLineHistoryVO" viewAttr="LockingPeriodUom" maximumLength="50"/>
                        <oa:messageStyledText id="InterfaceType1" dataType="VARCHAR2" prompt="Interface Type" viewName="CLMViewLineHistoryVO" viewAttr="InterfaceType" maximumLength="50"/>
                        <oa:messageStyledText id="PoEndDate" dataType="DATE" prompt="PO End Date" viewName="CLMViewLineHistoryVO" viewAttr="PoEndDate" rendered="true"/>
                        <oa:messageStyledText id="PaymentEndDate" dataType="DATE" prompt="Payment End Date" viewName="CLMViewLineHistoryVO" viewAttr="PaymentEndDate" rendered="true"/>
                        <oa:formValue id="ClmPoHdrId" dataType="NUMBER" prompt="ClmPoHdrId" viewName="CLMViewLineHistoryVO" viewAttr="ClmPoHdrId"/>
                        <oa:button id="EditPGAttachmentBtn" text="Attachments" prompt="Attachments">
                           <ui:primaryClientAction>
                              <ui:fireAction event="EditPGAttachments" id="fireAction1">
                                 <ui:parameters>
                                    <ui:parameter key="PO_HDR_ID" value="${oa.CLMViewLineHistoryVO.ClmPoHdrId}"/>
                                    <ui:parameter key="PO_BW_REQ_ID" value="${oa.CLMViewLineHistoryVO.BandWidthReqId}"/>
                                    <ui:parameter key="PO_CLM_ID" value="${oa.CLMViewLineHistoryVO.ClmId}"/>
                                 </ui:parameters>
                              </ui:fireAction>
                           </ui:primaryClientAction>
                        </oa:button>
                        <oa:messageTextInput id="LeaseLineDist" dataType="NUMBER" prompt="Lease Line Distance" viewName="CLMViewLineHistoryVO" viewAttr="LeaseLineDist"/>
                        <oa:messageTextInput id="LeaseLineDistAmount" dataType="NUMBER" prompt="Lease Line Distance Amt" viewName="CLMViewLineHistoryVO" viewAttr="LeaseLineDistAmount" maximumLength="15"/>
                        <oa:messageTextInput id="SingleCoreOhDist" dataType="NUMBER" prompt="Single Core OH Distance" viewName="CLMViewLineHistoryVO" viewAttr="SingleCoreOhDist"/>
                        <oa:messageTextInput id="SingleCoreOhAmount1" dataType="NUMBER" prompt="Single Core OH Amt" viewName="CLMViewLineHistoryVO" viewAttr="SingleCoreOhAmount" maximumLength="15"/>
                        <oa:messageTextInput id="SingleCoreUgDist" dataType="NUMBER" prompt="Single Core UG Distance" viewName="CLMViewLineHistoryVO" viewAttr="SingleCoreUgDist"/>
                        <oa:messageTextInput id="SingleCoreUgAmount1" dataType="NUMBER" prompt="Single Core UG Amt" viewName="CLMViewLineHistoryVO" viewAttr="SingleCoreUgAmount" maximumLength="15"/>
                        <oa:messageTextInput id="DualCoreUgDist" dataType="NUMBER" prompt="Dual Core UG Distance" viewName="CLMViewLineHistoryVO" viewAttr="DualCoreUgDist"/>
                        <oa:messageTextInput id="DualCoreUgAmount1" dataType="NUMBER" prompt="Dual Core UG Amt" viewName="CLMViewLineHistoryVO" viewAttr="DualCoreUgAmount" maximumLength="15"/>
                        <oa:messageTextInput id="DualCoreOhDist" dataType="NUMBER" prompt="Dual Core OH Distance" viewName="CLMViewLineHistoryVO" viewAttr="DualCoreOhDist"/>
                        <oa:messageTextInput id="DualCoreOhAmount1" dataType="NUMBER" prompt="Dual Core OH Amt" viewName="CLMViewLineHistoryVO" viewAttr="DualCoreOhAmount" maximumLength="15"/>
                     </ui:contents>
                     <ui:tableSelection>
                        <oa:singleSelection id="singleSelection3" viewName="CLMViewLineHistoryVO" viewAttr="ViewSelectFlag">
                           <ui:primaryClientAction>
                              <ui:fireAction event="ViewLines"/>
                           </ui:primaryClientAction>
                        </oa:singleSelection>
                     </ui:tableSelection>
                  </oa:table>
               </ui:contents>
            </oa:header>
            <oa:header id="LinesRN" text="BW Request Details">
               <ui:contents>
                  <oa:table id="CLMPoLinesTabVO">
                     <ui:contents>
                        <oa:messageStyledText id="SifyBillTo" dataType="VARCHAR2" prompt="Sify Bill To" viewName="CLMPoLinesTabVO" viewAttr="SifyBillTo" maximumLength="240"/>
                        <oa:messageStyledText id="SifyBillToAddress" dataType="VARCHAR2" prompt="Sify Bill lTo Address" viewName="CLMPoLinesTabVO" viewAttr="SifyBillToAddress" maximumLength="1000" rendered="false"/>
                        <oa:messageStyledText id="SifyShipTo" dataType="VARCHAR2" prompt="Sify Ship To" viewName="CLMPoLinesTabVO" viewAttr="SifyShipTo" maximumLength="240"/>
                        <oa:messageStyledText id="SifyShipToAddress" dataType="VARCHAR2" prompt="Sify Ship To Address" viewName="CLMPoLinesTabVO" viewAttr="SifyShipToAddress" maximumLength="1000"/>
                        <oa:messageStyledText id="SifySupplierName" dataType="VARCHAR2" prompt="Supplier Name" viewName="CLMPoLinesTabVO" viewAttr="SifySupplierName" maximumLength="240"/>
                        <oa:messageStyledText id="SifySupplierSite" dataType="VARCHAR2" prompt="Supplier Site" viewName="CLMPoLinesTabVO" viewAttr="SifySupplierSite" maximumLength="240"/>
                        <oa:messageTextInput id="CircuitId1" dataType="VARCHAR2" prompt="Circuit ID1" viewName="CLMPoLinesTabVO" viewAttr="CircuitId1" maximumLength="240" disabled="${oa.CLMPoHdrTabVO.DisableLineFields}"/>
                        <oa:messageTextInput id="CircuitId2" dataType="VARCHAR2" prompt="Circuit ID 2" viewName="CLMPoLinesTabVO" viewAttr="CircuitId2" maximumLength="240" disabled="${oa.CLMPoHdrTabVO.DisableLineFields}"/>
                        <oa:messageTextInput id="Lsi" dataType="VARCHAR2" prompt="LSI" viewName="CLMPoLinesTabVO" viewAttr="Lsi" maximumLength="240" disabled="${oa.CLMPoHdrTabVO.DisableLineFields}"/>
                        <oa:messageTextInput id="FeasibilityNum" dataType="NUMBER" prompt="Feasibility No" viewName="CLMPoLinesTabVO" viewAttr="FeasibilityNum" disabled="${oa.CLMPoHdrTabVO.DisableLineFields}"/>
                        <oa:formValue id="ClmPoLineId" dataType="NUMBER" prompt="ClmPoLineId" viewName="CLMPoLinesTabVO" viewAttr="ClmPoLineId"/>
                     </ui:contents>
                     <ui:tableSelection>
                        <oa:singleSelection id="singleSelection2" viewName="CLMPoLinesTabVO" viewAttr="XxsifySelectLine">
                           <ui:primaryClientAction>
                              <ui:fireAction unvalidated="true" event="showItems"/>
                           </ui:primaryClientAction>
                        </oa:singleSelection>
                     </ui:tableSelection>
                  </oa:table>
               </ui:contents>
            </oa:header>
            <oa:header id="ItemsRN1" text="Item Details">
               <ui:contents>
                  <oa:table id="CLMPoLineItemsTabVO1">
                     <ui:contents>
                        <oa:messageStyledText id="ItemCode1" dataType="VARCHAR2" prompt="Item Code" viewName="CLMPoLineItemsTabVO" viewAttr="ItemCode" maximumLength="240"/>
                        <oa:messageStyledText id="ItemDesc1" dataType="VARCHAR2" prompt="Item Desc" viewName="CLMPoLineItemsTabVO" viewAttr="ItemDesc" maximumLength="240"/>
                        <oa:messageStyledText id="ItemType1" dataType="VARCHAR2" prompt="Item Type" viewName="CLMPoLineItemsTabVO" viewAttr="ItemType" maximumLength="240"/>
                        <oa:messageStyledText id="Uom11" dataType="VARCHAR2" prompt="UOM" viewName="CLMPoLineItemsTabVO" viewAttr="Uom" maximumLength="100"/>
                        <oa:messageStyledText id="Qty1" dataType="NUMBER" prompt="Quantity" viewName="CLMPoLineItemsTabVO" viewAttr="Qty"/>
                        <oa:messageTextInput id="Rate1" dataType="NUMBER" prompt="Rate" viewName="CLMPoLineItemsTabVO" viewAttr="Rate" maximumLength="15" readOnly="false" required="yes" disabled="${oa.CLMPoHdrTabVO.DisableItemFields}"/>
                        <oa:messageStyledText id="TaxCategory1" dataType="VARCHAR2" prompt="Tax Category" viewName="CLMPoLineItemsTabVO" viewAttr="TaxCategory" maximumLength="240"/>
                        <oa:messageTextInput id="PromisedDate1" dataType="DATE" prompt="Promised Date" viewName="CLMPoLineItemsTabVO" viewAttr="PromisedDate" secret="false" showRequired="true" disabled="${oa.CLMPoHdrTabVO.DisableItemFields}"/>
                        <oa:messageStyledText id="NeedByDate1" dataType="DATE" prompt="Need By Date" viewName="CLMPoLineItemsTabVO" viewAttr="NeedByDate"/>
                        <oa:messageStyledText id="EbsPoLineNo1" dataType="NUMBER" prompt="PO Line No" viewName="CLMPoLineItemsTabVO" viewAttr="EbsPoLineNo"/>
                        <oa:messageStyledText id="EbsPoNum1" dataType="VARCHAR2" prompt="PO Number" viewName="CLMPoLineItemsTabVO" viewAttr="EbsPoNum" maximumLength="100" destination="OA.jsp?page=/oracle/apps/sfc/clm/poform/webui/CLMEbsPoActionHistPG&amp;retainAM=Y&amp;param1={@EbsPoNum}"/>
                        <oa:messageStyledText id="EbsPoStatus1" dataType="VARCHAR2" prompt="PO Status" viewName="CLMPoLineItemsTabVO" viewAttr="EbsPoStatus" maximumLength="240"/>
                        <oa:messageStyledText id="poDate" dataType="DATE" prompt="PO Date" viewName="CLMPoLineItemsTabVO" viewAttr="Attribute2"/>
                        <oa:messageStyledText id="EbsPoLineStatus1" dataType="VARCHAR2" prompt="PO Line Status" viewName="CLMPoLineItemsTabVO" viewAttr="EbsPoLineStatus" maximumLength="100"/>
                        <oa:formValue id="ClmPoLineId11" dataType="NUMBER" prompt="ClmPoLineId" viewName="CLMPoLineItemsTabVO" viewAttr="ClmPoLineId"/>
                     </ui:contents>
                  </oa:table>
               </ui:contents>
            </oa:header>
            <oa:pageButtonBar id="PageBtnBar">
               <ui:contents>
                  <oa:submitButton id="SaveBtn" text="Save" prompt="Save" disabled="${oa.CLMPoHdrTabVO.DisableSaveButtonFlag}"/>
                  <oa:submitButton id="HomeBtn" text="Home" prompt="Home" unvalidated="true" warnAboutChanges="false"/>
                  <oa:submitButton id="SubmitBtn" text="Submit" prompt="Submit" disabled="${oa.CLMPoHdrTabVO.DisableButtonsFlag}"/>
               </ui:contents>
            </oa:pageButtonBar>
            <oa:spacer id="SpacerItem" height="20"/>
            <oa:header id="BWAttachRN" text="BW Request Attachments">
               <ui:contents>
                  <oa:table id="CLMBwAttachViewVO" width="80%">
                     <ui:contents>
                        <oa:messageStyledText id="FileName" dataType="VARCHAR2" prompt="File Name" viewName="CLMBwAttachViewVO" viewAttr="FileName" maximumLength="100"/>
                        <oa:messageStyledText id="UploadCategory" dataType="VARCHAR2" prompt="Category" viewName="CLMBwAttachViewVO" viewAttr="UploadCategory"/>
                        <oa:messageStyledText id="UploadedBy" dataType="VARCHAR2" prompt="Uploaded By" viewName="CLMBwAttachViewVO" viewAttr="UploadedBy" maximumLength="100"/>
                        <oa:messageStyledText id="FileDesc" dataType="VARCHAR2" prompt="Description" viewName="CLMBwAttachViewVO" viewAttr="FileDesc" maximumLength="240"/>
                        <oa:messageDownload id="DwnldFile" viewName="CLMBwAttachViewVO" viewAttr="FileName" dataType="BLOB" prompt="File Download" contentViewAttributeName="FileContent" fileContentType="FileName"/>
                     </ui:contents>
                  </oa:table>
               </ui:contents>
            </oa:header>
            <oa:header id="region9" text="Approval Summary">
               <ui:contents>
                  <oa:table id="CLMCLMApprovalSummaryVO" width="60%">
                     <ui:contents>
                        <oa:messageStyledText id="Team" dataType="VARCHAR2" prompt="From" viewName="CLMApprovalSummaryVO" viewAttr="Team" maximumLength="240"/>
                        <oa:messageStyledText id="Status" dataType="VARCHAR2" prompt="Status" viewName="CLMApprovalSummaryVO" viewAttr="Status" maximumLength="50"/>
                        <oa:messageStyledText id="ApproveDate" dataType="DATE" prompt="Action Date" viewName="CLMApprovalSummaryVO" viewAttr="ApproveDate"/>
                        <oa:messageStyledText id="nextApprover" dataType="NUMBER" prompt="Next Approver" viewName="CLMApprovalSummaryVO" viewAttr="NextApprover"/>
                     </ui:contents>
                  </oa:table>
               </ui:contents>
            </oa:header>
         </ui:contents>
      </oa:pageLayout>
   </content>
</page>
