<?xml version = '1.0' encoding = 'UTF-8'?>
<page xmlns:jrad="http://xmlns.oracle.com/jrad" xmlns:oa="http://xmlns.oracle.com/oa" xmlns:ui="http://xmlns.oracle.com/uix/ui" version="10.1.3_" xml:lang="en-US" xmlns:user="http://xmlns.oracle.com/jrad/user" xmlns="http://xmlns.oracle.com/jrad" file-version="$Header$">
   <content>
      <oa:pageLayout id="PageLayoutRN" amDefName="oracle.apps.sfc.clm.poform.server.CLMCreatePoAM" controllerClass="oracle.apps.sfc.clm.poform.webui.CLMPoSearchCO" windowTitle="View Link Request Page" title="View Link Request Details">
         <ui:corporateBranding>
            <oa:image id="corporateBrandingImage" source="/OA_MEDIA/FNDSSCORP.gif"/>
         </ui:corporateBranding>
         <ui:contents>
            <oa:query id="ClmRegion" rendered="true" mode="autoCustomizationCriteria">
               <ui:contents>
                  <oa:table id="CLMPoDraftVO" width="100%">
                     <ui:contents>
                        <oa:messageStyledText id="ClmId" dataType="NUMBER" prompt="CLM ID" viewName="CLMPoDraftVO" viewAttr="ClmId" maximumLength="240" queryable="true"/>
                        <oa:messageStyledText id="Attribute15" dataType="VARCHAR2" prompt="Parent CLM ID" viewName="CLMPoDraftVO" viewAttr="Attribute15" maximumLength="240"/>
                        <oa:messageStyledText id="BandWidhReqNo1" dataType="NUMBER" prompt="Band Width Req No" viewName="CLMPoDraftVO" viewAttr="BandWidhReqNo" queryable="true"/>
                        <oa:messageStyledText id="Company1" dataType="VARCHAR2" prompt="Company" viewName="CLMPoDraftVO" viewAttr="Company" maximumLength="240"/>
                        <oa:messageStyledText id="SupplierName" dataType="VARCHAR2" prompt="Supplier Name" viewName="CLMPoDraftVO" viewAttr="SupplierName" maximumLength="240" queryable="true"/>
                        <oa:messageStyledText id="FromLocation1" dataType="VARCHAR2" prompt="From Location" viewName="CLMPoDraftVO" viewAttr="FromLocation" maximumLength="240"/>
                        <oa:messageStyledText id="ToLocation1" dataType="VARCHAR2" prompt="To Location" viewName="CLMPoDraftVO" viewAttr="ToLocation" maximumLength="240"/>
                        <oa:messageStyledText id="Activity1" dataType="VARCHAR2" prompt="Activity" viewName="CLMPoDraftVO" viewAttr="Activity" maximumLength="100"/>
                        <oa:messageStyledText id="ClmIdCreationDate" dataType="DATE" prompt="Creation Date" viewName="CLMPoDraftVO" viewAttr="ClmIdCreationDate"/>
                        <oa:image id="ViewBtn1" source="updateicon_enabled.gif" use="/oracle/apps/fnd/attributesets/Buttons/Update" prompt="View / Update">
                           <ui:primaryClientAction>
                              <ui:fireAction event="VIEWDRAFT" id="fireAction11">
                                 <ui:parameters>
                                    <ui:parameter key="ClmHeaderId" value="${oa.CLMPoDraftVO.ClmPoHdrId}"/>
                                    <ui:parameter key="ClmId" value="${oa.CLMPoDraftVO.ClmId}"/>
                                    <ui:parameter key="ClmReqID" value="${oa.CLMPoDraftVO.BandWidthReqId}"/>
                                    <ui:parameter key="ClmActivity" value="${oa.CLMPoDraftVO.Activity}"/>
                                 </ui:parameters>
                              </ui:fireAction>
                           </ui:primaryClientAction>
                        </oa:image>
                     </ui:contents>
                  </oa:table>
               </ui:contents>
               <oa:simpleSearchPanel>
                  <oa:header text="Simple Search" id="region3">
                     <ui:contents>
                        <oa:messageComponentLayout id="region2">
                           <ui:contents>
                              <oa:messageTextInput id="ClmIdSearch" prompt="CLM ID"/>
                              <oa:messageTextInput id="BWReqNoSearch" prompt="Bandwidth Request No"/>
                              <oa:messageLovInput id="SuppSearch" prompt="Supplier">
                                 <lovContents>
                                    <oa:listOfValues id="region4">
                                       <ui:contents>
                                          <oa:table name="region4" id="CLMSupplierLovVO">
                                             <ui:contents>
                                                <oa:messageStyledText id="VendorName" dataType="VARCHAR2" prompt="VendorName" viewName="CLMSupplierLovVO" viewAttr="VendorName" maximumLength="240" queryable="true"/>
                                             </ui:contents>
                                          </oa:table>
                                       </ui:contents>
                                    </oa:listOfValues>
                                 </lovContents>
                                 <lovMappings>
                                    <lovMap id="lovMap1" lovItem="VendorName" resultTo="SuppSearch" criteriaFrom="SuppSearch"/>
                                 </lovMappings>
                              </oa:messageLovInput>
                           </ui:contents>
                        </oa:messageComponentLayout>
                     </ui:contents>
                  </oa:header>
               </oa:simpleSearchPanel>
               <oa:simpleSearchMappings>
                  <oa:queryCriteriaMap id="queryCriteriaMap1" criteriaItem="ClmIdSearch" resultsItem="ClmId"/>
                  <oa:queryCriteriaMap id="queryCriteriaMap2" criteriaItem="BWReqNoSearch" resultsItem="BandWidhReqNo1"/>
                  <oa:queryCriteriaMap id="queryCriteriaMap3" criteriaItem="SuppSearch" resultsItem="SupplierName"/>
               </oa:simpleSearchMappings>
            </oa:query>
            <oa:pageButtonBar id="region1">
               <ui:contents>
                  <oa:submitButton id="HomeBtn" text="Home" prompt="Home"/>
               </ui:contents>
            </oa:pageButtonBar>
         </ui:contents>
      </oa:pageLayout>
   </content>
</page>
