<?xml version = '1.0' encoding = 'UTF-8'?>
<page xmlns:jrad="http://xmlns.oracle.com/jrad" xmlns:oa="http://xmlns.oracle.com/oa" xmlns:ui="http://xmlns.oracle.com/uix/ui" version="10.1.3_" xml:lang="en-US" xmlns:user="http://xmlns.oracle.com/jrad/user" xmlns="http://xmlns.oracle.com/jrad" file-version="$Header$">
   <content>
      <oa:pageLayout id="PGLayoutRN" amDefName="oracle.apps.sfc.clm.poform.server.CLMCreatePoAM" controllerClass="oracle.apps.sfc.clm.poform.webui.CLMPoAddAttachmentCO" windowTitle="Attachment Commissioned Details Doc" title="Add Commissioned Details Doc">
         <ui:corporateBranding>
            <oa:image id="corporateBrandingImage" source="/OA_MEDIA/FNDSSCORP.gif"/>
         </ui:corporateBranding>
         <ui:contents>
            <oa:labeledFieldLayout id="CLMPoAttachmentsTabVO">
               <ui:contents>
                  <oa:messageChoice id="UploadCategory" dataType="VARCHAR2" prompt="Upload Category" viewName="CLMPoAttachmentsTabVO" viewAttr="UploadCategory" pickListViewName="CLMAttachCategoryVO" pickListDispAttr="Category" pickListValAttr="Category" pickListViewDef=""/>
                  <oa:messageFileUpload id="uploadFile" prompt="Upload File" rendered="true"/>
                  <oa:messageTextInput id="FileDesc" dataType="VARCHAR2" prompt="File Desc" viewName="CLMPoAttachmentsTabVO" viewAttr="FileDesc" maximumLength="240"/>
                  <oa:submitButton id="UplFleBtn" text="Upload" prompt="Upload">
                     <ui:primaryClientAction>
                        <ui:fireAction event="UPLOAD" id="fireAction1"/>
                     </ui:primaryClientAction>
                  </oa:submitButton>
               </ui:contents>
            </oa:labeledFieldLayout>
            <oa:pageButtonBar id="PageBtnBar">
               <ui:contents>
                  <oa:submitButton id="BackBtn" text="View Attachments" prompt="View Attachments">
                     <ui:primaryClientAction>
                        <ui:fireAction event="BACKATTACH" id="fireAction2"/>
                     </ui:primaryClientAction>
                  </oa:submitButton>
               </ui:contents>
            </oa:pageButtonBar>
         </ui:contents>
      </oa:pageLayout>
   </content>
</page>
