<?xml version = '1.0' encoding = 'UTF-8'?>
<page xmlns:jrad="http://xmlns.oracle.com/jrad" xmlns:oa="http://xmlns.oracle.com/oa" xmlns:ui="http://xmlns.oracle.com/uix/ui" version="10.1.3_" xml:lang="en-US" xmlns:user="http://xmlns.oracle.com/jrad/user" xmlns="http://xmlns.oracle.com/jrad" file-version="$Header$">
   <content>
      <oa:pageLayout id="region1" amDefName="oracle.apps.sfc.clm.poform.server.CLMCreatePurchaseOrderAM" controllerClass="oracle.apps.sfc.clm.poform.webui.CLMpage1CO">
         <ui:corporateBranding>
            <oa:image id="corporateBrandingImage" source="/OA_MEDIA/FNDSSCORP.gif"/>
         </ui:corporateBranding>
         <ui:contents>
            <oa:stackLayout id="region2">
               <ui:contents>
                  <oa:defaultFormStack id="region3">
                     <ui:contents>
                        <oa:messageFileUpload id="AttachedFile" dataType="BLOB" prompt="Attach file"/>
                     </ui:contents>
                  </oa:defaultFormStack>
                  <oa:submitButton id="CommitBtn" text="commit" prompt="commit"/>
               </ui:contents>
            </oa:stackLayout>
            <oa:table id="CLMBkChqLeafVO1">
               <ui:contents>
                  <oa:messageTextInput id="FileId" dataType="NUMBER" prompt="FileId" viewName="CLMBkChqLeafVO1" viewAttr="FileId" maximumLength="38"/>
                  <oa:messageTextInput id="AttachedFileName" dataType="VARCHAR2" prompt="AttachedFileName" viewName="CLMBkChqLeafVO1" viewAttr="AttachedFileName" maximumLength="50"/>
                  <oa:messageDownload id="AttachedFile1" dataType="BLOB" prompt="AttachedFile" viewName="CLMBkChqLeafVO1" viewAttr="AttachedFileName" fileContentType="Contenttype" contentViewAttributeName="AttachedFile"/>
                  <oa:messageTextInput id="Contenttype" dataType="VARCHAR2" prompt="Contenttype" viewName="CLMBkChqLeafVO1" viewAttr="Contenttype" maximumLength="50"/>
                  <oa:messageTextInput id="CreationDate" dataType="DATE" prompt="CreationDate" viewName="CLMBkChqLeafVO1" viewAttr="CreationDate"/>
                  <oa:messageTextInput id="CreatedBy" dataType="NUMBER" prompt="CreatedBy" viewName="CLMBkChqLeafVO1" viewAttr="CreatedBy"/>
                  <oa:messageTextInput id="LastUpdateDate" dataType="DATE" prompt="LastUpdateDate" viewName="CLMBkChqLeafVO1" viewAttr="LastUpdateDate"/>
                  <oa:messageTextInput id="LastUpdatedBy" dataType="NUMBER" prompt="LastUpdatedBy" viewName="CLMBkChqLeafVO1" viewAttr="LastUpdatedBy" maximumLength="38"/>
                  <oa:messageTextInput id="LastUpdateLogin" dataType="NUMBER" prompt="LastUpdateLogin" viewName="CLMBkChqLeafVO1" viewAttr="LastUpdateLogin" maximumLength="38"/>
                  <oa:messageTextInput id="MappingId" dataType="NUMBER" prompt="MappingId" viewName="CLMBkChqLeafVO1" viewAttr="MappingId"/>
               </ui:contents>
            </oa:table>
            <oa:submitButton id="execute" text="execute" prompt="execute"/>
         </ui:contents>
      </oa:pageLayout>
   </content>
</page>
