<?xml version='1.0' encoding='windows-1252' ?>
<!DOCTYPE ViewObject SYSTEM "jbo_03_01.dtd">

<ViewObject
   Name="CLMInvCheckDetailsVO"
   BindingStyle="OracleName"
   CustomQuery="true"
   RowClass="oracle.apps.sfc.clm.PaymentForm.server.CLMInvCheckDetailsVORowImpl"
   ComponentClass="oracle.apps.sfc.clm.PaymentForm.server.CLMInvCheckDetailsVOImpl"
   UseGlueCode="false" >
   <SQLQuery><![CDATA[
select 	aca.check_number										,	asa.segment1 	supplier_number			,	asa.vendor_name			,
		aca.status_lookup_code 	payment_reconcilation_status	, 	aca.cleared_amount						,	aca.cleared_date		,	
		aia.invoice_num											,	aia.invoice_amount						,
		aia.amount_paid 		invoice_amount_paid				,
		ap_invoices_pkg.get_approval_status (	aia.invoice_id			,	aia.invoice_amount			 	,
												aia.payment_status_flag	,	aia.invoice_type_lookup_code) 		invoice_acct_status		,
		trunc(aipa.creation_date) payment_date					,	aca.check_date
from 	ap_checks_all 				aca		,
		ap_invoice_payments_all 	aipa	,
		ap_invoices_all 			aia		,
		ap_suppliers 				asa
where  	aia.invoice_id	=	aipa.invoice_id(+)
and    	aipa.check_id	= 	aca.check_id(+)
and   	aia.vendor_id 	= 	asa.vendor_id(+)
and     aia.invoice_num	=	:1
and   	asa.vendor_name	=	:2
   ]]></SQLQuery>
   <DesignTime>
      <Attr Name="_isCodegen" Value="true" />
      <Attr Name="_isExpertMode" Value="true" />
      <Attr Name="_version" Value="10.1.3.43.6" />
      <Attr Name="_codeGenFlag2" Value="Access|Coll|VarAccess" />
   </DesignTime>
   <ViewAttribute
      Name="CheckNumber"
      IsPersistent="false"
      Precision="15"
      Scale="0"
      Type="oracle.jbo.domain.Number"
      ColumnType="NUMBER"
      AliasName="CHECK_NUMBER"
      Expression="CHECK_NUMBER"
      SQLType="NUMERIC" >
      <DesignTime>
         <Attr Name="_DisplaySize" Value="22" />
      </DesignTime>
   </ViewAttribute>
   <ViewAttribute
      Name="SupplierNumber"
      IsPersistent="false"
      IsNotNull="true"
      Precision="30"
      Type="java.lang.String"
      ColumnType="VARCHAR2"
      AliasName="SUPPLIER_NUMBER"
      Expression="SUPPLIER_NUMBER"
      SQLType="VARCHAR" >
      <DesignTime>
         <Attr Name="_DisplaySize" Value="30" />
      </DesignTime>
   </ViewAttribute>
   <ViewAttribute
      Name="VendorName"
      IsPersistent="false"
      Precision="240"
      Type="java.lang.String"
      ColumnType="VARCHAR2"
      AliasName="VENDOR_NAME"
      Expression="VENDOR_NAME"
      SQLType="VARCHAR" >
      <DesignTime>
         <Attr Name="_DisplaySize" Value="240" />
      </DesignTime>
   </ViewAttribute>
   <ViewAttribute
      Name="PaymentReconcilationStatus"
      IsPersistent="false"
      Precision="25"
      Type="java.lang.String"
      ColumnType="VARCHAR2"
      AliasName="PAYMENT_RECONCILATION_STATUS"
      Expression="PAYMENT_RECONCILATION_STATUS"
      SQLType="VARCHAR" >
      <DesignTime>
         <Attr Name="_DisplaySize" Value="25" />
      </DesignTime>
   </ViewAttribute>
   <ViewAttribute
      Name="ClearedAmount"
      IsPersistent="false"
      Type="oracle.jbo.domain.Number"
      ColumnType="NUMBER"
      AliasName="CLEARED_AMOUNT"
      Expression="CLEARED_AMOUNT"
      SQLType="NUMERIC" >
      <DesignTime>
         <Attr Name="_DisplaySize" Value="22" />
      </DesignTime>
   </ViewAttribute>
   <ViewAttribute
      Name="ClearedDate"
      IsPersistent="false"
      Type="oracle.jbo.domain.Date"
      ColumnType="DATE"
      AliasName="CLEARED_DATE"
      Expression="CLEARED_DATE"
      SQLType="DATE" >
      <DesignTime>
         <Attr Name="_DisplaySize" Value="7" />
      </DesignTime>
   </ViewAttribute>
   <ViewAttribute
      Name="InvoiceNum"
      IsPersistent="false"
      IsNotNull="true"
      Precision="50"
      Type="java.lang.String"
      ColumnType="VARCHAR2"
      AliasName="INVOICE_NUM"
      Expression="INVOICE_NUM"
      SQLType="VARCHAR" >
      <DesignTime>
         <Attr Name="_DisplaySize" Value="50" />
      </DesignTime>
   </ViewAttribute>
   <ViewAttribute
      Name="InvoiceAmount"
      IsPersistent="false"
      Type="oracle.jbo.domain.Number"
      ColumnType="NUMBER"
      AliasName="INVOICE_AMOUNT"
      Expression="INVOICE_AMOUNT"
      SQLType="NUMERIC" >
      <DesignTime>
         <Attr Name="_DisplaySize" Value="22" />
      </DesignTime>
   </ViewAttribute>
   <ViewAttribute
      Name="InvoiceAmountPaid"
      IsPersistent="false"
      Type="oracle.jbo.domain.Number"
      ColumnType="NUMBER"
      AliasName="INVOICE_AMOUNT_PAID"
      Expression="INVOICE_AMOUNT_PAID"
      SQLType="NUMERIC" >
      <DesignTime>
         <Attr Name="_DisplaySize" Value="22" />
      </DesignTime>
   </ViewAttribute>
   <ViewAttribute
      Name="InvoiceAcctStatus"
      IsPersistent="false"
      Precision="4000"
      Type="java.lang.String"
      ColumnType="VARCHAR2"
      AliasName="INVOICE_ACCT_STATUS"
      Expression="INVOICE_ACCT_STATUS"
      SQLType="VARCHAR" >
      <DesignTime>
         <Attr Name="_DisplaySize" Value="4000" />
      </DesignTime>
   </ViewAttribute>
   <ViewAttribute
      Name="PaymentDate"
      IsPersistent="false"
      Type="oracle.jbo.domain.Date"
      ColumnType="DATE"
      AliasName="PAYMENT_DATE"
      Expression="PAYMENT_DATE"
      SQLType="DATE" >
      <DesignTime>
         <Attr Name="_DisplaySize" Value="7" />
      </DesignTime>
   </ViewAttribute>
   <ViewAttribute
      Name="CheckDate"
      IsPersistent="false"
      Type="oracle.jbo.domain.Date"
      ColumnType="DATE"
      AliasName="CHECK_DATE"
      Expression="CHECK_DATE"
      SQLType="DATE" >
      <DesignTime>
         <Attr Name="_DisplaySize" Value="7" />
      </DesignTime>
   </ViewAttribute>
</ViewObject>
