<?xml version='1.0' encoding='windows-1252' ?>
<!DOCTYPE ViewObject SYSTEM "jbo_03_01.dtd">

<ViewObject
   Name="CLMPaymentHdrEOVO"
   BindingStyle="OracleName"
   CustomQuery="true"
   RowClass="oracle.apps.sfc.clm.PaymentForm.server.CLMPaymentHdrEOVORowImpl"
   ComponentClass="oracle.apps.sfc.clm.PaymentForm.server.CLMPaymentHdrEOVOImpl"
   UseGlueCode="false" >
   <SQLQuery><![CDATA[
select
row_id						,
		band_widh_req_id			,	clm_id						,	po_hdr_id					,	po_number					,
		po_line_id					,	po_line_number				, 	from_location				, 	to_location					, 
		circuit_id					, 	po_uom						, 	po_tax						,	po_line_no					, 
		item_code					, 	supplier					, 	supplier_site				, 	item_id						, 
		vendor_id					, 	vendor_site_id				, 	vendor_no					, 	vendor_site_code			, 
		po_valid_from				, 	po_valid_to					, 	commissioned_date			, 	inv_period_from_date		, 
		inv_period_to_date			, 	capacity					, 	conversion_rate				, 	charge_account				, 
		po_amount					, 	amount_paid					, 	bal_amt						, 	invoice_type				, 
		adv_period					, 	adv_amount					, 	adv_currency				, 	adv_sup_invoice_no			, 
		adv_sup_invoice_date		, 	adv_verified				, 	adv_create_invoice			, 	adv_invoice_no				, 
		activity					, 	link_type					, 	surrendered_date			, 	pro_commissioned_date		, 
		remarks						, 	dist_code_combination_id	, 	attribute1					, 	attribute2					, 
		attribute3					, 	attribute4					, 	attribute5					, 	attribute6					, 
		attribute7					, 	attribute8					, 	attribute9					, 	attribute10					, 
		attribute11					, 	attribute12					, 	attribute13					, 	attribute14					, 
		attribute15					, 	creation_date				, 	created_by					, 	last_update_date			, 
		last_updated_by				, 	last_update_login			, 	adv_tax_percent				, 	from_loc_sno				, 
		to_loc_sno					, 	adv_remarks					, 	last_invoice_date			, 	final_status				, 
		clm_creation_date			, 	vendor_site_currency_code	, 	error_msg					, 	approved_date				, 
		distance					, 	save_flag					, 	band_widh_req_no			, 	qty							, 
		adv_status					, 	paid_date					, 	payment_details				, 	payment_status				, 
		payment_id					, 	ebs_po_number				, 	clm_payment_hdr_id			, 	clm_po_number
from xxsify_clm_payment_hdr_tab_v
   ]]></SQLQuery>
   <DesignTime>
      <Attr Name="_isCodegen" Value="true" />
      <Attr Name="_isExpertMode" Value="true" />
      <Attr Name="_version" Value="10.1.3.43.6" />
      <Attr Name="_codeGenFlag2" Value="Access|Coll|VarAccess" />
   </DesignTime>
   <EntityUsage
      Name="CLMPaymentHdrVO"
      Entity="oracle.apps.sfc.clm.PaymentForm.schema.server.CLMPaymentHdrVO" >
      <DesignTime>
         <Attr Name="_queryClause" Value="false" />
      </DesignTime>
   </EntityUsage>
   <ViewAttribute
      Name="RowID"
      IsUpdateable="false"
      EntityAttrName="RowID"
      EntityUsage="CLMPaymentHdrVO"
      AliasName="ROWID" >
   </ViewAttribute>
   <ViewAttribute
      Name="BandWidhReqId"
      EntityAttrName="BandWidhReqId"
      EntityUsage="CLMPaymentHdrVO"
      AliasName="BAND_WIDH_REQ_ID" >
   </ViewAttribute>
   <ViewAttribute
      Name="ClmId"
      EntityAttrName="ClmId"
      EntityUsage="CLMPaymentHdrVO"
      AliasName="CLM_ID" >
   </ViewAttribute>
   <ViewAttribute
      Name="PoHdrId"
      EntityAttrName="PoHdrId"
      EntityUsage="CLMPaymentHdrVO"
      AliasName="PO_HDR_ID" >
   </ViewAttribute>
   <ViewAttribute
      Name="PoNumber"
      EntityAttrName="PoNumber"
      EntityUsage="CLMPaymentHdrVO"
      AliasName="PO_NUMBER" >
   </ViewAttribute>
   <ViewAttribute
      Name="PoLineId"
      EntityAttrName="PoLineId"
      EntityUsage="CLMPaymentHdrVO"
      AliasName="PO_LINE_ID" >
   </ViewAttribute>
   <ViewAttribute
      Name="PoLineNumber"
      EntityAttrName="PoLineNumber"
      EntityUsage="CLMPaymentHdrVO"
      AliasName="PO_LINE_NUMBER" >
   </ViewAttribute>
   <ViewAttribute
      Name="FromLocation"
      EntityAttrName="FromLocation"
      EntityUsage="CLMPaymentHdrVO"
      AliasName="FROM_LOCATION" >
   </ViewAttribute>
   <ViewAttribute
      Name="ToLocation"
      EntityAttrName="ToLocation"
      EntityUsage="CLMPaymentHdrVO"
      AliasName="TO_LOCATION" >
   </ViewAttribute>
   <ViewAttribute
      Name="CircuitId"
      EntityAttrName="CircuitId"
      EntityUsage="CLMPaymentHdrVO"
      AliasName="CIRCUIT_ID" >
   </ViewAttribute>
   <ViewAttribute
      Name="PoUom"
      EntityAttrName="PoUom"
      EntityUsage="CLMPaymentHdrVO"
      AliasName="PO_UOM" >
   </ViewAttribute>
   <ViewAttribute
      Name="PoTax"
      EntityAttrName="PoTax"
      EntityUsage="CLMPaymentHdrVO"
      AliasName="PO_TAX" >
   </ViewAttribute>
   <ViewAttribute
      Name="PoLineNo"
      EntityAttrName="PoLineNo"
      EntityUsage="CLMPaymentHdrVO"
      AliasName="PO_LINE_NO" >
   </ViewAttribute>
   <ViewAttribute
      Name="ItemCode"
      EntityAttrName="ItemCode"
      EntityUsage="CLMPaymentHdrVO"
      AliasName="ITEM_CODE" >
   </ViewAttribute>
   <ViewAttribute
      Name="Supplier"
      EntityAttrName="Supplier"
      EntityUsage="CLMPaymentHdrVO"
      AliasName="SUPPLIER" >
   </ViewAttribute>
   <ViewAttribute
      Name="SupplierSite"
      EntityAttrName="SupplierSite"
      EntityUsage="CLMPaymentHdrVO"
      AliasName="SUPPLIER_SITE" >
   </ViewAttribute>
   <ViewAttribute
      Name="ItemId"
      EntityAttrName="ItemId"
      EntityUsage="CLMPaymentHdrVO"
      AliasName="ITEM_ID" >
   </ViewAttribute>
   <ViewAttribute
      Name="VendorId"
      EntityAttrName="VendorId"
      EntityUsage="CLMPaymentHdrVO"
      AliasName="VENDOR_ID" >
   </ViewAttribute>
   <ViewAttribute
      Name="VendorSiteId"
      EntityAttrName="VendorSiteId"
      EntityUsage="CLMPaymentHdrVO"
      AliasName="VENDOR_SITE_ID" >
   </ViewAttribute>
   <ViewAttribute
      Name="VendorNo"
      EntityAttrName="VendorNo"
      EntityUsage="CLMPaymentHdrVO"
      AliasName="VENDOR_NO" >
   </ViewAttribute>
   <ViewAttribute
      Name="VendorSiteCode"
      EntityAttrName="VendorSiteCode"
      EntityUsage="CLMPaymentHdrVO"
      AliasName="VENDOR_SITE_CODE" >
   </ViewAttribute>
   <ViewAttribute
      Name="PoValidFrom"
      EntityAttrName="PoValidFrom"
      EntityUsage="CLMPaymentHdrVO"
      AliasName="PO_VALID_FROM" >
   </ViewAttribute>
   <ViewAttribute
      Name="PoValidTo"
      EntityAttrName="PoValidTo"
      EntityUsage="CLMPaymentHdrVO"
      AliasName="PO_VALID_TO" >
   </ViewAttribute>
   <ViewAttribute
      Name="CommissionedDate"
      EntityAttrName="CommissionedDate"
      EntityUsage="CLMPaymentHdrVO"
      AliasName="COMMISSIONED_DATE" >
   </ViewAttribute>
   <ViewAttribute
      Name="InvPeriodFromDate"
      EntityAttrName="InvPeriodFromDate"
      EntityUsage="CLMPaymentHdrVO"
      AliasName="INV_PERIOD_FROM_DATE" >
   </ViewAttribute>
   <ViewAttribute
      Name="InvPeriodToDate"
      EntityAttrName="InvPeriodToDate"
      EntityUsage="CLMPaymentHdrVO"
      AliasName="INV_PERIOD_TO_DATE" >
   </ViewAttribute>
   <ViewAttribute
      Name="Capacity"
      EntityAttrName="Capacity"
      EntityUsage="CLMPaymentHdrVO"
      AliasName="CAPACITY" >
   </ViewAttribute>
   <ViewAttribute
      Name="ConversionRate"
      EntityAttrName="ConversionRate"
      EntityUsage="CLMPaymentHdrVO"
      AliasName="CONVERSION_RATE" >
   </ViewAttribute>
   <ViewAttribute
      Name="ChargeAccount"
      EntityAttrName="ChargeAccount"
      EntityUsage="CLMPaymentHdrVO"
      AliasName="CHARGE_ACCOUNT" >
   </ViewAttribute>
   <ViewAttribute
      Name="PoAmount"
      EntityAttrName="PoAmount"
      EntityUsage="CLMPaymentHdrVO"
      AliasName="PO_AMOUNT" >
   </ViewAttribute>
   <ViewAttribute
      Name="AmountPaid"
      EntityAttrName="AmountPaid"
      EntityUsage="CLMPaymentHdrVO"
      AliasName="AMOUNT_PAID" >
   </ViewAttribute>
   <ViewAttribute
      Name="BalAmt"
      EntityAttrName="BalAmt"
      EntityUsage="CLMPaymentHdrVO"
      AliasName="BAL_AMT" >
   </ViewAttribute>
   <ViewAttribute
      Name="InvoiceType"
      EntityAttrName="InvoiceType"
      EntityUsage="CLMPaymentHdrVO"
      AliasName="INVOICE_TYPE" >
   </ViewAttribute>
   <ViewAttribute
      Name="AdvPeriod"
      EntityAttrName="AdvPeriod"
      EntityUsage="CLMPaymentHdrVO"
      AliasName="ADV_PERIOD" >
   </ViewAttribute>
   <ViewAttribute
      Name="AdvAmount"
      EntityAttrName="AdvAmount"
      EntityUsage="CLMPaymentHdrVO"
      AliasName="ADV_AMOUNT" >
   </ViewAttribute>
   <ViewAttribute
      Name="AdvCurrency"
      EntityAttrName="AdvCurrency"
      EntityUsage="CLMPaymentHdrVO"
      AliasName="ADV_CURRENCY" >
   </ViewAttribute>
   <ViewAttribute
      Name="AdvSupInvoiceNo"
      EntityAttrName="AdvSupInvoiceNo"
      EntityUsage="CLMPaymentHdrVO"
      AliasName="ADV_SUP_INVOICE_NO" >
   </ViewAttribute>
   <ViewAttribute
      Name="AdvSupInvoiceDate"
      EntityAttrName="AdvSupInvoiceDate"
      EntityUsage="CLMPaymentHdrVO"
      AliasName="ADV_SUP_INVOICE_DATE" >
   </ViewAttribute>
   <ViewAttribute
      Name="AdvVerified"
      EntityAttrName="AdvVerified"
      EntityUsage="CLMPaymentHdrVO"
      AliasName="ADV_VERIFIED" >
   </ViewAttribute>
   <ViewAttribute
      Name="AdvCreateInvoice"
      EntityAttrName="AdvCreateInvoice"
      EntityUsage="CLMPaymentHdrVO"
      AliasName="ADV_CREATE_INVOICE" >
   </ViewAttribute>
   <ViewAttribute
      Name="AdvInvoiceNo"
      EntityAttrName="AdvInvoiceNo"
      EntityUsage="CLMPaymentHdrVO"
      AliasName="ADV_INVOICE_NO" >
   </ViewAttribute>
   <ViewAttribute
      Name="Activity"
      EntityAttrName="Activity"
      EntityUsage="CLMPaymentHdrVO"
      AliasName="ACTIVITY" >
   </ViewAttribute>
   <ViewAttribute
      Name="LinkType"
      EntityAttrName="LinkType"
      EntityUsage="CLMPaymentHdrVO"
      AliasName="LINK_TYPE" >
   </ViewAttribute>
   <ViewAttribute
      Name="SurrenderedDate"
      EntityAttrName="SurrenderedDate"
      EntityUsage="CLMPaymentHdrVO"
      AliasName="SURRENDERED_DATE" >
   </ViewAttribute>
   <ViewAttribute
      Name="ProCommissionedDate"
      EntityAttrName="ProCommissionedDate"
      EntityUsage="CLMPaymentHdrVO"
      AliasName="PRO_COMMISSIONED_DATE" >
   </ViewAttribute>
   <ViewAttribute
      Name="Remarks"
      EntityAttrName="Remarks"
      EntityUsage="CLMPaymentHdrVO"
      AliasName="REMARKS" >
   </ViewAttribute>
   <ViewAttribute
      Name="DistCodeCombinationId"
      EntityAttrName="DistCodeCombinationId"
      EntityUsage="CLMPaymentHdrVO"
      AliasName="DIST_CODE_COMBINATION_ID" >
   </ViewAttribute>
   <ViewAttribute
      Name="Attribute1"
      EntityAttrName="Attribute1"
      EntityUsage="CLMPaymentHdrVO"
      AliasName="ATTRIBUTE1" >
   </ViewAttribute>
   <ViewAttribute
      Name="Attribute2"
      EntityAttrName="Attribute2"
      EntityUsage="CLMPaymentHdrVO"
      AliasName="ATTRIBUTE2" >
   </ViewAttribute>
   <ViewAttribute
      Name="Attribute3"
      EntityAttrName="Attribute3"
      EntityUsage="CLMPaymentHdrVO"
      AliasName="ATTRIBUTE3" >
   </ViewAttribute>
   <ViewAttribute
      Name="Attribute4"
      EntityAttrName="Attribute4"
      EntityUsage="CLMPaymentHdrVO"
      AliasName="ATTRIBUTE4" >
   </ViewAttribute>
   <ViewAttribute
      Name="Attribute5"
      EntityAttrName="Attribute5"
      EntityUsage="CLMPaymentHdrVO"
      AliasName="ATTRIBUTE5" >
   </ViewAttribute>
   <ViewAttribute
      Name="Attribute6"
      EntityAttrName="Attribute6"
      EntityUsage="CLMPaymentHdrVO"
      AliasName="ATTRIBUTE6" >
   </ViewAttribute>
   <ViewAttribute
      Name="Attribute7"
      EntityAttrName="Attribute7"
      EntityUsage="CLMPaymentHdrVO"
      AliasName="ATTRIBUTE7" >
   </ViewAttribute>
   <ViewAttribute
      Name="Attribute8"
      EntityAttrName="Attribute8"
      EntityUsage="CLMPaymentHdrVO"
      AliasName="ATTRIBUTE8" >
   </ViewAttribute>
   <ViewAttribute
      Name="Attribute9"
      EntityAttrName="Attribute9"
      EntityUsage="CLMPaymentHdrVO"
      AliasName="ATTRIBUTE9" >
   </ViewAttribute>
   <ViewAttribute
      Name="Attribute10"
      EntityAttrName="Attribute10"
      EntityUsage="CLMPaymentHdrVO"
      AliasName="ATTRIBUTE10" >
   </ViewAttribute>
   <ViewAttribute
      Name="Attribute11"
      EntityAttrName="Attribute11"
      EntityUsage="CLMPaymentHdrVO"
      AliasName="ATTRIBUTE11" >
   </ViewAttribute>
   <ViewAttribute
      Name="Attribute12"
      EntityAttrName="Attribute12"
      EntityUsage="CLMPaymentHdrVO"
      AliasName="ATTRIBUTE12" >
   </ViewAttribute>
   <ViewAttribute
      Name="Attribute13"
      EntityAttrName="Attribute13"
      EntityUsage="CLMPaymentHdrVO"
      AliasName="ATTRIBUTE13" >
   </ViewAttribute>
   <ViewAttribute
      Name="Attribute14"
      EntityAttrName="Attribute14"
      EntityUsage="CLMPaymentHdrVO"
      AliasName="ATTRIBUTE14" >
   </ViewAttribute>
   <ViewAttribute
      Name="Attribute15"
      EntityAttrName="Attribute15"
      EntityUsage="CLMPaymentHdrVO"
      AliasName="ATTRIBUTE15" >
   </ViewAttribute>
   <ViewAttribute
      Name="CreationDate"
      EntityAttrName="CreationDate"
      EntityUsage="CLMPaymentHdrVO"
      AliasName="CREATION_DATE" >
   </ViewAttribute>
   <ViewAttribute
      Name="CreatedBy"
      EntityAttrName="CreatedBy"
      EntityUsage="CLMPaymentHdrVO"
      AliasName="CREATED_BY" >
   </ViewAttribute>
   <ViewAttribute
      Name="LastUpdateDate"
      EntityAttrName="LastUpdateDate"
      EntityUsage="CLMPaymentHdrVO"
      AliasName="LAST_UPDATE_DATE" >
   </ViewAttribute>
   <ViewAttribute
      Name="LastUpdatedBy"
      EntityAttrName="LastUpdatedBy"
      EntityUsage="CLMPaymentHdrVO"
      AliasName="LAST_UPDATED_BY" >
   </ViewAttribute>
   <ViewAttribute
      Name="LastUpdateLogin"
      EntityAttrName="LastUpdateLogin"
      EntityUsage="CLMPaymentHdrVO"
      AliasName="LAST_UPDATE_LOGIN" >
   </ViewAttribute>
   <ViewAttribute
      Name="AdvTaxPercent"
      EntityAttrName="AdvTaxPercent"
      EntityUsage="CLMPaymentHdrVO"
      AliasName="ADV_TAX_PERCENT" >
   </ViewAttribute>
   <ViewAttribute
      Name="FromLocSno"
      EntityAttrName="FromLocSno"
      EntityUsage="CLMPaymentHdrVO"
      AliasName="FROM_LOC_SNO" >
   </ViewAttribute>
   <ViewAttribute
      Name="ToLocSno"
      EntityAttrName="ToLocSno"
      EntityUsage="CLMPaymentHdrVO"
      AliasName="TO_LOC_SNO" >
   </ViewAttribute>
   <ViewAttribute
      Name="AdvRemarks"
      EntityAttrName="AdvRemarks"
      EntityUsage="CLMPaymentHdrVO"
      AliasName="ADV_REMARKS" >
   </ViewAttribute>
   <ViewAttribute
      Name="LastInvoiceDate"
      EntityAttrName="LastInvoiceDate"
      EntityUsage="CLMPaymentHdrVO"
      AliasName="LAST_INVOICE_DATE" >
   </ViewAttribute>
   <ViewAttribute
      Name="FinalStatus"
      EntityAttrName="FinalStatus"
      EntityUsage="CLMPaymentHdrVO"
      AliasName="FINAL_STATUS" >
   </ViewAttribute>
   <ViewAttribute
      Name="ClmCreationDate"
      EntityAttrName="ClmCreationDate"
      EntityUsage="CLMPaymentHdrVO"
      AliasName="CLM_CREATION_DATE" >
   </ViewAttribute>
   <ViewAttribute
      Name="VendorSiteCurrencyCode"
      EntityAttrName="VendorSiteCurrencyCode"
      EntityUsage="CLMPaymentHdrVO"
      AliasName="VENDOR_SITE_CURRENCY_CODE" >
   </ViewAttribute>
   <ViewAttribute
      Name="ErrorMsg"
      EntityAttrName="ErrorMsg"
      EntityUsage="CLMPaymentHdrVO"
      AliasName="ERROR_MSG" >
   </ViewAttribute>
   <ViewAttribute
      Name="ApprovedDate"
      EntityAttrName="ApprovedDate"
      EntityUsage="CLMPaymentHdrVO"
      AliasName="APPROVED_DATE" >
   </ViewAttribute>
   <ViewAttribute
      Name="Distance"
      EntityAttrName="Distance"
      EntityUsage="CLMPaymentHdrVO"
      AliasName="DISTANCE" >
   </ViewAttribute>
   <ViewAttribute
      Name="SaveFlag"
      EntityAttrName="SaveFlag"
      EntityUsage="CLMPaymentHdrVO"
      AliasName="SAVE_FLAG" >
   </ViewAttribute>
   <ViewAttribute
      Name="BandWidhReqNo"
      EntityAttrName="BandWidhReqNo"
      EntityUsage="CLMPaymentHdrVO"
      AliasName="BAND_WIDH_REQ_NO" >
   </ViewAttribute>
   <ViewAttribute
      Name="Qty"
      EntityAttrName="Qty"
      EntityUsage="CLMPaymentHdrVO"
      AliasName="QTY" >
   </ViewAttribute>
   <ViewAttribute
      Name="AdvStatus"
      EntityAttrName="AdvStatus"
      EntityUsage="CLMPaymentHdrVO"
      AliasName="ADV_STATUS" >
   </ViewAttribute>
   <ViewAttribute
      Name="PaidDate"
      EntityAttrName="PaidDate"
      EntityUsage="CLMPaymentHdrVO"
      AliasName="PAID_DATE" >
   </ViewAttribute>
   <ViewAttribute
      Name="PaymentDetails"
      EntityAttrName="PaymentDetails"
      EntityUsage="CLMPaymentHdrVO"
      AliasName="PAYMENT_DETAILS" >
   </ViewAttribute>
   <ViewAttribute
      Name="PaymentStatus"
      EntityAttrName="PaymentStatus"
      EntityUsage="CLMPaymentHdrVO"
      AliasName="PAYMENT_STATUS" >
   </ViewAttribute>
   <ViewAttribute
      Name="PaymentId"
      EntityAttrName="PaymentId"
      EntityUsage="CLMPaymentHdrVO"
      AliasName="PAYMENT_ID" >
   </ViewAttribute>
   <ViewAttribute
      Name="EbsPoNumber"
      EntityAttrName="EbsPoNumber"
      EntityUsage="CLMPaymentHdrVO"
      AliasName="EBS_PO_NUMBER" >
   </ViewAttribute>
   <ViewAttribute
      Name="ClmPaymentHdrId"
      EntityAttrName="ClmPaymentHdrId"
      EntityUsage="CLMPaymentHdrVO"
      AliasName="CLM_PAYMENT_HDR_ID" >
   </ViewAttribute>
   <ViewAttribute
      Name="ClmPoNumber"
      EntityAttrName="ClmPoNumber"
      EntityUsage="CLMPaymentHdrVO"
      AliasName="CLM_PO_NUMBER" >
   </ViewAttribute>
   <ViewAttribute
      Name="HdrSelectFlag"
      IsSelected="false"
      IsPersistent="false"
      Type="java.lang.String"
      ColumnType="VARCHAR2"
      AliasName="VIEW_ATTR"
      SQLType="VARCHAR" >
   </ViewAttribute>
</ViewObject>
