<?xml version='1.0' encoding='windows-1252' ?>
<!DOCTYPE ViewObject SYSTEM "jbo_03_01.dtd">

<ViewObject
   Name="LmsIdSearchVO"
   BindingStyle="OracleName"
   CustomQuery="true"
   RowClass="oracle.apps.sfc.clm.PaymentForm.server.LmsIdSearchVORowImpl"
   ComponentClass="oracle.apps.sfc.clm.PaymentForm.server.LmsIdSearchVOImpl"
   UseGlueCode="false" >
   <SQLQuery><![CDATA[
SELECT  COMPANY,
   BAND_WIDTH_REQ_ID,
   BAND_WIDH_REQ_NO,
   LMS_ID,
   BAND_WIDTH_REQ_TYPE,
   FROM_LOCATION,
   TO_LOCATION,
   UOM,
   CAPACITY,
   CURRENCY,
   LINK_STATUS,
   DISTANCE,
   COMMISSIONED_DATE,
   EBS_PO_NUM,
   ACTIVITY,
   SIFY_SHIP_TO,
   SIFY_BILL_TO,
   SIFY_SUPPLIER_NAME      
FROM XXSIFY_LMS_PAY_SEARCH_V
   ]]></SQLQuery>
   <DesignTime>
      <Attr Name="_isCodegen" Value="true" />
      <Attr Name="_isExpertMode" Value="true" />
      <Attr Name="_version" Value="10.1.3.43.6" />
      <Attr Name="_codeGenFlag2" Value="Access|Coll|VarAccess" />
   </DesignTime>
   <ViewAttribute
      Name="Company"
      IsPersistent="false"
      Precision="240"
      Type="java.lang.String"
      ColumnType="VARCHAR2"
      AliasName="COMPANY"
      Expression="COMPANY"
      SQLType="VARCHAR" >
      <DesignTime>
         <Attr Name="_DisplaySize" Value="240" />
      </DesignTime>
   </ViewAttribute>
   <ViewAttribute
      Name="BandWidthReqId"
      IsPersistent="false"
      Type="oracle.jbo.domain.Number"
      ColumnType="NUMBER"
      AliasName="BAND_WIDTH_REQ_ID"
      Expression="BAND_WIDTH_REQ_ID"
      SQLType="NUMERIC" >
      <DesignTime>
         <Attr Name="_DisplaySize" Value="22" />
      </DesignTime>
   </ViewAttribute>
   <ViewAttribute
      Name="BandWidhReqNo"
      IsPersistent="false"
      Type="oracle.jbo.domain.Number"
      ColumnType="NUMBER"
      AliasName="BAND_WIDH_REQ_NO"
      Expression="BAND_WIDH_REQ_NO"
      SQLType="NUMERIC" >
      <DesignTime>
         <Attr Name="_DisplaySize" Value="22" />
      </DesignTime>
   </ViewAttribute>
   <ViewAttribute
      Name="LmsId"
      IsPersistent="false"
      IsNotNull="true"
      Precision="240"
      Type="java.lang.String"
      ColumnType="VARCHAR2"
      AliasName="LMS_ID"
      Expression="LMS_ID"
      SQLType="VARCHAR" >
      <DesignTime>
         <Attr Name="_DisplaySize" Value="240" />
      </DesignTime>
   </ViewAttribute>
   <ViewAttribute
      Name="BandWidthReqType"
      IsPersistent="false"
      Precision="100"
      Type="java.lang.String"
      ColumnType="VARCHAR2"
      AliasName="BAND_WIDTH_REQ_TYPE"
      Expression="BAND_WIDTH_REQ_TYPE"
      SQLType="VARCHAR" >
      <DesignTime>
         <Attr Name="_DisplaySize" Value="100" />
      </DesignTime>
   </ViewAttribute>
   <ViewAttribute
      Name="FromLocation"
      IsPersistent="false"
      Precision="240"
      Type="java.lang.String"
      ColumnType="VARCHAR2"
      AliasName="FROM_LOCATION"
      Expression="FROM_LOCATION"
      SQLType="VARCHAR" >
      <DesignTime>
         <Attr Name="_DisplaySize" Value="240" />
      </DesignTime>
   </ViewAttribute>
   <ViewAttribute
      Name="ToLocation"
      IsPersistent="false"
      Precision="240"
      Type="java.lang.String"
      ColumnType="VARCHAR2"
      AliasName="TO_LOCATION"
      Expression="TO_LOCATION"
      SQLType="VARCHAR" >
      <DesignTime>
         <Attr Name="_DisplaySize" Value="240" />
      </DesignTime>
   </ViewAttribute>
   <ViewAttribute
      Name="Uom"
      IsPersistent="false"
      Precision="100"
      Type="java.lang.String"
      ColumnType="VARCHAR2"
      AliasName="UOM"
      Expression="UOM"
      SQLType="VARCHAR" >
      <DesignTime>
         <Attr Name="_DisplaySize" Value="100" />
      </DesignTime>
   </ViewAttribute>
   <ViewAttribute
      Name="Capacity"
      IsPersistent="false"
      Precision="100"
      Type="java.lang.String"
      ColumnType="VARCHAR2"
      AliasName="CAPACITY"
      Expression="CAPACITY"
      SQLType="VARCHAR" >
      <DesignTime>
         <Attr Name="_DisplaySize" Value="100" />
      </DesignTime>
   </ViewAttribute>
   <ViewAttribute
      Name="Currency"
      IsPersistent="false"
      Precision="100"
      Type="java.lang.String"
      ColumnType="VARCHAR2"
      AliasName="CURRENCY"
      Expression="CURRENCY"
      SQLType="VARCHAR" >
      <DesignTime>
         <Attr Name="_DisplaySize" Value="100" />
      </DesignTime>
   </ViewAttribute>
   <ViewAttribute
      Name="LinkStatus"
      IsPersistent="false"
      Precision="100"
      Type="java.lang.String"
      ColumnType="VARCHAR2"
      AliasName="LINK_STATUS"
      Expression="LINK_STATUS"
      SQLType="VARCHAR" >
      <DesignTime>
         <Attr Name="_DisplaySize" Value="100" />
      </DesignTime>
   </ViewAttribute>
   <ViewAttribute
      Name="Distance"
      IsPersistent="false"
      Precision="100"
      Type="java.lang.String"
      ColumnType="VARCHAR2"
      AliasName="DISTANCE"
      Expression="DISTANCE"
      SQLType="VARCHAR" >
      <DesignTime>
         <Attr Name="_DisplaySize" Value="100" />
      </DesignTime>
   </ViewAttribute>
   <ViewAttribute
      Name="SurrenderedDate"
      IsPersistent="false"
      Type="oracle.jbo.domain.Date"
      ColumnType="DATE"
      AliasName="SURRENDERED_DATE"
      SQLType="DATE" >
      <DesignTime>
         <Attr Name="_DisplaySize" Value="7" />
      </DesignTime>
   </ViewAttribute>
   <ViewAttribute
      Name="CommissionedDate"
      IsPersistent="false"
      Type="oracle.jbo.domain.Date"
      ColumnType="DATE"
      AliasName="COMMISSIONED_DATE"
      Expression="COMMISSIONED_DATE"
      SQLType="DATE" >
      <DesignTime>
         <Attr Name="_DisplaySize" Value="7" />
      </DesignTime>
   </ViewAttribute>
   <ViewAttribute
      Name="EbsPoNum"
      IsPersistent="false"
      Precision="100"
      Type="java.lang.String"
      ColumnType="VARCHAR2"
      AliasName="EBS_PO_NUM"
      Expression="EBS_PO_NUM"
      SQLType="VARCHAR" >
      <DesignTime>
         <Attr Name="_DisplaySize" Value="100" />
      </DesignTime>
   </ViewAttribute>
   <ViewAttribute
      Name="SelectFlag"
      IsSelected="false"
      IsPersistent="false"
      Type="java.lang.String"
      ColumnType="VARCHAR2"
      AliasName="VIEW_ATTR"
      SQLType="VARCHAR" >
   </ViewAttribute>
   <ViewAttribute
      Name="Activity"
      IsPersistent="false"
      Precision="50"
      Type="java.lang.String"
      ColumnType="VARCHAR2"
      AliasName="ACTIVITY"
      Expression="ACTIVITY"
      SQLType="VARCHAR" >
      <DesignTime>
         <Attr Name="_DisplaySize" Value="50" />
      </DesignTime>
   </ViewAttribute>
   <ViewAttribute
      Name="SifyShipTo"
      IsPersistent="false"
      Precision="240"
      Type="java.lang.String"
      ColumnType="VARCHAR2"
      AliasName="SIFY_SHIP_TO"
      Expression="SIFY_SHIP_TO"
      SQLType="VARCHAR" >
      <DesignTime>
         <Attr Name="_DisplaySize" Value="240" />
      </DesignTime>
   </ViewAttribute>
   <ViewAttribute
      Name="SifyBillTo"
      IsPersistent="false"
      Precision="240"
      Type="java.lang.String"
      ColumnType="VARCHAR2"
      AliasName="SIFY_BILL_TO"
      Expression="SIFY_BILL_TO"
      SQLType="VARCHAR" >
      <DesignTime>
         <Attr Name="_DisplaySize" Value="240" />
      </DesignTime>
   </ViewAttribute>
   <ViewAttribute
      Name="SifySupplierName"
      IsPersistent="false"
      Precision="240"
      Type="java.lang.String"
      ColumnType="VARCHAR2"
      AliasName="SIFY_SUPPLIER_NAME"
      Expression="SIFY_SUPPLIER_NAME"
      SQLType="VARCHAR" >
      <DesignTime>
         <Attr Name="_DisplaySize" Value="240" />
      </DesignTime>
   </ViewAttribute>
</ViewObject>
