<?xml version='1.0' encoding='windows-1252' ?>
<!DOCTYPE ViewObject SYSTEM "jbo_03_01.dtd">

<ViewObject
   Name="LmsIdLovVO"
   BindingStyle="OracleName"
   CustomQuery="true"
   RowClass="oracle.apps.fnd.framework.server.OAViewRowImpl"
   ComponentClass="oracle.apps.sfc.clm.PaymentForm.server.LmsIdLovVOImpl"
   UseGlueCode="false" >
   <SQLQuery><![CDATA[
select  distinct hdr.lms_id
from XXSIFY_LMS_PO_HDR_TAB hdr,
XXSIFY_LMS_PO_LINES_TAB lines,
XXSIFY_LMS_PO_LINE_ITEMS_TAB items
where hdr.LMS_PO_HDR_ID=lines.LMS_PO_HDR_ID
and lines.LMS_PO_LINE_ID=items.LMS_PO_LINE_ID
and items.ebs_po_num is not null
and items.ebs_po_status ='APPROVED'
and lines.commissioned_date is not null
order by hdr.lms_id desc
   ]]></SQLQuery>
   <DesignTime>
      <Attr Name="_isExpertMode" Value="true" />
      <Attr Name="_version" Value="10.1.3.43.6" />
      <Attr Name="_codeGenFlag2" Value="Access|Coll|VarAccess" />
   </DesignTime>
   <ViewAttribute
      Name="LmsId"
      IsPersistent="false"
      Precision="240"
      Type="java.lang.String"
      ColumnType="VARCHAR2"
      AliasName="LMS_ID"
      Expression="LMS_ID"
      SQLType="VARCHAR" >
      <DesignTime>
         <Attr Name="_DisplaySize" Value="240" />
      </DesignTime>
   </ViewAttribute>
</ViewObject>
