<?xml version='1.0' encoding='windows-1252' ?>
<!DOCTYPE ViewObject SYSTEM "jbo_03_01.dtd">

<ViewObject
   Name="ToLocationLovVO"
   BindingStyle="OracleName"
   CustomQuery="true"
   RowClass="oracle.apps.fnd.framework.server.OAViewRowImpl"
   ComponentClass="oracle.apps.sfc.clm.PaymentForm.server.ToLocationLovVOImpl"
   UseGlueCode="false" >
   <SQLQuery><![CDATA[
select * from XXSIFY_LMS_LOCATION_DETAILS
   ]]></SQLQuery>
   <DesignTime>
      <Attr Name="_isExpertMode" Value="true" />
      <Attr Name="_version" Value="10.1.3.43.6" />
      <Attr Name="_codeGenFlag2" Value="Access|Coll|VarAccess" />
   </DesignTime>
   <ViewAttribute
      Name="Location"
      IsPersistent="false"
      Precision="301"
      Type="java.lang.String"
      ColumnType="VARCHAR2"
      AliasName="LOCATION"
      Expression="LOCATION"
      SQLType="VARCHAR" >
      <DesignTime>
         <Attr Name="_DisplaySize" Value="301" />
      </DesignTime>
   </ViewAttribute>
   <ViewAttribute
      Name="Address"
      IsPersistent="false"
      Precision="3844"
      Type="java.lang.String"
      ColumnType="VARCHAR2"
      AliasName="ADDRESS"
      Expression="ADDRESS"
      SQLType="VARCHAR" >
      <DesignTime>
         <Attr Name="_DisplaySize" Value="3844" />
      </DesignTime>
   </ViewAttribute>
</ViewObject>
