<?xml version='1.0' encoding='windows-1252' ?>
<!DOCTYPE ViewObject SYSTEM "jbo_03_01.dtd">

<ViewObject
   Name="CLMCircuitTempDowloadVO"
   BindingStyle="OracleName"
   CustomQuery="true"
   RowClass="oracle.apps.sfc.clm.poform.server.CLMCircuitTempDowloadVORowImpl"
   ComponentClass="oracle.apps.sfc.clm.poform.server.CLMCircuitTempDowloadVOImpl"
   UseGlueCode="false" >
   <SQLQuery><![CDATA[
select * from xxsify_clm_invoice_template where file_id=2
   ]]></SQLQuery>
   <DesignTime>
      <Attr Name="_isCodegen" Value="true" />
      <Attr Name="_isExpertMode" Value="true" />
      <Attr Name="_version" Value="10.1.3.43.6" />
      <Attr Name="_codeGenFlag2" Value="Access|Coll|VarAccess" />
   </DesignTime>
   <ViewAttribute
      Name="FileId"
      IsPersistent="false"
      Type="oracle.jbo.domain.Number"
      ColumnType="NUMBER"
      AliasName="FILE_ID"
      Expression="FILE_ID"
      SQLType="NUMERIC" >
      <DesignTime>
         <Attr Name="_DisplaySize" Value="22" />
      </DesignTime>
   </ViewAttribute>
   <ViewAttribute
      Name="FileData"
      IsQueriable="false"
      IsPersistent="false"
      Type="oracle.jbo.domain.BlobDomain"
      ColumnType="BLOB"
      AliasName="FILE_DATA"
      Expression="FILE_DATA"
      SQLType="BLOB" >
   </ViewAttribute>
   <ViewAttribute
      Name="FileName"
      IsPersistent="false"
      Precision="100"
      Type="java.lang.String"
      ColumnType="VARCHAR2"
      AliasName="FILE_NAME"
      Expression="FILE_NAME"
      SQLType="VARCHAR" >
      <DesignTime>
         <Attr Name="_DisplaySize" Value="100" />
      </DesignTime>
   </ViewAttribute>
   <ViewAttribute
      Name="ContentType"
      IsPersistent="false"
      Precision="100"
      Type="java.lang.String"
      ColumnType="VARCHAR2"
      AliasName="CONTENT_TYPE"
      Expression="CONTENT_TYPE"
      SQLType="VARCHAR" >
      <DesignTime>
         <Attr Name="_DisplaySize" Value="100" />
      </DesignTime>
   </ViewAttribute>
</ViewObject>
