<?xml version='1.0' encoding='windows-1252' ?>
<!DOCTYPE ViewObject SYSTEM "jbo_03_01.dtd">

<ViewObject
   Name="CLMCapacityUtilEOVO"
   BindingStyle="OracleName"
   CustomQuery="true"
   RowClass="oracle.apps.sfc.clm.poform.server.CLMCapacityUtilEOVORowImpl"
   ComponentClass="oracle.apps.sfc.clm.poform.server.CLMCapacityUtilEOVOImpl"
   UseGlueCode="false" >
   <SQLQuery><![CDATA[
SELECT CLMCapacityUtilEO.BAND_WIDTH_REQ_ID, 
       CLMCapacityUtilEO.CLM_ID, 
       CLMCapacityUtilEO.CAPACITY, 
       CLMCapacityUtilEO.LINK_TYPE, 
       CLMCapacityUtilEO.JAN, 
       CLMCapacityUtilEO.FEB, 
       CLMCapacityUtilEO.MAR, 
       CLMCapacityUtilEO.APR, 
       CLMCapacityUtilEO.MAY, 
       CLMCapacityUtilEO.JUN, 
       CLMCapacityUtilEO.JUL, 
       CLMCapacityUtilEO.AUG, 
       CLMCapacityUtilEO.SEP, 
       CLMCapacityUtilEO.OCT, 
       CLMCapacityUtilEO.NOV, 
       CLMCapacityUtilEO.DEC, 
       CLMCapacityUtilEO.ATTRIBUTE1, 
       CLMCapacityUtilEO.ATTRIBUTE2, 
       CLMCapacityUtilEO.ATTRIBUTE3, 
       CLMCapacityUtilEO.CREATED_BY, 
       CLMCapacityUtilEO.LAST_UPDATE_LOGIN, 
       CLMCapacityUtilEO.LAST_UPDATED_BY, 
       CLMCapacityUtilEO.CREATION_DATE, 
       CLMCapacityUtilEO.LAST_UPDATE_DATE, 
       CLMCapacityUtilEO.ROWID
FROM XXSIFY_CLM_PO_CAP_UTIL_TAB CLMCapacityUtilEO
   ]]></SQLQuery>
   <DesignTime>
      <Attr Name="_isCodegen" Value="true" />
      <Attr Name="_isExpertMode" Value="true" />
      <Attr Name="_version" Value="10.1.3.43.6" />
      <Attr Name="_codeGenFlag2" Value="Access|Coll|VarAccess" />
   </DesignTime>
   <EntityUsage
      Name="CLMCapacityUtilEO"
      Entity="oracle.apps.sfc.clm.poform.schema.server.CLMCapacityUtilEO" >
      <DesignTime>
         <Attr Name="_queryClause" Value="false" />
      </DesignTime>
   </EntityUsage>
   <ViewAttribute
      Name="BandWidthReqId"
      EntityAttrName="BandWidthReqId"
      EntityUsage="CLMCapacityUtilEO"
      AliasName="BAND_WIDTH_REQ_ID" >
   </ViewAttribute>
   <ViewAttribute
      Name="ClmId"
      EntityAttrName="ClmId"
      EntityUsage="CLMCapacityUtilEO"
      AliasName="CLM_ID" >
   </ViewAttribute>
   <ViewAttribute
      Name="Capacity"
      EntityAttrName="Capacity"
      EntityUsage="CLMCapacityUtilEO"
      AliasName="CAPACITY" >
   </ViewAttribute>
   <ViewAttribute
      Name="LinkType"
      EntityAttrName="LinkType"
      EntityUsage="CLMCapacityUtilEO"
      AliasName="LINK_TYPE" >
   </ViewAttribute>
   <ViewAttribute
      Name="Jan"
      EntityAttrName="Jan"
      EntityUsage="CLMCapacityUtilEO"
      AliasName="JAN" >
   </ViewAttribute>
   <ViewAttribute
      Name="Feb"
      EntityAttrName="Feb"
      EntityUsage="CLMCapacityUtilEO"
      AliasName="FEB" >
   </ViewAttribute>
   <ViewAttribute
      Name="Mar"
      EntityAttrName="Mar"
      EntityUsage="CLMCapacityUtilEO"
      AliasName="MAR" >
   </ViewAttribute>
   <ViewAttribute
      Name="Apr"
      EntityAttrName="Apr"
      EntityUsage="CLMCapacityUtilEO"
      AliasName="APR" >
   </ViewAttribute>
   <ViewAttribute
      Name="May"
      EntityAttrName="May"
      EntityUsage="CLMCapacityUtilEO"
      AliasName="MAY" >
   </ViewAttribute>
   <ViewAttribute
      Name="Jun"
      EntityAttrName="Jun"
      EntityUsage="CLMCapacityUtilEO"
      AliasName="JUN" >
   </ViewAttribute>
   <ViewAttribute
      Name="Jul"
      EntityAttrName="Jul"
      EntityUsage="CLMCapacityUtilEO"
      AliasName="JUL" >
   </ViewAttribute>
   <ViewAttribute
      Name="Aug"
      EntityAttrName="Aug"
      EntityUsage="CLMCapacityUtilEO"
      AliasName="AUG" >
   </ViewAttribute>
   <ViewAttribute
      Name="Sep"
      EntityAttrName="Sep"
      EntityUsage="CLMCapacityUtilEO"
      AliasName="SEP" >
   </ViewAttribute>
   <ViewAttribute
      Name="Oct"
      EntityAttrName="Oct"
      EntityUsage="CLMCapacityUtilEO"
      AliasName="OCT" >
   </ViewAttribute>
   <ViewAttribute
      Name="Nov"
      EntityAttrName="Nov"
      EntityUsage="CLMCapacityUtilEO"
      AliasName="NOV" >
   </ViewAttribute>
   <ViewAttribute
      Name="Dec"
      EntityAttrName="Dec"
      EntityUsage="CLMCapacityUtilEO"
      AliasName="DEC" >
   </ViewAttribute>
   <ViewAttribute
      Name="Attribute1"
      EntityAttrName="Attribute1"
      EntityUsage="CLMCapacityUtilEO"
      AliasName="ATTRIBUTE1" >
   </ViewAttribute>
   <ViewAttribute
      Name="Attribute2"
      EntityAttrName="Attribute2"
      EntityUsage="CLMCapacityUtilEO"
      AliasName="ATTRIBUTE2" >
   </ViewAttribute>
   <ViewAttribute
      Name="Attribute3"
      EntityAttrName="Attribute3"
      EntityUsage="CLMCapacityUtilEO"
      AliasName="ATTRIBUTE3" >
   </ViewAttribute>
   <ViewAttribute
      Name="CreatedBy"
      EntityAttrName="CreatedBy"
      EntityUsage="CLMCapacityUtilEO"
      AliasName="CREATED_BY" >
   </ViewAttribute>
   <ViewAttribute
      Name="LastUpdateLogin"
      EntityAttrName="LastUpdateLogin"
      EntityUsage="CLMCapacityUtilEO"
      AliasName="LAST_UPDATE_LOGIN" >
   </ViewAttribute>
   <ViewAttribute
      Name="LastUpdatedBy"
      EntityAttrName="LastUpdatedBy"
      EntityUsage="CLMCapacityUtilEO"
      AliasName="LAST_UPDATED_BY" >
   </ViewAttribute>
   <ViewAttribute
      Name="CreationDate"
      EntityAttrName="CreationDate"
      EntityUsage="CLMCapacityUtilEO"
      AliasName="CREATION_DATE" >
   </ViewAttribute>
   <ViewAttribute
      Name="LastUpdateDate"
      EntityAttrName="LastUpdateDate"
      EntityUsage="CLMCapacityUtilEO"
      AliasName="LAST_UPDATE_DATE" >
   </ViewAttribute>
   <ViewAttribute
      Name="RowID"
      IsUpdateable="false"
      EntityAttrName="RowID"
      EntityUsage="CLMCapacityUtilEO"
      AliasName="ROWID" >
   </ViewAttribute>
</ViewObject>
