<?xml version='1.0' encoding='windows-1252' ?>
<!DOCTYPE ViewObject SYSTEM "jbo_03_01.dtd">

<ViewObject
   Name="CLMPoCircuitsTabEOVO"
   BindingStyle="OracleName"
   CustomQuery="true"
   RowClass="oracle.apps.sfc.clm.poform.server.CLMPoCircuitsTabEOVORowImpl"
   ComponentClass="oracle.apps.sfc.clm.poform.server.CLMPoCircuitsTabEOVOImpl"
   UseGlueCode="false" >
   <SQLQuery><![CDATA[
SELECT CLMPoCircuitesTabEO.BAND_WIDTH_REQ_ID, 
       CLMPoCircuitesTabEO.CLM_ID, 
       CLMPoCircuitesTabEO.CIRCUIT_ID, 
       CLMPoCircuitesTabEO.ATTRIBUTE1, 
       CLMPoCircuitesTabEO.ATTRIBUTE2, 
       CLMPoCircuitesTabEO.ATTRIBUTE3, 
       CLMPoCircuitesTabEO.CREATED_BY, 
       CLMPoCircuitesTabEO.LAST_UPDATE_LOGIN, 
       CLMPoCircuitesTabEO.LAST_UPDATED_BY, 
       CLMPoCircuitesTabEO.CREATION_DATE, 
       CLMPoCircuitesTabEO.LAST_UPDATE_DATE, 
       CLMPoCircuitesTabEO.ROWID
FROM XXSIFY_CLM_PO_CIRCUITS_TAB CLMPoCircuitesTabEO
   ]]></SQLQuery>
   <DesignTime>
      <Attr Name="_isCodegen" Value="true" />
      <Attr Name="_isExpertMode" Value="true" />
      <Attr Name="_version" Value="10.1.3.43.6" />
      <Attr Name="_codeGenFlag2" Value="Access|Coll|VarAccess" />
   </DesignTime>
   <EntityUsage
      Name="CLMPoCircuitesTabEO"
      Entity="oracle.apps.sfc.clm.poform.schema.server.CLMPoCircuitesTabEO" >
      <DesignTime>
         <Attr Name="_queryClause" Value="false" />
      </DesignTime>
   </EntityUsage>
   <ViewAttribute
      Name="BandWidthReqId"
      EntityAttrName="BandWidthReqId"
      EntityUsage="CLMPoCircuitesTabEO"
      AliasName="BAND_WIDTH_REQ_ID" >
   </ViewAttribute>
   <ViewAttribute
      Name="ClmId"
      EntityAttrName="ClmId"
      EntityUsage="CLMPoCircuitesTabEO"
      AliasName="CLM_ID" >
   </ViewAttribute>
   <ViewAttribute
      Name="CircuitId"
      EntityAttrName="CircuitId"
      EntityUsage="CLMPoCircuitesTabEO"
      AliasName="CIRCUIT_ID" >
   </ViewAttribute>
   <ViewAttribute
      Name="Attribute1"
      EntityAttrName="Attribute1"
      EntityUsage="CLMPoCircuitesTabEO"
      AliasName="ATTRIBUTE1" >
   </ViewAttribute>
   <ViewAttribute
      Name="Attribute2"
      EntityAttrName="Attribute2"
      EntityUsage="CLMPoCircuitesTabEO"
      AliasName="ATTRIBUTE2" >
   </ViewAttribute>
   <ViewAttribute
      Name="Attribute3"
      EntityAttrName="Attribute3"
      EntityUsage="CLMPoCircuitesTabEO"
      AliasName="ATTRIBUTE3" >
   </ViewAttribute>
   <ViewAttribute
      Name="CreatedBy"
      EntityAttrName="CreatedBy"
      EntityUsage="CLMPoCircuitesTabEO"
      AliasName="CREATED_BY" >
   </ViewAttribute>
   <ViewAttribute
      Name="LastUpdateLogin"
      EntityAttrName="LastUpdateLogin"
      EntityUsage="CLMPoCircuitesTabEO"
      AliasName="LAST_UPDATE_LOGIN" >
   </ViewAttribute>
   <ViewAttribute
      Name="LastUpdatedBy"
      EntityAttrName="LastUpdatedBy"
      EntityUsage="CLMPoCircuitesTabEO"
      AliasName="LAST_UPDATED_BY" >
   </ViewAttribute>
   <ViewAttribute
      Name="CreationDate"
      EntityAttrName="CreationDate"
      EntityUsage="CLMPoCircuitesTabEO"
      AliasName="CREATION_DATE" >
   </ViewAttribute>
   <ViewAttribute
      Name="LastUpdateDate"
      EntityAttrName="LastUpdateDate"
      EntityUsage="CLMPoCircuitesTabEO"
      AliasName="LAST_UPDATE_DATE" >
   </ViewAttribute>
   <ViewAttribute
      Name="RowID"
      IsUpdateable="false"
      EntityAttrName="RowID"
      EntityUsage="CLMPoCircuitesTabEO"
      AliasName="ROWID" >
   </ViewAttribute>
</ViewObject>
