<?xml version='1.0' encoding='windows-1252' ?>
<!DOCTYPE ViewObject SYSTEM "jbo_03_01.dtd">

<ViewObject
   Name="CLMPoHdrTabVO"
   BindingStyle="OracleName"
   CustomQuery="true"
   RowClass="oracle.apps.sfc.clm.poform.server.CLMPoHdrTabVORowImpl"
   ComponentClass="oracle.apps.sfc.clm.poform.server.CLMPoHdrTabVOImpl"
   UseGlueCode="false" >
   <SQLQuery><![CDATA[
SELECT CLMPoHeaderTabEO.CLM_PO_HDR_ID, 
       CLMPoHeaderTabEO.COMPANY, 
       CLMPoHeaderTabEO.BAND_WIDTH_REQ_ID, 
       CLMPoHeaderTabEO.BAND_WIDTH_REQ_TYPE, 
       CLMPoHeaderTabEO.SUPPLIER_NAME, 
       CLMPoHeaderTabEO.FROM_LOCATION, 
       CLMPoHeaderTabEO.FROM_ADDRESS, 
       CLMPoHeaderTabEO.UOM, 
       CLMPoHeaderTabEO.CLM_ID_CREATION_DATE, 
       CLMPoHeaderTabEO.TO_LOCATION, 
       CLMPoHeaderTabEO.TO_ADDRESS, 
       CLMPoHeaderTabEO.CAPACITY, 
       CLMPoHeaderTabEO.INTERFACE_TYPE, 
       CLMPoHeaderTabEO.LOCKING_PERIOD_UOM, 
       CLMPoHeaderTabEO.LOCKING_PERIOD, 
       CLMPoHeaderTabEO.PO_ORDER_TYPE, 
       CLMPoHeaderTabEO.PO_CLASSIFICATION, 
       CLMPoHeaderTabEO.PAYMENT_UOM, 
       CLMPoHeaderTabEO.CURRENCY, 
       CLMPoHeaderTabEO.BRUSTABLE_CHRGS, 
       CLMPoHeaderTabEO.LINK_STATUS, 
       CLMPoHeaderTabEO.PAYMENT_TERMS, 
       CLMPoHeaderTabEO.BW_CURRENCY, 
       CLMPoHeaderTabEO.CONVERSION_RATE_TYPE, 
       CLMPoHeaderTabEO.RATE_TYPE, 
       CLMPoHeaderTabEO.BU, 
       CLMPoHeaderTabEO.COST_CENTER, 
       CLMPoHeaderTabEO.SURRENDERED_DATE, 
       CLMPoHeaderTabEO.DISTANCE, 
       CLMPoHeaderTabEO.REMARKS, 
       CLMPoHeaderTabEO.CROSS_CONNECT_INFO, 
       CLMPoHeaderTabEO.ATTRIBUTE1, 
       CLMPoHeaderTabEO.ATTRIBUTE2, 
       CLMPoHeaderTabEO.ATTRIBUTE3, 
       CLMPoHeaderTabEO.ATTRIBUTE4, 
       CLMPoHeaderTabEO.ATTRIBUTE5, 
       CLMPoHeaderTabEO.ATTRIBUTE6, 
       CLMPoHeaderTabEO.ATTRIBUTE7, 
       CLMPoHeaderTabEO.ATTRIBUTE8, 
       CLMPoHeaderTabEO.ATTRIBUTE9, 
       CLMPoHeaderTabEO.ATTRIBUTE10, 
       CLMPoHeaderTabEO.ATTRIBUTE11, 
       CLMPoHeaderTabEO.ATTRIBUTE12, 
       CLMPoHeaderTabEO.ATTRIBUTE13, 
       CLMPoHeaderTabEO.ATTRIBUTE14, 
       CLMPoHeaderTabEO.ATTRIBUTE15, 
       CLMPoHeaderTabEO.CREATION_DATE, 
       CLMPoHeaderTabEO.CREATED_BY, 
       CLMPoHeaderTabEO.LAST_UPDATE_DATE, 
       CLMPoHeaderTabEO.LAST_UPDATED_BY, 
       CLMPoHeaderTabEO.LAST_UPDATE_LOGIN, 
       CLMPoHeaderTabEO.OAF_CLM_PO_HDR_ID, 
       CLMPoHeaderTabEO.BAND_WIDH_REQ_NO, 
       CLMPoHeaderTabEO.BAND_WIDTH_REQ_DATE, 
       CLMPoHeaderTabEO.ACTIVITY, 
       CLMPoHeaderTabEO.CIRCUIT_ID, 
       CLMPoHeaderTabEO.COMMISSIONED_DATE, 
       CLMPoHeaderTabEO.CANCEL_FLAG, 
       CLMPoHeaderTabEO.CANCEL_REASON, 
       CLMPoHeaderTabEO.TOTAL_DISTANCE, 
       CLMPoHeaderTabEO.PO_END_DATE, 
       CLMPoHeaderTabEO.PAYMENT_END_DATE, 
       CLMPoHeaderTabEO.CLM_ID, 
       CLMPoHeaderTabEO.ROWID
FROM XXSIFY_CLM_PO_HDR_TAB CLMPoHeaderTabEO
   ]]></SQLQuery>
   <DesignTime>
      <Attr Name="_isCodegen" Value="true" />
      <Attr Name="_isExpertMode" Value="true" />
      <Attr Name="_version" Value="10.1.3.43.6" />
      <Attr Name="_codeGenFlag2" Value="Access|Coll|VarAccess" />
   </DesignTime>
   <EntityUsage
      Name="CLMPoHeaderTabEO"
      Entity="oracle.apps.sfc.clm.poform.schema.server.CLMPoHeaderTabEO" >
      <DesignTime>
         <Attr Name="_queryClause" Value="false" />
      </DesignTime>
   </EntityUsage>
   <ViewAttribute
      Name="ClmPoHdrId"
      EntityAttrName="ClmPoHdrId"
      EntityUsage="CLMPoHeaderTabEO"
      AliasName="CLM_PO_HDR_ID" >
   </ViewAttribute>
   <ViewAttribute
      Name="Company"
      EntityAttrName="Company"
      EntityUsage="CLMPoHeaderTabEO"
      AliasName="COMPANY" >
   </ViewAttribute>
   <ViewAttribute
      Name="BandWidthReqId"
      EntityAttrName="BandWidthReqId"
      EntityUsage="CLMPoHeaderTabEO"
      AliasName="BAND_WIDTH_REQ_ID" >
   </ViewAttribute>
   <ViewAttribute
      Name="BandWidthReqType"
      EntityAttrName="BandWidthReqType"
      EntityUsage="CLMPoHeaderTabEO"
      AliasName="BAND_WIDTH_REQ_TYPE" >
   </ViewAttribute>
   <ViewAttribute
      Name="SupplierName"
      EntityAttrName="SupplierName"
      EntityUsage="CLMPoHeaderTabEO"
      AliasName="SUPPLIER_NAME" >
   </ViewAttribute>
   <ViewAttribute
      Name="FromLocation"
      EntityAttrName="FromLocation"
      EntityUsage="CLMPoHeaderTabEO"
      AliasName="FROM_LOCATION" >
   </ViewAttribute>
   <ViewAttribute
      Name="FromAddress"
      EntityAttrName="FromAddress"
      EntityUsage="CLMPoHeaderTabEO"
      AliasName="FROM_ADDRESS" >
   </ViewAttribute>
   <ViewAttribute
      Name="Uom"
      EntityAttrName="Uom"
      EntityUsage="CLMPoHeaderTabEO"
      AliasName="UOM" >
   </ViewAttribute>
   <ViewAttribute
      Name="ClmIdCreationDate"
      EntityAttrName="ClmIdCreationDate"
      EntityUsage="CLMPoHeaderTabEO"
      AliasName="CLM_ID_CREATION_DATE" >
   </ViewAttribute>
   <ViewAttribute
      Name="ToLocation"
      EntityAttrName="ToLocation"
      EntityUsage="CLMPoHeaderTabEO"
      AliasName="TO_LOCATION" >
   </ViewAttribute>
   <ViewAttribute
      Name="ToAddress"
      EntityAttrName="ToAddress"
      EntityUsage="CLMPoHeaderTabEO"
      AliasName="TO_ADDRESS" >
   </ViewAttribute>
   <ViewAttribute
      Name="Capacity"
      EntityAttrName="Capacity"
      EntityUsage="CLMPoHeaderTabEO"
      AliasName="CAPACITY" >
   </ViewAttribute>
   <ViewAttribute
      Name="InterfaceType"
      EntityAttrName="InterfaceType"
      EntityUsage="CLMPoHeaderTabEO"
      AliasName="INTERFACE_TYPE" >
   </ViewAttribute>
   <ViewAttribute
      Name="LockingPeriodUom"
      EntityAttrName="LockingPeriodUom"
      EntityUsage="CLMPoHeaderTabEO"
      AliasName="LOCKING_PERIOD_UOM" >
   </ViewAttribute>
   <ViewAttribute
      Name="LockingPeriod"
      EntityAttrName="LockingPeriod"
      EntityUsage="CLMPoHeaderTabEO"
      AliasName="LOCKING_PERIOD" >
   </ViewAttribute>
   <ViewAttribute
      Name="PoOrderType"
      EntityAttrName="PoOrderType"
      EntityUsage="CLMPoHeaderTabEO"
      AliasName="PO_ORDER_TYPE" >
   </ViewAttribute>
   <ViewAttribute
      Name="PoClassification"
      EntityAttrName="PoClassification"
      EntityUsage="CLMPoHeaderTabEO"
      AliasName="PO_CLASSIFICATION" >
   </ViewAttribute>
   <ViewAttribute
      Name="PaymentUom"
      EntityAttrName="PaymentUom"
      EntityUsage="CLMPoHeaderTabEO"
      AliasName="PAYMENT_UOM" >
   </ViewAttribute>
   <ViewAttribute
      Name="Currency"
      EntityAttrName="Currency"
      EntityUsage="CLMPoHeaderTabEO"
      AliasName="CURRENCY" >
   </ViewAttribute>
   <ViewAttribute
      Name="BrustableChrgs"
      EntityAttrName="BrustableChrgs"
      EntityUsage="CLMPoHeaderTabEO"
      AliasName="BRUSTABLE_CHRGS" >
   </ViewAttribute>
   <ViewAttribute
      Name="LinkStatus"
      EntityAttrName="LinkStatus"
      EntityUsage="CLMPoHeaderTabEO"
      AliasName="LINK_STATUS" >
   </ViewAttribute>
   <ViewAttribute
      Name="PaymentTerms"
      EntityAttrName="PaymentTerms"
      EntityUsage="CLMPoHeaderTabEO"
      AliasName="PAYMENT_TERMS" >
   </ViewAttribute>
   <ViewAttribute
      Name="BwCurrency"
      EntityAttrName="BwCurrency"
      EntityUsage="CLMPoHeaderTabEO"
      AliasName="BW_CURRENCY" >
   </ViewAttribute>
   <ViewAttribute
      Name="ConversionRateType"
      EntityAttrName="ConversionRateType"
      EntityUsage="CLMPoHeaderTabEO"
      AliasName="CONVERSION_RATE_TYPE" >
   </ViewAttribute>
   <ViewAttribute
      Name="RateType"
      EntityAttrName="RateType"
      EntityUsage="CLMPoHeaderTabEO"
      AliasName="RATE_TYPE" >
   </ViewAttribute>
   <ViewAttribute
      Name="Bu"
      EntityAttrName="Bu"
      EntityUsage="CLMPoHeaderTabEO"
      AliasName="BU" >
   </ViewAttribute>
   <ViewAttribute
      Name="CostCenter"
      EntityAttrName="CostCenter"
      EntityUsage="CLMPoHeaderTabEO"
      AliasName="COST_CENTER" >
   </ViewAttribute>
   <ViewAttribute
      Name="SurrenderedDate"
      EntityAttrName="SurrenderedDate"
      EntityUsage="CLMPoHeaderTabEO"
      AliasName="SURRENDERED_DATE" >
   </ViewAttribute>
   <ViewAttribute
      Name="Distance"
      EntityAttrName="Distance"
      EntityUsage="CLMPoHeaderTabEO"
      AliasName="DISTANCE" >
   </ViewAttribute>
   <ViewAttribute
      Name="Remarks"
      EntityAttrName="Remarks"
      EntityUsage="CLMPoHeaderTabEO"
      AliasName="REMARKS" >
   </ViewAttribute>
   <ViewAttribute
      Name="CrossConnectInfo"
      EntityAttrName="CrossConnectInfo"
      EntityUsage="CLMPoHeaderTabEO"
      AliasName="CROSS_CONNECT_INFO" >
   </ViewAttribute>
   <ViewAttribute
      Name="Attribute1"
      EntityAttrName="Attribute1"
      EntityUsage="CLMPoHeaderTabEO"
      AliasName="ATTRIBUTE1" >
   </ViewAttribute>
   <ViewAttribute
      Name="Attribute2"
      EntityAttrName="Attribute2"
      EntityUsage="CLMPoHeaderTabEO"
      AliasName="ATTRIBUTE2" >
   </ViewAttribute>
   <ViewAttribute
      Name="Attribute3"
      EntityAttrName="Attribute3"
      EntityUsage="CLMPoHeaderTabEO"
      AliasName="ATTRIBUTE3" >
   </ViewAttribute>
   <ViewAttribute
      Name="Attribute4"
      EntityAttrName="Attribute4"
      EntityUsage="CLMPoHeaderTabEO"
      AliasName="ATTRIBUTE4" >
   </ViewAttribute>
   <ViewAttribute
      Name="Attribute5"
      EntityAttrName="Attribute5"
      EntityUsage="CLMPoHeaderTabEO"
      AliasName="ATTRIBUTE5" >
   </ViewAttribute>
   <ViewAttribute
      Name="Attribute6"
      EntityAttrName="Attribute6"
      EntityUsage="CLMPoHeaderTabEO"
      AliasName="ATTRIBUTE6" >
   </ViewAttribute>
   <ViewAttribute
      Name="Attribute7"
      EntityAttrName="Attribute7"
      EntityUsage="CLMPoHeaderTabEO"
      AliasName="ATTRIBUTE7" >
   </ViewAttribute>
   <ViewAttribute
      Name="Attribute8"
      EntityAttrName="Attribute8"
      EntityUsage="CLMPoHeaderTabEO"
      AliasName="ATTRIBUTE8" >
   </ViewAttribute>
   <ViewAttribute
      Name="Attribute9"
      EntityAttrName="Attribute9"
      EntityUsage="CLMPoHeaderTabEO"
      AliasName="ATTRIBUTE9" >
   </ViewAttribute>
   <ViewAttribute
      Name="Attribute10"
      EntityAttrName="Attribute10"
      EntityUsage="CLMPoHeaderTabEO"
      AliasName="ATTRIBUTE10" >
   </ViewAttribute>
   <ViewAttribute
      Name="Attribute11"
      EntityAttrName="Attribute11"
      EntityUsage="CLMPoHeaderTabEO"
      AliasName="ATTRIBUTE11" >
   </ViewAttribute>
   <ViewAttribute
      Name="Attribute12"
      EntityAttrName="Attribute12"
      EntityUsage="CLMPoHeaderTabEO"
      AliasName="ATTRIBUTE12" >
   </ViewAttribute>
   <ViewAttribute
      Name="Attribute13"
      EntityAttrName="Attribute13"
      EntityUsage="CLMPoHeaderTabEO"
      AliasName="ATTRIBUTE13" >
   </ViewAttribute>
   <ViewAttribute
      Name="Attribute14"
      EntityAttrName="Attribute14"
      EntityUsage="CLMPoHeaderTabEO"
      AliasName="ATTRIBUTE14" >
   </ViewAttribute>
   <ViewAttribute
      Name="Attribute15"
      EntityAttrName="Attribute15"
      EntityUsage="CLMPoHeaderTabEO"
      AliasName="ATTRIBUTE15" >
   </ViewAttribute>
   <ViewAttribute
      Name="CreationDate"
      EntityAttrName="CreationDate"
      EntityUsage="CLMPoHeaderTabEO"
      AliasName="CREATION_DATE" >
   </ViewAttribute>
   <ViewAttribute
      Name="CreatedBy"
      EntityAttrName="CreatedBy"
      EntityUsage="CLMPoHeaderTabEO"
      AliasName="CREATED_BY" >
   </ViewAttribute>
   <ViewAttribute
      Name="LastUpdateDate"
      EntityAttrName="LastUpdateDate"
      EntityUsage="CLMPoHeaderTabEO"
      AliasName="LAST_UPDATE_DATE" >
   </ViewAttribute>
   <ViewAttribute
      Name="LastUpdatedBy"
      EntityAttrName="LastUpdatedBy"
      EntityUsage="CLMPoHeaderTabEO"
      AliasName="LAST_UPDATED_BY" >
   </ViewAttribute>
   <ViewAttribute
      Name="LastUpdateLogin"
      EntityAttrName="LastUpdateLogin"
      EntityUsage="CLMPoHeaderTabEO"
      AliasName="LAST_UPDATE_LOGIN" >
   </ViewAttribute>
   <ViewAttribute
      Name="OafClmPoHdrId"
      EntityAttrName="OafClmPoHdrId"
      EntityUsage="CLMPoHeaderTabEO"
      AliasName="OAF_CLM_PO_HDR_ID" >
   </ViewAttribute>
   <ViewAttribute
      Name="BandWidhReqNo"
      EntityAttrName="BandWidhReqNo"
      EntityUsage="CLMPoHeaderTabEO"
      AliasName="BAND_WIDH_REQ_NO" >
   </ViewAttribute>
   <ViewAttribute
      Name="BandWidthReqDate"
      EntityAttrName="BandWidthReqDate"
      EntityUsage="CLMPoHeaderTabEO"
      AliasName="BAND_WIDTH_REQ_DATE" >
   </ViewAttribute>
   <ViewAttribute
      Name="Activity"
      EntityAttrName="Activity"
      EntityUsage="CLMPoHeaderTabEO"
      AliasName="ACTIVITY" >
   </ViewAttribute>
   <ViewAttribute
      Name="CircuitId"
      EntityAttrName="CircuitId"
      EntityUsage="CLMPoHeaderTabEO"
      AliasName="CIRCUIT_ID" >
   </ViewAttribute>
   <ViewAttribute
      Name="CommissionedDate"
      EntityAttrName="CommissionedDate"
      EntityUsage="CLMPoHeaderTabEO"
      AliasName="COMMISSIONED_DATE" >
   </ViewAttribute>
   <ViewAttribute
      Name="CancelFlag"
      EntityAttrName="CancelFlag"
      EntityUsage="CLMPoHeaderTabEO"
      AliasName="CANCEL_FLAG" >
   </ViewAttribute>
   <ViewAttribute
      Name="CancelReason"
      EntityAttrName="CancelReason"
      EntityUsage="CLMPoHeaderTabEO"
      AliasName="CANCEL_REASON" >
   </ViewAttribute>
   <ViewAttribute
      Name="TotalDistance"
      EntityAttrName="TotalDistance"
      EntityUsage="CLMPoHeaderTabEO"
      AliasName="TOTAL_DISTANCE" >
   </ViewAttribute>
   <ViewAttribute
      Name="PoEndDate"
      EntityAttrName="PoEndDate"
      EntityUsage="CLMPoHeaderTabEO"
      AliasName="PO_END_DATE" >
   </ViewAttribute>
   <ViewAttribute
      Name="PaymentEndDate"
      EntityAttrName="PaymentEndDate"
      EntityUsage="CLMPoHeaderTabEO"
      AliasName="PAYMENT_END_DATE" >
   </ViewAttribute>
   <ViewAttribute
      Name="ClmId"
      EntityAttrName="ClmId"
      EntityUsage="CLMPoHeaderTabEO"
      AliasName="CLM_ID" >
   </ViewAttribute>
   <ViewAttribute
      Name="RowID"
      IsUpdateable="false"
      EntityAttrName="RowID"
      EntityUsage="CLMPoHeaderTabEO"
      AliasName="ROWID" >
   </ViewAttribute>
   <ViewAttribute
      Name="DisableButtonsFlag"
      IsSelected="false"
      IsPersistent="false"
      Type="java.lang.Boolean"
      ColumnType="NUMBER"
      AliasName="VIEW_ATTR"
      SQLType="BIT" >
   </ViewAttribute>
   <ViewAttribute
      Name="HdrDisableSurrenderDate"
      IsSelected="false"
      IsPersistent="false"
      Type="java.lang.Boolean"
      ColumnType="NUMBER"
      AliasName="VIEW_ATTR"
      SQLType="BIT" >
   </ViewAttribute>
   <ViewAttribute
      Name="DisbleHdrFields"
      IsSelected="false"
      IsPersistent="false"
      Type="java.lang.Boolean"
      ColumnType="NUMBER"
      AliasName="VIEW_ATTR"
      SQLType="BIT" >
   </ViewAttribute>
   <ViewAttribute
      Name="DisableLineFields"
      IsSelected="false"
      IsPersistent="false"
      Type="java.lang.Boolean"
      ColumnType="NUMBER"
      AliasName="VIEW_ATTR"
      SQLType="BIT" >
   </ViewAttribute>
   <ViewAttribute
      Name="DisableItemFields"
      IsSelected="false"
      IsPersistent="false"
      Type="java.lang.Boolean"
      ColumnType="NUMBER"
      AliasName="VIEW_ATTR"
      SQLType="BIT" >
   </ViewAttribute>
   <ViewAttribute
      Name="DisableConvRateType"
      IsSelected="false"
      IsPersistent="false"
      Type="java.lang.Boolean"
      ColumnType="NUMBER"
      AliasName="VIEW_ATTR"
      SQLType="BIT" >
   </ViewAttribute>
   <ViewAttribute
      Name="DisableSaveButtonFlag"
      IsSelected="false"
      IsPersistent="false"
      Type="java.lang.Boolean"
      ColumnType="NUMBER"
      AliasName="VIEW_ATTR"
      Passivate="true"
      SQLType="BIT" >
   </ViewAttribute>
   <ViewAttribute
      Name="RenderShiftingFields"
      IsSelected="false"
      IsPersistent="false"
      Type="java.lang.Boolean"
      ColumnType="NUMBER"
      AliasName="VIEW_ATTR"
      SQLType="BIT" >
   </ViewAttribute>
   <ViewAttribute
      Name="Attribute16"
      IsSelected="false"
      IsPersistent="false"
      Type="java.lang.String"
      ColumnType="VARCHAR2"
      AliasName="VIEW_ATTR"
      SQLType="VARCHAR" >
   </ViewAttribute>
</ViewObject>
