<?xml version='1.0' encoding='windows-1252' ?>
<!DOCTYPE ViewObject SYSTEM "jbo_03_01.dtd">

<ViewObject
   Name="CLMPoLineItemsTabVO"
   BindingStyle="OracleName"
   CustomQuery="true"
   RowClass="oracle.apps.sfc.clm.poform.server.CLMPoLineItemsTabVORowImpl"
   ComponentClass="oracle.apps.sfc.clm.poform.server.CLMPoLineItemsTabVOImpl"
   UseGlueCode="false" >
   <SQLQuery><![CDATA[
SELECT CLMPoLineItemsTabEO.CLM_PO_LINE_ITEMS_DET_ID, 
       CLMPoLineItemsTabEO.CLM_PO_HDR_ID, 
       CLMPoLineItemsTabEO.CLM_PO_LINE_ID, 
       CLMPoLineItemsTabEO.CLM_ID, 
       CLMPoLineItemsTabEO.BAND_WIDTH_REQ_ID, 
       CLMPoLineItemsTabEO.CLM_PO_LINE_NO, 
       CLMPoLineItemsTabEO.ITEM_CODE, 
       CLMPoLineItemsTabEO.ITEM_DESC, 
       CLMPoLineItemsTabEO.ITEM_TYPE, 
       CLMPoLineItemsTabEO.UOM, 
       CLMPoLineItemsTabEO.QTY, 
       CLMPoLineItemsTabEO.RATE, 
       CLMPoLineItemsTabEO.TAX_CATEGORY, 
       CLMPoLineItemsTabEO.NEED_BY_DATE, 
       CLMPoLineItemsTabEO.PROMISED_DATE, 
       CLMPoLineItemsTabEO.COMMENTS, 
       CLMPoLineItemsTabEO.EBS_PO_NUM, 
       CLMPoLineItemsTabEO.EBS_PO_STATUS, 
       CLMPoLineItemsTabEO.EBS_PO_LINE_NO, 
       CLMPoLineItemsTabEO.EBS_PO_LINE_STATUS, 
       CLMPoLineItemsTabEO.EBS_PO_HEADER_ID, 
       CLMPoLineItemsTabEO.EBS_PO_LINE_ID, 
       CLMPoLineItemsTabEO.ATTRIBUTE1, 
       CLMPoLineItemsTabEO.ATTRIBUTE2, 
       CLMPoLineItemsTabEO.ATTRIBUTE3, 
       CLMPoLineItemsTabEO.ATTRIBUTE4, 
       CLMPoLineItemsTabEO.ATTRIBUTE5, 
       CLMPoLineItemsTabEO.ATTRIBUTE6, 
       CLMPoLineItemsTabEO.ATTRIBUTE7, 
       CLMPoLineItemsTabEO.ATTRIBUTE8, 
       CLMPoLineItemsTabEO.ATTRIBUTE9, 
       CLMPoLineItemsTabEO.ATTRIBUTE10, 
       CLMPoLineItemsTabEO.ATTRIBUTE11, 
       CLMPoLineItemsTabEO.ATTRIBUTE12, 
       CLMPoLineItemsTabEO.ATTRIBUTE13, 
       CLMPoLineItemsTabEO.ATTRIBUTE14, 
       CLMPoLineItemsTabEO.ATTRIBUTE15, 
       CLMPoLineItemsTabEO.CREATION_DATE, 
       CLMPoLineItemsTabEO.CREATED_BY, 
       CLMPoLineItemsTabEO.LAST_UPDATE_DATE, 
       CLMPoLineItemsTabEO.LAST_UPDATED_BY, 
       CLMPoLineItemsTabEO.LAST_UPDATE_LOGIN, 
       CLMPoLineItemsTabEO.OAF_PO_LINE_ITEMS_DET_ID, 
       CLMPoLineItemsTabEO.ROWID
FROM XXSIFY_CLM_PO_LINE_ITEMS_TAB CLMPoLineItemsTabEO
   ]]></SQLQuery>
   <DesignTime>
      <Attr Name="_isCodegen" Value="true" />
      <Attr Name="_isExpertMode" Value="true" />
      <Attr Name="_version" Value="10.1.3.43.6" />
      <Attr Name="_codeGenFlag2" Value="Access|Coll|VarAccess" />
   </DesignTime>
   <EntityUsage
      Name="CLMPoLineItemsTabEO"
      Entity="oracle.apps.sfc.clm.poform.schema.server.CLMPoLineItemsTabEO" >
      <DesignTime>
         <Attr Name="_queryClause" Value="false" />
      </DesignTime>
   </EntityUsage>
   <ViewAttribute
      Name="ClmPoLineItemsDetId"
      IsNotNull="true"
      EntityAttrName="ClmPoLineItemsDetId"
      EntityUsage="CLMPoLineItemsTabEO"
      AliasName="CLM_PO_LINE_ITEMS_DET_ID" >
   </ViewAttribute>
   <ViewAttribute
      Name="ClmPoHdrId"
      EntityAttrName="ClmPoHdrId"
      EntityUsage="CLMPoLineItemsTabEO"
      AliasName="CLM_PO_HDR_ID" >
   </ViewAttribute>
   <ViewAttribute
      Name="ClmPoLineId"
      EntityAttrName="ClmPoLineId"
      EntityUsage="CLMPoLineItemsTabEO"
      AliasName="CLM_PO_LINE_ID" >
   </ViewAttribute>
   <ViewAttribute
      Name="ClmId"
      EntityAttrName="ClmId"
      EntityUsage="CLMPoLineItemsTabEO"
      AliasName="CLM_ID" >
   </ViewAttribute>
   <ViewAttribute
      Name="BandWidthReqId"
      EntityAttrName="BandWidthReqId"
      EntityUsage="CLMPoLineItemsTabEO"
      AliasName="BAND_WIDTH_REQ_ID" >
   </ViewAttribute>
   <ViewAttribute
      Name="ClmPoLineNo"
      EntityAttrName="ClmPoLineNo"
      EntityUsage="CLMPoLineItemsTabEO"
      AliasName="CLM_PO_LINE_NO" >
   </ViewAttribute>
   <ViewAttribute
      Name="ItemCode"
      EntityAttrName="ItemCode"
      EntityUsage="CLMPoLineItemsTabEO"
      AliasName="ITEM_CODE" >
   </ViewAttribute>
   <ViewAttribute
      Name="ItemDesc"
      EntityAttrName="ItemDesc"
      EntityUsage="CLMPoLineItemsTabEO"
      AliasName="ITEM_DESC" >
   </ViewAttribute>
   <ViewAttribute
      Name="ItemType"
      EntityAttrName="ItemType"
      EntityUsage="CLMPoLineItemsTabEO"
      AliasName="ITEM_TYPE" >
   </ViewAttribute>
   <ViewAttribute
      Name="Uom"
      EntityAttrName="Uom"
      EntityUsage="CLMPoLineItemsTabEO"
      AliasName="UOM" >
   </ViewAttribute>
   <ViewAttribute
      Name="Qty"
      EntityAttrName="Qty"
      EntityUsage="CLMPoLineItemsTabEO"
      AliasName="QTY" >
   </ViewAttribute>
   <ViewAttribute
      Name="Rate"
      EntityAttrName="Rate"
      EntityUsage="CLMPoLineItemsTabEO"
      AliasName="RATE" >
   </ViewAttribute>
   <ViewAttribute
      Name="TaxCategory"
      EntityAttrName="TaxCategory"
      EntityUsage="CLMPoLineItemsTabEO"
      AliasName="TAX_CATEGORY" >
   </ViewAttribute>
   <ViewAttribute
      Name="NeedByDate"
      EntityAttrName="NeedByDate"
      EntityUsage="CLMPoLineItemsTabEO"
      AliasName="NEED_BY_DATE" >
   </ViewAttribute>
   <ViewAttribute
      Name="PromisedDate"
      EntityAttrName="PromisedDate"
      EntityUsage="CLMPoLineItemsTabEO"
      AliasName="PROMISED_DATE" >
   </ViewAttribute>
   <ViewAttribute
      Name="Comments"
      EntityAttrName="Comments"
      EntityUsage="CLMPoLineItemsTabEO"
      AliasName="COMMENTS" >
   </ViewAttribute>
   <ViewAttribute
      Name="EbsPoNum"
      EntityAttrName="EbsPoNum"
      EntityUsage="CLMPoLineItemsTabEO"
      AliasName="EBS_PO_NUM" >
   </ViewAttribute>
   <ViewAttribute
      Name="EbsPoStatus"
      EntityAttrName="EbsPoStatus"
      EntityUsage="CLMPoLineItemsTabEO"
      AliasName="EBS_PO_STATUS" >
   </ViewAttribute>
   <ViewAttribute
      Name="EbsPoLineNo"
      EntityAttrName="EbsPoLineNo"
      EntityUsage="CLMPoLineItemsTabEO"
      AliasName="EBS_PO_LINE_NO" >
   </ViewAttribute>
   <ViewAttribute
      Name="EbsPoLineStatus"
      EntityAttrName="EbsPoLineStatus"
      EntityUsage="CLMPoLineItemsTabEO"
      AliasName="EBS_PO_LINE_STATUS" >
   </ViewAttribute>
   <ViewAttribute
      Name="EbsPoHeaderId"
      EntityAttrName="EbsPoHeaderId"
      EntityUsage="CLMPoLineItemsTabEO"
      AliasName="EBS_PO_HEADER_ID" >
   </ViewAttribute>
   <ViewAttribute
      Name="EbsPoLineId"
      EntityAttrName="EbsPoLineId"
      EntityUsage="CLMPoLineItemsTabEO"
      AliasName="EBS_PO_LINE_ID" >
   </ViewAttribute>
   <ViewAttribute
      Name="Attribute1"
      EntityAttrName="Attribute1"
      EntityUsage="CLMPoLineItemsTabEO"
      AliasName="ATTRIBUTE1" >
   </ViewAttribute>
   <ViewAttribute
      Name="Attribute2"
      EntityAttrName="Attribute2"
      EntityUsage="CLMPoLineItemsTabEO"
      AliasName="ATTRIBUTE2" >
   </ViewAttribute>
   <ViewAttribute
      Name="Attribute3"
      EntityAttrName="Attribute3"
      EntityUsage="CLMPoLineItemsTabEO"
      AliasName="ATTRIBUTE3" >
   </ViewAttribute>
   <ViewAttribute
      Name="Attribute4"
      EntityAttrName="Attribute4"
      EntityUsage="CLMPoLineItemsTabEO"
      AliasName="ATTRIBUTE4" >
   </ViewAttribute>
   <ViewAttribute
      Name="Attribute5"
      EntityAttrName="Attribute5"
      EntityUsage="CLMPoLineItemsTabEO"
      AliasName="ATTRIBUTE5" >
   </ViewAttribute>
   <ViewAttribute
      Name="Attribute6"
      EntityAttrName="Attribute6"
      EntityUsage="CLMPoLineItemsTabEO"
      AliasName="ATTRIBUTE6" >
   </ViewAttribute>
   <ViewAttribute
      Name="Attribute7"
      EntityAttrName="Attribute7"
      EntityUsage="CLMPoLineItemsTabEO"
      AliasName="ATTRIBUTE7" >
   </ViewAttribute>
   <ViewAttribute
      Name="Attribute8"
      EntityAttrName="Attribute8"
      EntityUsage="CLMPoLineItemsTabEO"
      AliasName="ATTRIBUTE8" >
   </ViewAttribute>
   <ViewAttribute
      Name="Attribute9"
      EntityAttrName="Attribute9"
      EntityUsage="CLMPoLineItemsTabEO"
      AliasName="ATTRIBUTE9" >
   </ViewAttribute>
   <ViewAttribute
      Name="Attribute10"
      EntityAttrName="Attribute10"
      EntityUsage="CLMPoLineItemsTabEO"
      AliasName="ATTRIBUTE10" >
   </ViewAttribute>
   <ViewAttribute
      Name="Attribute11"
      EntityAttrName="Attribute11"
      EntityUsage="CLMPoLineItemsTabEO"
      AliasName="ATTRIBUTE11" >
   </ViewAttribute>
   <ViewAttribute
      Name="Attribute12"
      EntityAttrName="Attribute12"
      EntityUsage="CLMPoLineItemsTabEO"
      AliasName="ATTRIBUTE12" >
   </ViewAttribute>
   <ViewAttribute
      Name="Attribute13"
      EntityAttrName="Attribute13"
      EntityUsage="CLMPoLineItemsTabEO"
      AliasName="ATTRIBUTE13" >
   </ViewAttribute>
   <ViewAttribute
      Name="Attribute14"
      EntityAttrName="Attribute14"
      EntityUsage="CLMPoLineItemsTabEO"
      AliasName="ATTRIBUTE14" >
   </ViewAttribute>
   <ViewAttribute
      Name="Attribute15"
      EntityAttrName="Attribute15"
      EntityUsage="CLMPoLineItemsTabEO"
      AliasName="ATTRIBUTE15" >
   </ViewAttribute>
   <ViewAttribute
      Name="CreationDate"
      EntityAttrName="CreationDate"
      EntityUsage="CLMPoLineItemsTabEO"
      AliasName="CREATION_DATE" >
   </ViewAttribute>
   <ViewAttribute
      Name="CreatedBy"
      EntityAttrName="CreatedBy"
      EntityUsage="CLMPoLineItemsTabEO"
      AliasName="CREATED_BY" >
   </ViewAttribute>
   <ViewAttribute
      Name="LastUpdateDate"
      EntityAttrName="LastUpdateDate"
      EntityUsage="CLMPoLineItemsTabEO"
      AliasName="LAST_UPDATE_DATE" >
   </ViewAttribute>
   <ViewAttribute
      Name="LastUpdatedBy"
      EntityAttrName="LastUpdatedBy"
      EntityUsage="CLMPoLineItemsTabEO"
      AliasName="LAST_UPDATED_BY" >
   </ViewAttribute>
   <ViewAttribute
      Name="LastUpdateLogin"
      EntityAttrName="LastUpdateLogin"
      EntityUsage="CLMPoLineItemsTabEO"
      AliasName="LAST_UPDATE_LOGIN" >
   </ViewAttribute>
   <ViewAttribute
      Name="OafPoLineItemsDetId"
      EntityAttrName="OafPoLineItemsDetId"
      EntityUsage="CLMPoLineItemsTabEO"
      AliasName="OAF_PO_LINE_ITEMS_DET_ID" >
   </ViewAttribute>
   <ViewAttribute
      Name="RowID"
      IsUpdateable="false"
      EntityAttrName="RowID"
      EntityUsage="CLMPoLineItemsTabEO"
      AliasName="ROWID" >
   </ViewAttribute>
</ViewObject>
