<?xml version="1.0" encoding="UTF-8" ?>

<project name="DeployComposite" default="deploy">

        <!-- build.properties -->
         <echo>Java/JVM version: ${ant.java.version}</echo>

        <!--<property file="build.properties" />-->

        <!-- Add targets here -->

        
        <target name="deploy">

                <condition property="deploymentplan.name" value="null">

                        <not>

                                <isset property="${deploymentplan.name}" />

                        </not>

                </condition>

                <echo>Deploying to
                        http://${managed.server.host}:${managed.server.port}/soa-infra/deployer</echo>
				
                <ant antfile="${oracle.home}/bin/ant-sca-deploy.xml" target="deploy"

                        inheritall="false" output="${LOG_FILE_NAME_deploy}">

                        <property name="user" value="${server.user}" />

                        <property name="password" value="${server.password}" />

                        <!-- create the url for deployment -->

                        <property name="serverURL"

                                value="http://${managed.server.host}:${managed.server.port}/soa-infra/deployer" />

                        <!-- location of the sar -->

                        <property name="sarLocation"

                                value="${uploadbasetarget.dir}/${object.dir}/${objectName}" />

                        <!-- force overwrite if already there -->

                        <property name="overwrite" value="true" />
						<!--<property name="partition" value="CustomerOrchestration" />-->
                        <property name="partition" value="${partition.name}" />

                        <!-- configplan -->

                        <property name="configplan" value="${deploymentplan.name}" />

                </ant>

        </target>

</project>
