<?xml version='1.0'?>
<project name="tri2" default="unzip_jar" basedir="">
    <property file="../BuildPatch.properties"/>
    <target name="unzip_jar" description="Unzip the zipfile" >
        <echo message="deleting GPSPatches directory...."/>
        <echo>objectNameDir:${objectNameDir}</echo>
        <delete dir="${build.dir}/${objectNameDir}"/>
        <echo message="Creating GPSPatches directory...."/>
        <mkdir dir="${build.dir}/${objectNameDir}" />
        <!--	<echo message="Creatin Backups directory...."/> -->
        <!--	<mkdir dir="${backup.dir}" /> -->
        <!--	<echo message="deleting Backups directory...."/> -->
        <!--	<delete dir="${backup.dir}"/> -->
        <echo>Entered unzipping </echo>
        <unzip src="${home.dir}/${zipName}" dest="${build.dir}/${objectNameDir}"/>
        <echo>after unzipping</echo>
    </target>
    <target name="copyHelpFiles" depends="unzip_jar">
        <scp trust="true" file="${docuser}@${docip}:${tri2issuedocsourceloc}/*.*" password = "${docpwd}" todir="${tri2issuedocdestloc}"/>
        <scp trust="true" file="${docuser}@${docip}:${tri2ppmdocsource}/*.*" password = "${docpwd}" todir="${tri2ppmdocdest}"/>
        <scp trust="true" file="${docuser}@${docip}:${tri2docssourceloc}/Application\ Object\ Migrator/*.*" password = "${docpwd}" todir="${tri2docdestloc}/Application Object Migrator"/>
        <scp trust="true" file="${docuser}@${docip}:${tri2docssourceloc}/Instance\ Registry/*.*" password = "${docpwd}" todir="${tri2docdestloc}/Instance Registry"/>
        <scp trust="true" file="${docuser}@${docip}:${tri2docssourceloc}/ServicePack-ConsoleMode/*.*" password = "${docpwd}" todir="${tri2docdestloc}/ServicePack-ConsoleMode"/>
        <scp trust="true" file="${docuser}@${docip}:${tri2docssourceloc}/Tri2_BSM-BPM-TC/*.*" password = "${docpwd}" todir="${tri2docdestloc}/Tri2_BSM-BPM-TC"/>
        <scp trust="true" file="${docuser}@${docip}:${tri2docssourceloc}/FAQ/*.*" password = "${docpwd}" todir="${tri2docdestloc}/FAQ"/>
    </target>
</project>	
