<?xml version="1.0"?>
<project>

	<path id="path.svnant">
		<pathelement location="${svnant}" />
		<pathelement location="${svnClientAdapter}" />
		<pathelement location="${svnjavahl}" />
		<pathelement location="${antcontrib}" />
	</path>

	<typedef resource="org/tigris/subversion/svnant/svnantlib.xml" classpathref="path.svnant" />
	<taskdef resource="net/sf/antcontrib/antlib.xml" classpathref="path.svnant" />
	<!-- IS075579- Unable to get failure reason when OAF object is not committed to repository properly -->
	<record name="${svnLogsPath}/${migrationRequestNumber}_CompleteCommitToSVNLog.log" append="true" loglevel="info" />
	
	<target name="svn_checkout">
		<record name="${svnLogsPath}/svn_checkoutLog.log" append="true" loglevel="info" />
		<echo message="*********fileName:${file.Name}******* target :: svn_checkout started">
		</echo>
		<svn username="${username}" password="${password}" svnkit="true" javahl="false" failonerror="true">
			<checkout url="${url}${javaTop}" destPath="${svnLogsPath}" revision="HEAD" />
		</svn>
		<echo message="checking out from SVN finished from location :: ${url}${javaTop} to location ::  ${dest.path}" />
		<echo message="*********fileName:${file.Name}******* target :: svn_checkout completed">
		</echo>
	</target>
	
	<target name="svnADDCommit">
		<record name="${svnLogsPath}/${migrationRequestNumber}_svnADDCommitLog.log" append="true" loglevel="info" />
		<echo message="*********fileName:${file.Name}******* target :: svnADDCommit started"></echo>
		<svn username="${username}" password="${password}" svnkit="true" javahl="false" failonerror="true">
			<add force="true" file="${file.Name}" />
			<commit file="${file.Name}" message="commited" />
		</svn>
		<echo message="*********fileName:${file.Name}******* target :: svnADDCommit completed">
		</echo>
	</target>
	
	<target name="svnCommit">
		<record name="${svnLogsPath}/${migrationRequestNumber}_svnCommitLog.log" append="true" loglevel="info" />
		<echo message="*********fileName:${file.Name}******* target :: svnCommit started">
		</echo>
		<svn username="${username}" password="${password}" svnkit="true" javahl="false" failonerror="true">
			<commit file="${file.Name}" message="commited" />
		</svn>
		<echo message="*********fileName:${file.Name}******* target :: svnCommit completed">
		</echo>
	</target>
	
</project>