<?xml version="1.0" encoding="UTF-8"?>

<!--Script written by S.ROY on 20/11/2012.-->
<!--This file is used to copy objects (COPY type) available in the 
Service Pack,to it's target directory .-->

<project name="SPExecution">

	<target name="copyfeature">

		<copy todir="${target.dir}">
			<fileset dir="${source.dir}">
				<include name="${objectName}"/>
			</fileset>
		</copy>
		<echo> ${objectName} Migration Completed Successfully </echo>
	</target>
	<target name="copyandextract">
		<echo>Entered Unzipping ${target.dir} </echo>
		<unzip dest="${target.dir}">
			<fileset dir="${source.dir}">
				<include name="${objectName}"/>
			</fileset>
		</unzip>
		<echo>after unzipping</echo>
	</target>
	<target name="executeShellScript">
		<echo>Executing ShellScript</echo>
		<echo>${tri2BuildDirectory}</echo>
		<echo>${objectName}</echo>
		<exec executable="/bin/sh" output="/${logFileName}" append="true" >
			<arg value="${source.dir}/${objectName}" />
		</exec>
	</target>
</project>