<?xml version="1.0" encoding="UTF-8"?>
<!--Script written by vpirikiti on 15/9/2012.-->
<!--This file is used to copy backup AOL object and AOL exection logs from target instance to TRI2 Server.-->
<project name="Application Object Migrator" default="COPY_AOL_LOG_FILE_TO_SOURCE_MACHINE">
    <target name="COPY_AOL_LOG_FILE_TO_SOURCE_MACHINE">
        <sshexec trust="true" host="${source.ip}" username="${source.uid}" password="${source.pwd}" command= "mkdir ${UploadBase}" append="true" output="${LOG_FILE_NAME}" failonerror="no"/>
        <scp trust="true" verbose="true" port="${source.port}" todir="${source.uid}@${source.ip}:${UploadBase}" password="${source.pwd}">
            <fileset dir="." >
                <include name="${objectName}"/>
                <include name="*.log"/>
            </fileset>
        </scp>
    </target>
    <target name="COPY_OBJECT">
        <sshexec trust="true" host="${source.ip}" username="${source.uid}" password="${source.pwd}" command= "mkdir ${UploadBase}" append="true" output="${LOG_FILE_NAME}" failonerror="no"/>
        <scp trust="true" verbose="true" port="${source.port}" todir="${source.uid}@${source.ip}:${UploadBase}" password="${source.pwd}">
            <fileset dir="." >
                <include name="${objectName}"/>
            </fileset>
        </scp>
    </target>
</project>
