<?xml version="1.0" encoding="UTF-8"?>
<project name="Application Object Migrator">
    <import file="SSHandSCPConnection.xml"/>
    <taskdef name="sshexec" classname="com.triniti.tri2.ant.customTasks.CustomSSHExec"/>
    <loadproperties srcFile="InstanceDetails.properties">
        <filterchain>
            <linecontains>
                <contains value="basetarget.dir"/>
            </linecontains>
        </filterchain>
    </loadproperties>
    <!-- <property file="InstanceDetails.properties" /> -->
    <target name="COPY">
        <!--<record action="start" loglevel="verbose" append="true" name="${LOG_FILE_NAME}" />-->
        <antcall target="COPY_FILE" inheritall="true"></antcall>
        <antcall target="executeSSHEXECWithFailonError_WithOutPort">
            <param name="command" value="${target.envFileCommand} &amp;&amp; echo ${target.dir} &amp;&amp; cp ${basetarget.dir}/${objectName} ${target.dir}"/>
            <param name="failonerror" value="yes"/>
        </antcall>
        <antcall target="executeSSHEXECWithFailonError_WithOutPort">
            <param name="command" value="${target.envFileCommand} &amp;&amp; cd ${target.dir}  &amp;&amp; chmod 777  ${objectName} &amp;&amp; dos2unix ${objectName}"/>
            <param name="failonerror" value="yes"/>
        </antcall>
        <!--<sshexec trust="true" host="${destination.ip}" username="${destination.uid}" password="${destination.pwd}" command= ". ~/.bash_profile &amp;&amp; echo ${target.dir} &amp;&amp; cp ${basetarget.dir}/${objectName} ${target.dir}" append="true" output="${LOG_FILE_NAME}" failonerror="yes"/><sshexec trust="true" host="${destination.ip}" username="${destination.uid}" password="${destination.pwd}" command= ". ~/.bash_profile &amp;&amp; cd ${target.dir}  &amp;&amp; chmod 777  ${objectName} &amp;&amp; dos2unix ${objectName}" append="true" output="${LOG_FILE_NAME}" failonerror="yes"/>-->
        <echo> ${objectName} is Copied to ${target.dir} Successfully.</echo>
    </target>
    <target name="COPY_FILE">
        <antcall target="executeSSHEXECWithFailonError_WithOutPort">
            <param name="command" value="pwd &amp;&amp; whoami"/>
            <param name="failonerror" value="yes"/>
        </antcall>
        <!--<sshexec trust="true" host="${destination.ip}" username="${destination.uid}" password="${destination.pwd}" command="pwd &amp;&amp; whoami" append="true" output="${LOG_FILE_NAME}" failonerror="yes"/>-->
        <antcall target="executeSCPWithoutPort">
            <param name="todir" value="${destination.uid}@${destination.ip}:${basetarget.dir}"/>
            <param name="first_dir_source.dir" value="${source.dir}"/>
            <param name="first_dir_object_name" value="${objectName}"/>
    	</antcall>
        <!--<scp trust="true" sftp="true" verbose="true" todir="${destination.uid}@${destination.ip}:${basetarget.dir}" password="${destination.pwd}"><fileset dir="${source.dir}" ><include name="${objectName}"/></fileset></scp>-->
        <echo>${objectName} is Copied Successfully.</echo>
    </target>
    <target name="EXECUTE">
        <!-- <record action="start" loglevel="verbose" append="true" name="${LOG_FILE_NAME}" /> -->
        <antcall target="COPY_FILE" inheritall="true"></antcall>
        <antcall target="executeSSHEXECWithFailonError_WithOutPort">
            <param name="command" value="${target.envFileCommand} &amp;&amp; cd ${basetarget.dir} &amp;&amp; dos2unix ${objectName} &amp;&amp; chmod 777  ${objectName} &amp;&amp; sh ${objectName}"/>
            <param name="failonerror" value="yes"/>
        </antcall>
        <!--<sshexec trust="true" host="${destination.ip}" username="${destination.uid}" password="${destination.pwd}" command= ". ~/.bash_profile &amp;&amp; cd ${basetarget.dir} &amp;&amp; dos2unix ${objectName} &amp;&amp; chmod 777  ${objectName} &amp;&amp; sh ${objectName}" append="true" output="${LOG_FILE_NAME}" failonerror="yes"/>-->
    </target>
    <target name="ORACLE FORM">
        <antcall target="COPY_FILE" inheritall="true"></antcall>
        <antcall target="executeSSHEXECWithFailonError_WithOutPort">
            <param name="command" value="${target.envFileCommand} &amp;&amp; echo ${AUTOPDir} &amp;&amp; cp ${basetarget.dir}/${objectName} ${AUTOPDir}"/>
            <param name="failonerror" value="yes"/>
        </antcall>
        <!--<sshexec trust="true" host="${destination.ip}" username="${destination.uid}" password="${destination.pwd}" command= ". ~/.bash_profile &amp;&amp; echo ${AUTOPDir} &amp;&amp; cp ${basetarget.dir}/${objectName} ${AUTOPDir}" append="true" output="${LOG_FILE_NAME}" failonerror="yes"/>-->
        <echo>${objectName} is Copied to ${AUTOPDir} Directory Successfully.</echo>
        <antcall target="executeSSHEXECWithFailonError_WithOutPort">
            <param name="command" value="${target.envFileCommand} &amp;&amp; cd ${AUTOPDir} &amp;&amp; frmcmp_batch module=${AUTOPDir}/${objectName} output_file=${target.dir}/${FORM_NAME}.fmx userid=${Appsdetails} module_type=form compile_all=special"/>
            <param name="failonerror" value="yes"/>
        </antcall>
        <!--<sshexec trust="true" host="${destination.ip}" username="${destination.uid}" password="${destination.pwd}" command= ". ~/.bash_profile &amp;&amp; cd ${AUTOPDir} &amp;&amp; frmcmp_batch module=${AUTOPDir}/${objectName} output_file=${target.dir}/${FORM_NAME}.fmx userid=${Appsdetails} module_type=form compile_all=special" append="true" output="${LOG_FILE_NAME}" failonerror="yes"/>-->
    </target>
    <target name="ORACLE REPORT">
        <!--<record action="start" loglevel="verbose" append="true" name="${LOG_FILE_NAME}" />-->
        <antcall target="COPY_FILE" inheritall="true"></antcall>
        <antcall target="executeSSHEXECWithFailonError_WithOutPort">
            <param name="command" value="${target.envFileCommand} &amp;&amp; echo ${target.dir} &amp;&amp; cp ${basetarget.dir}/${objectName} ${target.dir}"/>
            <param name="failonerror" value="yes"/>
        </antcall>
        <!--<sshexec trust="true" host="${destination.ip}" username="${destination.uid}" password="${destination.pwd}" command= ". ~/.bash_profile &amp;&amp; echo ${target.dir} &amp;&amp; cp ${basetarget.dir}/${objectName} ${target.dir}" append="true" output="${LOG_FILE_NAME}" failonerror="yes"/>-->
        <echo>${objectName} is Migrated Successfully.</echo>
    </target>
</project>