<?xml version="1.0" encoding="UTF-8"?>
<project name="Download Application Object library Objects">
    <import file="SSHandSCPConnection.xml" />
    <!--Script written by vpirikiti on 12/10/2012 to DOWNLOAD AOL objects from selected target instances. -->
    <!--File is used for DOWNLAOD and to takebackup in UPLOAD migration process. -->
    <!-- Added by schigurupati, to stop writing logs to Catalina.out -->
    <taskdef name="sshexec" classname="com.triniti.tri2.ant.customTasks.CustomSSHExec" />
    <!-- <loadproperties srcFile="InstanceDetails.properties"><filterchain><linecontains><contains value="downloadbasetarget.dir" /></linecontains></filterchain></loadproperties> -->
    <target name="CREATE_DIRECTORY">
        <antcall target="executeSSHEXECWithFailonError_WithOutPort">
            <param name="command" value="pwd &amp;&amp; whoami &amp;&amp; mkdir -p ${downloadbasetarget.dir}/${object.dir}" />
            <param name="failonerror" value="no" />
        </antcall>
        <!--<sshexec trust="true" host="${destination.ip}" username="${destination.uid}" password="${destination.pwd}" command="pwd &amp;&amp; whoami &amp;&amp; mkdir -p ${downloadbasetarget.dir}/${object.dir}" append="true" output="${LOG_FILE_NAME}" failonerror="no" />-->
        <!--IS076842 - While migrating AOL Objects, other support files are also getting copied which are not required now. -->
        <!--<scp trust="true" verbose="true" port="${destination.port}" todir="${destination.uid}@${destination.ip}:${downloadbasetarget.dir}/${object.dir}" password="${destination.pwd}"><fileset dir="."><include name="Copy_AOL_Log.xml" /></fileset><fileset dir="."><include name="executeAOLCommands.sh" /></fileset></scp>-->
        <if>
            <equals arg1="${issudoUser}" arg2="Yes" />
            <!-- if(objectType == "DISCOVERER_REPORTS") -->
            <then>
                <echo message="Changing the owner.." />
                <antcall target="executeSSHEXECWithUsepty">
                    <param name="command" value=" ${target.envFileCommand} &amp;&amp; chmod -R 777 ${downloadbasetarget.dir}/${object.dir} " />
                    <param name="failonerror" value="yes" />
                </antcall>
                <!--<sshexec trust="true" host="${destination.ip}" username="${destination.uid}" password="${destination.pwd}" usepty="true" command=". ~/.bash_profile &amp;&amp; chmod -R 777 ${downloadbasetarget.dir}/${object.dir} " append="true" output="${LOG_FILE_NAME}" failonerror="yes" />-->
            </then>
        </if>
    </target>
    <!--This target is used to copy "Copy_AOL_Log.xml" File in target location to get ORACLE_FORMS,ORACLE_REPORTS,CONTROL_FILES and COPY objecttype objects.-->
    <target name="COPY">
        <if>
            <!--Block for executing copying ORACLE FORMS AND REPORTS -->
            <equals arg1="${objectType}" arg2="ORACLE_FORMS" />
            <!-- if(objectType == "ORACLE_FORMS") -->
            <then>
                <antcall target="executeSSHEXECWithUsepty">
                    <param name="command" value="${connectToSudoCmd} ${singleQuotes} pwd;${target.envFileCommand} &amp;&amp;cp ${applicationTop}/&quot;${objectName}&quot; ${downloadbasetarget.dir}/&quot;${object.dir}&quot; ${singleQuotes}" />
                    <param name="failonerror" value="yes" />
                </antcall>
                <!--<sshexec trust="true" host="${destination.ip}" username="${destination.uid}" password="${destination.pwd}" usepty="true" command="${connectToSudoCmd} ${singleQuotes} pwd;${target.envFileCommand};. ~/.bash_profile &amp;&amp;cp ${applicationTop}/&quot;${objectName}&quot; ${downloadbasetarget.dir}/&quot;${object.dir}&quot; ${singleQuotes}" append="true" output="${LOG_FILE_NAME}" failonerror="yes" />-->
                <echo>&quot;${objectName}&quot; is copied to ${downloadbasetarget.dir}/"${object.dir}" Successfully.</echo>
            </then>
            <elseif>
                <equals arg1="${objectType}" arg2="ORACLE_REPORTS" />
                <!-- if(objectType == "ORACLE_REPORTS") -->
                <then>
                    <!--<sshexec trust="true" host="${destination.ip}" username="${destination.uid}" password="${destination.pwd}" usepty="true" command="${connectToSudoCmd} ${singleQuotes} pwd;${target.envFileCommand};. ~/.bash_profile &amp;&amp; echo ${APPL_SHORT_NAME}; cp ${APPL_SHORT_NAME}/&quot;${objectName}&quot; ${downloadbasetarget.dir}/&quot;${object.dir}&quot; ${singleQuotes}" append="true" output="${LOG_FILE_NAME}" failonerror="yes" /><echo> ${objectName} is copied to ${downloadbasetarget.dir}/&quot;${object.dir}&quot; Successfully.</echo>-->
                    <antcall target="executeSSHEXECWithUsepty">
                        <param name="command" value="${connectToSudoCmd} ${singleQuotes} pwd;${target.envFileCommand} &amp;&amp;cp ${applicationTop}/&quot;${objectName}&quot; ${downloadbasetarget.dir}/&quot;${object.dir}&quot; ${singleQuotes}" />
                        <param name="failonerror" value="yes" />
                    </antcall>
                    <!--<sshexec trust="true" host="${destination.ip}" username="${destination.uid}" password="${destination.pwd}" usepty="true" command="${connectToSudoCmd} ${singleQuotes} pwd;${target.envFileCommand};. ~/.bash_profile &amp;&amp;cp ${applicationTop}/&quot;${objectName}&quot; ${downloadbasetarget.dir}/&quot;${object.dir}&quot; ${singleQuotes}" append="true" output="${LOG_FILE_NAME}" failonerror="yes" />-->
                    <echo>&quot;${objectName}&quot; is copied to ${downloadbasetarget.dir}/"${object.dir}" Successfully.</echo>
                </then>
            </elseif>
            <!--IS076842 - While migrating AOL Objects, other support files are also getting copied which are not required now. -->
            <!--<else><sshexec trust="true" host="${destination.ip}" username="${destination.uid}" password="${destination.pwd}" usepty="true" command="${connectToSudoCmd} ${singleQuotes} pwd;${target.envFileCommand};. ~/.bash_profile &amp;&amp; echo ${target.dir} &amp;&amp; cp ${downloadbasetarget.dir}/${object.dir}/*.xml ${target.dir} ${singleQuotes}" append="true" output="${LOG_FILE_NAME}" failonerror="yes" /><echo> Copy_AOL_Log.xml is Copied to ${target.dir} Successfully.</echo></else>-->
            <!-- IS089982 - Provision to download control files from required instance through AOM tool -->
            <elseif>
                <equals arg1="${objectType}" arg2="CONTROL_FILES" />
                <then>
                    <antcall target="executeSSHEXECWithUsepty">
                        <param name="command" value="${connectToSudoCmd} ${singleQuotes} pwd;${target.envFileCommand} &amp;&amp;cp ${applicationTop}/&quot;${objectName}&quot; ${downloadbasetarget.dir}/&quot;${object.dir}&quot; ${singleQuotes}" />
                        <param name="failonerror" value="yes" />
                    </antcall>
                    <!--<sshexec trust="true" host="${destination.ip}" username="${destination.uid}" password="${destination.pwd}" usepty="true" command="${connectToSudoCmd} ${singleQuotes} pwd;${target.envFileCommand};. ~/.bash_profile &amp;&amp;cp ${applicationTop}/&quot;${objectName}&quot; ${downloadbasetarget.dir}/&quot;${object.dir}&quot; ${singleQuotes}" append="true" output="${LOG_FILE_NAME}" failonerror="yes" />-->
                    <echo>&quot;${objectName}&quot; is copied to ${downloadbasetarget.dir}/"${object.dir}" Successfully.</echo>
                </then>
            </elseif>
        </if>
    </target>
    <target name="DOWNLOAD_AOL_OBJECTS">
        <antcall target="CREATE_DIRECTORY" inheritall="true" />
        <trycatch property="error.message">
            <try>
                <if>
                    <!--Block for executing WFLOAD for downloading Apps workflows -->
                    <equals arg1="${objectType}" arg2="ORACLE_WORKFLOW" />
                    <!-- if(objectType == "ORACLE_WORKFLOW") -->
                    <then>
                        <echo message="Executing ${objectType}.." />
                        <antcall target="executeSSHEXECWithUsepty">
                            <param name="command" value="${connectToSudoCmd} ${singleQuotes} pwd;${target.envFileCommand} &amp;&amp; cd ${downloadbasetarget.dir}/${object.dir} &amp;&amp; WFLOAD ${apps.details} 0 Y DOWNLOAD &quot;${ldt_fileName}&quot; &quot;${objectName}&quot; &gt; extractAOL.log ${singleQuotes}" />
                            <param name="failonerror" value="yes" />
                        </antcall>
                        <!--<sshexec trust="true" host="${destination.ip}" username="${destination.uid}" password="${destination.pwd}" usepty="true" command="${connectToSudoCmd} ${singleQuotes} pwd;${target.envFileCommand};. ~/.bash_profile &amp;&amp; cd ${downloadbasetarget.dir}/${object.dir} &amp;&amp; WFLOAD ${apps.details} 0 Y DOWNLOAD ${ldt_fileName} ${objectName} > extractAOL.log ${singleQuotes}" append="true" output="${LOG_FILE_NAME}" failonerror="yes" />-->
                    </then>
                    <elseif>
                        <equals arg1="${objectType}" arg2="BNE_LAYOUTS" />
                        <!-- if(objectType == "BNE_LAYOUTS") -->
                        <then>
                            <echo message="Executing ${objectType}.." />
                            <antcall target="executeSSHEXECWithUsepty">
                                <param name="command" value="${connectToSudoCmd} ${singleQuotes} pwd;${target.envFileCommand} &amp;&amp; cd ${downloadbasetarget.dir}/${object.dir} &amp;&amp; FNDLOAD ${apps.details} 0 Y DOWNLOAD $BNE_TOP/patch/115/import/bnelay.lct &quot;${ldt_fileName}&quot; BNE_LAYOUTS LAYOUT_ASN=${APPL_SHORT_NAME} LAYOUT_CODE=${OBJ_NAME} ${singleQuotes}" />
                                <param name="failonerror" value="yes" />
                            </antcall>
                            <!--<sshexec trust="true" host="${destination.ip}" username="${destination.uid}" password="${destination.pwd}" usepty="true" command="${connectToSudoCmd} ${singleQuotes} pwd;${target.envFileCommand};. ~/.bash_profile &amp;&amp; cd ${downloadbasetarget.dir}/${object.dir} &amp;&amp; FNDLOAD ${apps.details} 0 Y DOWNLOAD $BNE_TOP/patch/115/import/bnelay.lct ${ldt_fileName} BNE_LAYOUTS LAYOUT_ASN=${APPL_SHORT_NAME} LAYOUT_CODE=${OBJ_NAME} ${singleQuotes}" append="true" output="${LOG_FILE_NAME}" failonerror="yes" />-->
                        </then>
                    </elseif>
                    <!-- IS093080 - Provision to download Web ADI Integrator, Web ADI Mapping and Web ADI Content objects through AOM. -->
                    <elseif>
                        <equals arg1="${objectType}" arg2="BNE_MAPPINGS" />
                        <!-- if(objectType == "BNE_MAPPINGS") -->
                        <then>
                            <echo message="Executing ${objectType}.." />
                            <antcall target="executeSSHEXECWithUsepty">
                                <param name="command" value="${connectToSudoCmd} ${singleQuotes} pwd;${target.envFileCommand} &amp;&amp; cd ${downloadbasetarget.dir}/${object.dir} &amp;&amp; FNDLOAD ${apps.details} 0 Y DOWNLOAD $BNE_TOP/patch/115/import/${lctfilename} &quot;${ldt_fileName}&quot; BNE_MAPPINGS MAPPING_ASN=${APPL_SHORT_NAME} MAPPING_CODE=&quot;${objectName}&quot; ${singleQuotes}"/>
                                <param name="failonerror" value="yes" />
                            </antcall>
                            <!--<sshexec trust="true" host="${destination.ip}" username="${destination.uid}" password="${destination.pwd}" usepty="true" command="${connectToSudoCmd} ${singleQuotes} pwd;${target.envFileCommand};. ~/.bash_profile &amp;&amp; cd ${downloadbasetarget.dir}/${object.dir} &amp;&amp; FNDLOAD ${apps.details} 0 Y DOWNLOAD $BNE_TOP/patch/115/import/${lctfilename} ${ldt_fileName} BNE_MAPPINGS MAPPING_ASN=${APPL_SHORT_NAME} MAPPING_CODE=${objectName} ${singleQuotes}" append="true" output="${LOG_FILE_NAME}" failonerror="yes" />-->
                        </then>
                    </elseif>
                    <elseif>
                        <equals arg1="${objectType}" arg2="BNE_CONTENTS" />
                        <!-- if(objectType == "BNE_CONTENTS") -->
                        <then>
                            <echo message="Executing ${objectType}.." />
                            <antcall target="executeSSHEXECWithUsepty">
                                <param name="command" value="${connectToSudoCmd} ${singleQuotes} pwd;${target.envFileCommand} &amp;&amp; cd ${downloadbasetarget.dir}/${object.dir} &amp;&amp; FNDLOAD ${apps.details} 0 Y DOWNLOAD $BNE_TOP/patch/115/import/${lctfilename} &quot;${ldt_fileName}&quot; BNE_CONTENTS CONTENT_ASN=${APPL_SHORT_NAME} CONTENT_CODE=&quot;${objectName}&quot; ${singleQuotes}"/>
                                <param name="failonerror" value="yes" />
                            </antcall>
                            <!--<sshexec trust="true" host="${destination.ip}" username="${destination.uid}" password="${destination.pwd}" usepty="true" command="${connectToSudoCmd} ${singleQuotes} pwd;${target.envFileCommand};. ~/.bash_profile &amp;&amp; cd ${downloadbasetarget.dir}/${object.dir} &amp;&amp; FNDLOAD ${apps.details} 0 Y DOWNLOAD $BNE_TOP/patch/115/import/${lctfilename} ${ldt_fileName} BNE_CONTENTS CONTENT_ASN=${APPL_SHORT_NAME} CONTENT_CODE=${objectName} ${singleQuotes}" append="true" output="${LOG_FILE_NAME}" failonerror="yes" />-->
                        </then>
                    </elseif>
                    <elseif>
                        <equals arg1="${objectType}" arg2="BNE_INTEGRATORS" />
                        <!-- if(objectType == "BNE_INTEGRATORS") -->
                        <then>
                            <echo message="Executing ${objectType}.." />
                            <antcall target="executeSSHEXECWithUsepty">
                                <param name="command" value="${connectToSudoCmd} ${singleQuotes} pwd;${target.envFileCommand} &amp;&amp; cd ${downloadbasetarget.dir}/${object.dir} &amp;&amp; FNDLOAD ${apps.details} 0 Y DOWNLOAD $BNE_TOP/patch/115/import/${lctfilename} &quot;${ldt_fileName}&quot; BNE_INTEGRATORS INTEGRATOR_ASN=${APPL_SHORT_NAME} INTEGRATOR_CODE=&quot;${objectName}&quot; ${singleQuotes}"/>
                                <param name="failonerror" value="yes" />
                            </antcall>
                            <!--<sshexec trust="true" host="${destination.ip}" username="${destination.uid}" password="${destination.pwd}" usepty="true" command="${connectToSudoCmd} ${singleQuotes} pwd;${target.envFileCommand};. ~/.bash_profile &amp;&amp; cd ${downloadbasetarget.dir}/${object.dir} &amp;&amp; FNDLOAD ${apps.details} 0 Y DOWNLOAD $BNE_TOP/patch/115/import/${lctfilename} ${ldt_fileName} BNE_INTEGRATORS INTEGRATOR_ASN=${APPL_SHORT_NAME} INTEGRATOR_CODE=${objectName} ${singleQuotes}" append="true" output="${LOG_FILE_NAME}" failonerror="yes" />-->
                        </then>
                    </elseif>
                    <elseif>
                        <equals arg1="${objectType}" arg2="XDO_DS_DEFINITIONS" />
                        <!-- if(objectType == "XDO_DS_DEFINITIONS") -->
                        <then>
                            <echo message="Executing ${objectType}.." />
                            <antcall target="executeSSHEXECWithUsepty">
                                <param name="command" value="${connectToSudoCmd} ${singleQuotes} pwd;${target.envFileCommand} &amp;&amp; cd ${downloadbasetarget.dir}/${object.dir} &amp;&amp; FNDLOAD ${apps.details} 0 Y DOWNLOAD $XDO_TOP/patch/115/import/${lctfilename} &quot;${ldt_fileName}&quot; XDO_DS_DEFINITIONS APPLICATION_SHORT_NAME=${APPL_SHORT_NAME} DATA_SOURCE_CODE=&quot;${objectName}&quot; ${singleQuotes}" />
                                <param name="failonerror" value="yes" />
                            </antcall>
                            <!--<sshexec trust="true" host="${destination.ip}" username="${destination.uid}" password="${destination.pwd}" usepty="true" command="${connectToSudoCmd} ${singleQuotes} pwd;${target.envFileCommand};. ~/.bash_profile &amp;&amp; cd ${downloadbasetarget.dir}/${object.dir} &amp;&amp; FNDLOAD ${apps.details} 0 Y DOWNLOAD $XDO_TOP/patch/115/import/${lctfilename} ${ldt_fileName} XDO_DS_DEFINITIONS APPLICATION_SHORT_NAME=${APPL_SHORT_NAME} DATA_SOURCE_CODE=${objectName} ${singleQuotes}" append="true" output="${LOG_FILE_NAME}" failonerror="yes" />-->
                        </then>
                    </elseif>
                    <elseif>
                        <equals arg1="${objectType}" arg2="XML_PUB_REPORTS" />
                        <!-- if(objectType == "XML_PUB_REPORTS") -->
                        <then>
                            <echo message="Executing ${objectType}.." />
                            <!-- rsahu :: IS074978 - Provide option to download XML_PUB_REPORTS from Download AOL Objects page. -->
                            <antcall target="executeSSHEXECWithUsepty">
                                <param name="command" value="${connectToSudoCmd} ${singleQuotes} pwd;${target.envFileCommand} &amp;&amp; cd ${downloadbasetarget.dir}/${object.dir} &amp;&amp; java oracle.apps.xdo.oa.util.XDOLoader DOWNLOAD -DB_USERNAME ${destination.schemaName} -DB_PASSWORD ${destination.schemapwd} -JDBC_CONNECTION &quot;(DESCRIPTION=(ADDRESS=(PROTOCOL=tcp)(HOST=${destination.dbip})(PORT=${destination.dbport}))(CONNECT_DATA=(SERVICE_NAME=${destination.dbsid})))&quot; -LOB_TYPE ${LobName} -LOB_CODE &quot;${objectName}&quot; -APPS_SHORT_NAME ${APPL_SHORT_NAME} -lct_FILE $XDO_TOP/patch/115/import/xdotmpl.lct -LOG_FILE logFile.log ${singleQuotes}" />
                                <param name="failonerror" value="yes" />
                            </antcall>
                            <!-- Added &quot: for downloading XML_PUB REPORTS SUDO user -->
                            <!--<sshexec trust="true" host="${destination.ip}" username="${destination.uid}" password="${destination.pwd}" usepty="true" command="${connectToSudoCmd} ${singleQuotes} pwd;${target.envFileCommand};. ~/.bash_profile &amp;&amp; cd ${downloadbasetarget.dir}/${object.dir} &amp;&amp; java oracle.apps.xdo.oa.util.XDOLoader DOWNLOAD -DB_USERNAME ${destination.schemaName} -DB_PASSWORD ${destination.schemapwd} -JDBC_CONNECTION &quot;(DESCRIPTION=(ADDRESS=(PROTOCOL=tcp)(HOST=${destination.dbip})(PORT=${destination.dbport}))(CONNECT_DATA=(SERVICE_NAME=${destination.dbsid})))&quot; -LOB_TYPE ${LobName} -LOB_CODE ${objectName} -APPS_SHORT_NAME ${APPL_SHORT_NAME} -lct_FILE $XDO_TOP/patch/115/import/xdotmpl.lct -LOG_FILE logFile.log ${singleQuotes}" append="true" output="${LOG_FILE_NAME}" failonerror="yes" />-->
                        </then>
                    </elseif>
                    <elseif>
                        <or>
                            <equals arg1="${objectType}" arg2="CONCURRENT_PROGRAM_NAME" />
                            <!-- if(objectType == "CONCURRENT_PROGRAM_NAME") -->
                            <equals arg1="${objectType}" arg2="EXECUTABLE_NAME" />
                            <!-- if(objectType == "EXECUTABLE_NAME") -->
                            <equals arg1="${objectType}" arg2="REQUEST_GROUP_NAME" />
                            <!-- if(objectType == "REQUEST_GROUP_NAME") -->
                            <equals arg1="${objectType}" arg2="LOOKUP_TYPE" />
                            <!-- if(objectType == "LOOKUP_TYPE") -->
                            <equals arg1="${objectType}" arg2="PROFILE_NAME" />
                            <!-- if(objectType == "PROFILE_NAME") -->
                            <equals arg1="${objectType}" arg2="MESSAGE_NAME" />
                            <!-- if(objectType == "MESSAGE_NAME") -->
                            <equals arg1="${objectType}" arg2="REQUEST_SET_NAME" />
                            <!-- if(objectType == "REQUEST_SET_NAME") -->
                            <equals arg1="${objectType}" arg2="FORM_NAME" />
                            <!-- if(objectType == "FORM_NAME") -->
                            <equals arg1="${objectType}" arg2="REQUEST_SET_LINK_NAME" />
                            <!-- if(objectType == "REQUEST_SET_NAME") -->
                        </or>
                        <then>
                            <echo message="Executing ${objectType}.." />
                            <!-- IS079705 - Unable to download REQUEST_GROUP object using Download AOL objects functionality if object name contains space -->
                            <antcall target="executeSSHEXECWithUsepty">
                                <param name="command" value="${connectToSudoCmd} ${singleQuotes} pwd;${target.envFileCommand} &amp;&amp; cd ${downloadbasetarget.dir}/${object.dir} &amp;&amp; FNDLOAD ${apps.details} 0 Y DOWNLOAD $FND_TOP/patch/115/import/${lctfilename} &quot;${ldt_fileName}&quot; ${EntityName} APPLICATION_SHORT_NAME=${APPL_SHORT_NAME} ${objectType}=&quot;${objectName}&quot; ${singleQuotes}" />
                                <param name="failonerror" value="yes" />
                            </antcall>
                            <!--<sshexec trust="true" host="${destination.ip}" username="${destination.uid}" password="${destination.pwd}" usepty="true" command="${connectToSudoCmd} ${singleQuotes} pwd;${target.envFileCommand};. ~/.bash_profile &amp;&amp; cd ${downloadbasetarget.dir}/${object.dir} &amp;&amp; FNDLOAD ${apps.details} 0 Y DOWNLOAD $FND_TOP/patch/115/import/${lctfilename} &quot;${ldt_fileName}&quot; ${EntityName} APPLICATION_SHORT_NAME=${APPL_SHORT_NAME} ${objectType}=&quot;${objectName}&quot; ${singleQuotes}" append="true" output="${LOG_FILE_NAME}" failonerror="yes" />-->
                        </then>
                    </elseif>
                    <elseif>
                        <or>
                            <equals arg1="${objectType}" arg2="FLEX_VALUE_SET_NAME" />
                            <!-- if(objectType == "FLEX_VALUE_SET_NAME") -->
                            <equals arg1="${objectType}" arg2="FLEX_VALUE_SET_VALUE_NAME" />
                            <!-- if(objectType == "FLEX_VALUE_SET_VALUE_NAME") -->
                            <equals arg1="${objectType}" arg2="MENU_NAME" />
                            <!-- if(objectType == "MENU_NAME") -->
                            <equals arg1="${objectType}" arg2="ENTRY_NAME" />
                            <!-- if(objectType == "ENTRY_NAME") -->
                            <equals arg1="${objectType}" arg2="PRINTER_STYLE_NAME" />
                            <!-- if(objectType == "PRINTER_STYLE_NAME") -->
                            <equals arg1="${objectType}" arg2="FUNCTION_NAME" />
                            <!-- if(objectType == "FUNCTION_NAME") -->
                        </or>
                        <then>
                            <echo message="Executing ${objectType}.." />
                            <antcall target="executeSSHEXECWithUsepty">
                                <param name="command" value="${connectToSudoCmd} ${singleQuotes} pwd;${target.envFileCommand} &amp;&amp; cd ${downloadbasetarget.dir}/${object.dir} &amp;&amp; FNDLOAD ${apps.details} 0 Y DOWNLOAD $FND_TOP/patch/115/import/${lctfilename} &quot;${ldt_fileName}&quot; ${EntityName} ${objectType}=&quot;${objectName}&quot; ${singleQuotes}" />
                                <param name="failonerror" value="yes" />
                            </antcall>
                            <!--<sshexec trust="true" host="${destination.ip}" username="${destination.uid}" password="${destination.pwd}" usepty="true" command="${connectToSudoCmd} ${singleQuotes} pwd;${target.envFileCommand};. ~/.bash_profile &amp;&amp; cd ${downloadbasetarget.dir}/${object.dir} &amp;&amp; FNDLOAD ${apps.details} 0 Y DOWNLOAD $FND_TOP/patch/115/import/${lctfilename} ${ldt_fileName} ${EntityName} ${objectType}=${objectName} ${singleQuotes}" append="true" output="${LOG_FILE_NAME}" failonerror="yes" />-->
                        </then>
                    </elseif>
                    <elseif>
                        <equals arg1="${objectType}" arg2="FND_ATTACHMENT_FUNCTIONS" />
                        <!-- if(objectType == "FND_ATTACHMENT_FUNCTIONS") -->
                        <then>
                            <echo message="Executing ${objectType}.." />
                            <antcall target="executeSSHEXECWithUsepty">
                                <param name="command" value="${connectToSudoCmd} ${singleQuotes} pwd;${target.envFileCommand} &amp;&amp; cd ${downloadbasetarget.dir}/${object.dir} &amp;&amp; FNDLOAD ${apps.details} 0 Y DOWNLOAD $FND_TOP/patch/115/import/${lctfilename} &quot;${ldt_fileName}&quot; ${EntityName} APPLICATION_SHORT_NAME=${APPL_SHORT_NAME} ${singleQuotes}" />
                                <param name="failonerror" value="yes" />
                            </antcall>
                            <!--<sshexec trust="true" host="${destination.ip}" username="${destination.uid}" password="${destination.pwd}" usepty="true" command="${connectToSudoCmd} ${singleQuotes} pwd;${target.envFileCommand};. ~/.bash_profile &amp;&amp; cd ${downloadbasetarget.dir}/${object.dir} &amp;&amp; FNDLOAD ${apps.details} 0 Y DOWNLOAD $FND_TOP/patch/115/import/${lctfilename} ${ldt_fileName} ${EntityName} APPLICATION_SHORT_NAME=${APPL_SHORT_NAME} ${singleQuotes}" append="true" output="${LOG_FILE_NAME}" failonerror="yes" />-->
                        </then>
                    </elseif>
                    <elseif>
                        <equals arg1="${objectType}" arg2="FND_FORM_FUNCTION_NAME" />
                        <!-- if(objectType == "FND_FORM_FUNCTION_NAME") -->
                        <then>
                            <echo message="Executing ${objectType}.." />
                            <antcall target="executeSSHEXECWithUsepty">
                                <param name="command" value="${connectToSudoCmd} ${singleQuotes} pwd;${target.envFileCommand} &amp;&amp; cd ${downloadbasetarget.dir}/${object.dir} &amp;&amp; FNDLOAD ${apps.details} 0 Y DOWNLOAD $FND_TOP/patch/115/import/${lctfilename} &quot;${ldt_fileName}&quot; ${EntityName} FUNCTION_NAME=&quot;${objectName}&quot; ${singleQuotes}" />
                                <param name="failonerror" value="yes" />
                            </antcall>
                            <!--<sshexec trust="true" host="${destination.ip}" username="${destination.uid}" password="${destination.pwd}" usepty="true" command="${connectToSudoCmd} ${singleQuotes} pwd;${target.envFileCommand};. ~/.bash_profile &amp;&amp; cd ${downloadbasetarget.dir}/${object.dir} &amp;&amp; FNDLOAD ${apps.details} 0 Y DOWNLOAD $FND_TOP/patch/115/import/${lctfilename} ${ldt_fileName} ${EntityName} FUNCTION_NAME=${objectName} ${singleQuotes}" append="true" output="${LOG_FILE_NAME}" failonerror="yes" />-->
                        </then>
                    </elseif>
                    <elseif>
                        <equals arg1="${objectType}" arg2="FND_RESPONSIBILITY_KEY" />
                        <!-- if(objectType == "FND_RESPONSIBILITY_KEY") -->
                        <then>
                            <echo message="Executing ${objectType}.." />
                            <antcall target="executeSSHEXECWithUsepty">
                                <param name="command" value="${connectToSudoCmd} ${singleQuotes} pwd;${target.envFileCommand} &amp;&amp; cd ${downloadbasetarget.dir}/${object.dir} &amp;&amp; FNDLOAD ${apps.details} 0 Y DOWNLOAD $FND_TOP/patch/115/import/${lctfilename} &quot;${ldt_fileName}&quot; ${EntityName} RESP_KEY=&quot;${objectName}&quot; ${singleQuotes}" />
                                <param name="failonerror" value="yes" />
                            </antcall>
                            <!--<sshexec trust="true" host="${destination.ip}" username="${destination.uid}" password="${destination.pwd}" usepty="true" command="${connectToSudoCmd} ${singleQuotes} pwd;${target.envFileCommand};. ~/.bash_profile &amp;&amp; cd ${downloadbasetarget.dir}/${object.dir} &amp;&amp; FNDLOAD ${apps.details} 0 Y DOWNLOAD $FND_TOP/patch/115/import/${lctfilename} ${ldt_fileName} ${EntityName} RESP_KEY=${objectName} ${singleQuotes}" append="true" output="${LOG_FILE_NAME}" failonerror="yes" />-->
                        </then>
                    </elseif>
                    <elseif>
                        <equals arg1="${objectType}" arg2="FND_USER_NAME" />
                        <!-- if(objectType == "FND_USER_NAME") -->
                        <then>
                            <echo message="Executing ${objectType}.." />
                            <antcall target="executeSSHEXECWithUsepty">
                                <param name="command" value="${connectToSudoCmd} ${singleQuotes} pwd;${target.envFileCommand} &amp;&amp; cd ${downloadbasetarget.dir}/${object.dir} &amp;&amp; FNDLOAD ${apps.details} 0 Y DOWNLOAD $FND_TOP/patch/115/import/${lctfilename} &quot;${ldt_fileName}&quot; ${EntityName} USER_NAME=&quot;${objectName}&quot; ${singleQuotes}" />
                                <param name="failonerror" value="yes" />
                            </antcall>
                            <!--<sshexec trust="true" host="${destination.ip}" username="${destination.uid}" password="${destination.pwd}" usepty="true" command="${connectToSudoCmd} ${singleQuotes} pwd;${target.envFileCommand};. ~/.bash_profile &amp;&amp; cd ${downloadbasetarget.dir}/${object.dir} &amp;&amp; FNDLOAD ${apps.details} 0 Y DOWNLOAD $FND_TOP/patch/115/import/${lctfilename} ${ldt_fileName} ${EntityName} USER_NAME=${objectName} ${singleQuotes}" append="true" output="${LOG_FILE_NAME}" failonerror="yes" />-->
                        </then>
                    </elseif>
                    <elseif>
                        <equals arg1="${objectType}" arg2="ID_FLEX_CODE" />
                        <!-- if(objectType == "ID_FLEX_CODE") -->
                        <then>
                            <echo message="Executing ${objectType}.." />
                            <antcall target="executeSSHEXECWithUsepty">
                                <param name="command" value="${connectToSudoCmd} ${singleQuotes} pwd;${target.envFileCommand} &amp;&amp; cd ${downloadbasetarget.dir}/${object.dir} &amp;&amp; FNDLOAD ${apps.details} 0 Y DOWNLOAD $FND_TOP/patch/115/import/${lctfilename} &quot;${ldt_fileName}&quot; ${EntityName} P_LEVEL='COL_ALL:FQL_ALL:SQL_ALL:STR_ONE:WFP_ALL:SHA_ALL:CVR_ALL:SEG_ALL' APPLICATION_SHORT_NAME=${APPL_SHORT_NAME} ID_FLEX_CODE=${ID_FLEX_CODE_0} P_STRUCTURE_CODE=${P_STRUCTURE_CODE} ${singleQuotes}" />
                                <param name="failonerror" value="yes" />
                            </antcall>
                            <!--<sshexec trust="true" host="${destination.ip}" username="${destination.uid}" password="${destination.pwd}" usepty="true" command="${connectToSudoCmd} ${singleQuotes} pwd;${target.envFileCommand};. ~/.bash_profile &amp;&amp; cd ${downloadbasetarget.dir}/${object.dir} &amp;&amp; FNDLOAD ${apps.details} 0 Y DOWNLOAD $FND_TOP/patch/115/import/${lctfilename} ${ldt_fileName} ${EntityName} P_LEVEL='COL_ALL:FQL_ALL:SQL_ALL:STR_ONE:WFP_ALL:SHA_ALL:CVR_ALL:SEG_ALL' APPLICATION_SHORT_NAME=${APPL_SHORT_NAME} ID_FLEX_CODE=${ID_FLEX_CODE_0} P_STRUCTURE_CODE=${P_STRUCTURE_CODE} ${singleQuotes}" append="true" output="${LOG_FILE_NAME}" failonerror="yes" />-->
                        </then>
                    </elseif>
                    <elseif>
                        <equals arg1="${objectType}" arg2="DESCRIPTIVE_FLEXFIELD_NAME" />
                        <!-- if(objectType == "DESCRIPTIVE_FLEXFIELD_NAME") -->
                        <then>
                            <echo message="Executing ${objectType}.." />
                            <antcall target="executeSSHEXECWithUsepty">
                                <param name="command" value="${connectToSudoCmd} ${singleQuotes} pwd;${target.envFileCommand} &amp;&amp; cd ${downloadbasetarget.dir}/${object.dir} &amp;&amp; FNDLOAD ${apps.details} 0 Y DOWNLOAD $FND_TOP/patch/115/import/${lctfilename} &quot;${ldt_fileName}&quot; ${EntityName} APPLICATION_SHORT_NAME=${APPL_SHORT_NAME} ${objectType}=&quot;${objectName}&quot; ${singleQuotes}" />
                                <param name="failonerror" value="yes" />
                            </antcall>
                            <!--<sshexec trust="true" host="${destination.ip}" username="${destination.uid}" password="${destination.pwd}" usepty="true" command="${connectToSudoCmd} ${singleQuotes} pwd;${target.envFileCommand};. ~/.bash_profile &amp;&amp; cd ${downloadbasetarget.dir}/${object.dir} &amp;&amp; FNDLOAD ${apps.details} 0 Y DOWNLOAD $FND_TOP/patch/115/import/${lctfilename} ${ldt_fileName} ${EntityName} APPLICATION_SHORT_NAME=${APPL_SHORT_NAME} ${objectType}=${objectName} ${singleQuotes}" append="true" output="${LOG_FILE_NAME}" failonerror="yes" />-->
                        </then>
                    </elseif>
                    <elseif>
                        <equals arg1="${objectType}" arg2="ALERT_NAME" />
                        <!-- if(objectType == "ALERT_NAME") -->
                        <then>
                            <echo message="Executing ${objectType}.." />
                            <antcall target="executeSSHEXECWithUsepty">
                                <param name="command" value="${connectToSudoCmd} ${singleQuotes} pwd;${target.envFileCommand} &amp;&amp; cd ${downloadbasetarget.dir}/${object.dir} &amp;&amp; FNDLOAD ${apps.details} 0 Y DOWNLOAD $ALR_TOP/patch/115/import/${lctfilename} &quot;${ldt_fileName}&quot; ${EntityName} APPLICATION_SHORT_NAME=${APPL_SHORT_NAME} ${objectType}=&quot;${objectName}&quot; ${singleQuotes}" />
                                <param name="failonerror" value="yes" />
                            </antcall>
                            <!--<sshexec trust="true" host="${destination.ip}" username="${destination.uid}" password="${destination.pwd}" usepty="true" command="${connectToSudoCmd} ${singleQuotes} pwd;${target.envFileCommand};. ~/.bash_profile &amp;&amp; cd ${downloadbasetarget.dir}/${object.dir} &amp;&amp; FNDLOAD ${apps.details} 0 Y DOWNLOAD $ALR_TOP/patch/115/import/${lctfilename} ${ldt_fileName} ${EntityName} APPLICATION_SHORT_NAME=${APPL_SHORT_NAME} ${objectType}=${objectName} ${singleQuotes}" append="true" output="${LOG_FILE_NAME}" failonerror="yes" />-->
                        </then>
                    </elseif>
                    <elseif>
                        <equals arg1="${objectType}" arg2="COLLECTION_PLAN" />
                        <then>
                            <echo message="Executing ${objectType}.. COLLECTION_PLAN" />
                            <antcall target="executeSSHEXECWithUsepty">
                                <param name="command" value="${connectToSudoCmd} ${singleQuotes} pwd;${target.envFileCommand} &amp;&amp; cd ${downloadbasetarget.dir}/${object.dir} &amp;&amp; FNDLOAD ${apps.details} 0 Y DOWNLOAD $QA_TOP/patch/115/import/${lctfilename} &quot;${ldt_fileName}&quot; QA_PLANS PLAN_ID=${hiddenplanId} ${singleQuotes}" />
                                <param name="failonerror" value="yes" />
                            </antcall>
                            <!--<sshexec trust="true" host="${destination.ip}" username="${destination.uid}" password="${destination.pwd}" usepty="true" command="${connectToSudoCmd} ${singleQuotes} pwd;${target.envFileCommand};. ~/.bash_profile &amp;&amp; cd ${downloadbasetarget.dir}/${object.dir} &amp;&amp; FNDLOAD ${apps.details} 0 Y DOWNLOAD $QA_TOP/patch/115/import/${lctfilename} ${ldt_fileName} QA_PLANS PLAN_ID=${hiddenplanId} ${singleQuotes}" append="true" output="${LOG_FILE_NAME}" failonerror="yes" />-->
                        </then>
                    </elseif>
                    <elseif>
                        <equals arg1="${objectType}" arg2="COLLECTION_ELEMENT" />
                        <then>
                            <echo message="Executing ${objectType}.. COLLECTION_ELEMENT" />
                            <antcall target="executeSSHEXECWithUsepty">
                                <param name="command" value="${connectToSudoCmd} ${singleQuotes} pwd;${target.envFileCommand} &amp;&amp; cd ${downloadbasetarget.dir}/${object.dir} &amp;&amp; FNDLOAD ${apps.details} 0 Y DOWNLOAD $QA_TOP/patch/115/import/${lctfilename} &quot;${ldt_fileName}&quot; QA_CHARS CHAR_ID=${hiddenplanId} ${singleQuotes}" />
                                <param name="failonerror" value="yes" />
                            </antcall>
                            <!--<sshexec trust="true" host="${destination.ip}" username="${destination.uid}" password="${destination.pwd}" usepty="true" command="${connectToSudoCmd} ${singleQuotes} pwd;${target.envFileCommand};. ~/.bash_profile &amp;&amp; cd ${downloadbasetarget.dir}/${object.dir} &amp;&amp; FNDLOAD ${apps.details} 0 Y DOWNLOAD $QA_TOP/patch/115/import/${lctfilename} ${ldt_fileName} QA_CHARS CHAR_ID=${hiddenplanId} ${singleQuotes}" append="true" output="${LOG_FILE_NAME}" failonerror="yes" />-->
                        </then>
                    </elseif>
                    <!-- IS085524 - Provision to download AME objects through AOM -->
                    <elseif>
                        <equals arg1="${objectType}" arg2="AME_ATTRIBUTE" />
                        <!-- if(objectType == "AME_ATTRIBUTE") -->
                        <then>
                            <antcall target="executeSSHEXECWithUsepty">
                                <param name="command" value="${connectToSudoCmd} ${singleQuotes} pwd;${target.envFileCommand} &amp;&amp; cd ${downloadbasetarget.dir}/${object.dir} &amp;&amp; FNDLOAD ${apps.details} 0 Y DOWNLOAD $AME_TOP/patch/115/import/${lctfilename} &quot;${ldt_fileName}&quot;  AME_ATTRIBUTES ATTRIBUTE_NAME=&quot;${objectName}&quot; TRANSACTION_TYPE_ID=${TRANSACTION_TYPE_ID} APPLICATION_SHORT_NAME=${APPL_SHORT_NAME} ${singleQuotes}" />
                                <param name="failonerror" value="yes" />
                            </antcall>
                            <!--<sshexec trust="true" host="${destination.ip}" username="${destination.uid}" password="${destination.pwd}" usepty="true" command="${connectToSudoCmd} ${singleQuotes} pwd;${target.envFileCommand};. ~/.bash_profile &amp;&amp; cd ${downloadbasetarget.dir}/${object.dir} &amp;&amp; FNDLOAD ${apps.details} 0 Y DOWNLOAD $AME_TOP/patch/115/import/${lctfilename} ${ldt_fileName}  AME_ATTRIBUTES ATTRIBUTE_NAME=${objectName} TRANSACTION_TYPE_ID=${TRANSACTION_TYPE_ID} APPLICATION_SHORT_NAME=${APPL_SHORT_NAME} ${singleQuotes}" append="true" output="${LOG_FILE_NAME}" failonerror="yes" />-->
                        </then>
                    </elseif>
                    <elseif>
                        <equals arg1="${objectType}" arg2="AME_ATTRIBUTE_USAGES" />
                        <!-- if(objectType == "AME_ATTRIBUTE_USAGES") -->
                        <then>
                            <antcall target="executeSSHEXECWithUsepty">
                                <param name="command" value="${connectToSudoCmd} ${singleQuotes} pwd;${target.envFileCommand} &amp;&amp; cd ${downloadbasetarget.dir}/${object.dir} &amp;&amp; FNDLOAD ${apps.details} 0 Y DOWNLOAD $AME_TOP/patch/115/import/${lctfilename} &quot;${ldt_fileName}&quot;  AME_ATTRIBUTE_USAGES ATTRIBUTE_NAME=&quot;${objectName}&quot; TRANSACTION_TYPE_ID=${TRANSACTION_TYPE_ID} APPLICATION_SHORT_NAME=${APPL_SHORT_NAME} ${singleQuotes}" />
                                <param name="failonerror" value="yes" />
                            </antcall>
                            <!--<sshexec trust="true" host="${destination.ip}" username="${destination.uid}" password="${destination.pwd}" usepty="true" command="${connectToSudoCmd} ${singleQuotes} pwd;${target.envFileCommand};. ~/.bash_profile &amp;&amp; cd ${downloadbasetarget.dir}/${object.dir} &amp;&amp; FNDLOAD ${apps.details} 0 Y DOWNLOAD $AME_TOP/patch/115/import/${lctfilename} ${ldt_fileName}  AME_ATTRIBUTE_USAGES ATTRIBUTE_NAME=${objectName} TRANSACTION_TYPE_ID=${TRANSACTION_TYPE_ID} APPLICATION_SHORT_NAME=${APPL_SHORT_NAME} ${singleQuotes}" append="true" output="${LOG_FILE_NAME}" failonerror="yes" />-->
                        </then>
                    </elseif>
                    <elseif>
                        <equals arg1="${objectType}" arg2="AME_APPROVAL_GROUP_CONFIG" />
                        <!-- if(objectType == "AME_APPROVAL_GROUP_CONFIG") -->
                        <then>
                            <antcall target="executeSSHEXECWithUsepty">
                                <param name="command" value="${connectToSudoCmd} ${singleQuotes} pwd;${target.envFileCommand} &amp;&amp; cd ${downloadbasetarget.dir}/${object.dir} &amp;&amp; FNDLOAD ${apps.details} 0 Y DOWNLOAD $AME_TOP/patch/115/import/${lctfilename} &quot;${objectName}&quot;_CONFIG.ldt  AME_APPROVAL_GROUP_CONFIG APPROVAL_GROUP_NAME=&quot;${objectName}&quot; TRANSACTION_TYPE_ID=${TRANSACTION_TYPE_ID} APPLICATION_SHORT_NAME=${APPL_SHORT_NAME} ${singleQuotes}" />
                                <param name="failonerror" value="yes" />
                            </antcall>
                            <!--<sshexec trust="true" host="${destination.ip}" username="${destination.uid}" password="${destination.pwd}" usepty="true" command="${connectToSudoCmd} ${singleQuotes} pwd;${target.envFileCommand};. ~/.bash_profile &amp;&amp; cd ${downloadbasetarget.dir}/${object.dir} &amp;&amp; FNDLOAD ${apps.details} 0 Y DOWNLOAD $AME_TOP/patch/115/import/${lctfilename} ${objectName}_CONFIG.ldt  AME_APPROVAL_GROUP_CONFIG APPROVAL_GROUP_NAME=${objectName} TRANSACTION_TYPE_ID=${TRANSACTION_TYPE_ID} APPLICATION_SHORT_NAME=${APPL_SHORT_NAME} ${singleQuotes}" append="true" output="${LOG_FILE_NAME}" failonerror="yes" />-->
                        </then>
                    </elseif>
                    <elseif>
                        <equals arg1="${objectType}" arg2="AME_APPROVAL_GROUPS" />
                        <!-- if(objectType == "AME_APPROVAL_GROUPS") -->
                        <then>
                            <antcall target="executeSSHEXECWithUsepty">
                                <param name="command" value="${connectToSudoCmd} ${singleQuotes} pwd;${target.envFileCommand} &amp;&amp; cd ${downloadbasetarget.dir}/${object.dir} &amp;&amp; FNDLOAD ${apps.details} 0 Y DOWNLOAD $AME_TOP/patch/115/import/${lctfilename} &quot;${ldt_fileName}&quot;  AME_APPROVAL_GROUPS APPROVAL_GROUP_NAME=&quot;${objectName}&quot; TRANSACTION_TYPE_ID=${TRANSACTION_TYPE_ID} APPLICATION_SHORT_NAME=${APPL_SHORT_NAME} ${singleQuotes}" />
                                <param name="failonerror" value="yes" />
                            </antcall>
                            <!--<sshexec trust="true" host="${destination.ip}" username="${destination.uid}" password="${destination.pwd}" usepty="true" command="${connectToSudoCmd} ${singleQuotes} pwd;${target.envFileCommand};. ~/.bash_profile &amp;&amp; cd ${downloadbasetarget.dir}/${object.dir} &amp;&amp; FNDLOAD ${apps.details} 0 Y DOWNLOAD $AME_TOP/patch/115/import/${lctfilename} ${ldt_fileName}  AME_APPROVAL_GROUPS APPROVAL_GROUP_NAME=${objectName} TRANSACTION_TYPE_ID=${TRANSACTION_TYPE_ID} APPLICATION_SHORT_NAME=${APPL_SHORT_NAME} ${singleQuotes}" append="true" output="${LOG_FILE_NAME}" failonerror="yes" />-->
                        </then>
                    </elseif>
                    <elseif>
                        <equals arg1="${objectType}" arg2="AME_ATTRIBUTE_CONDITIONS" />
                        <!-- if(objectType == "AME_ATTRIBUTE_CONDITIONS") -->
                        <then>
                            <antcall target="executeSSHEXECWithUsepty">
                                <param name="command" value="${connectToSudoCmd} ${singleQuotes} pwd;${target.envFileCommand} &amp;&amp; cd ${downloadbasetarget.dir}/${object.dir} &amp;&amp; FNDLOAD ${apps.details} 0 Y DOWNLOAD $AME_TOP/patch/115/import/${lctfilename} &quot;${objectName}&quot;_CONDITION.ldt  AME_CONDITIONS TRANSACTION_TYPE_ID=${TRANSACTION_TYPE_ID} APPLICATION_SHORT_NAME=${APPL_SHORT_NAME} ATTRIBUTE_NAME=&quot;${objectName}&quot; ${singleQuotes}" />
                                <param name="failonerror" value="yes" />
                            </antcall>
                            <!--<sshexec trust="true" host="${destination.ip}" username="${destination.uid}" password="${destination.pwd}" usepty="true" command="${connectToSudoCmd} ${singleQuotes} pwd;${target.envFileCommand};. ~/.bash_profile &amp;&amp; cd ${downloadbasetarget.dir}/${object.dir} &amp;&amp; FNDLOAD ${apps.details} 0 Y DOWNLOAD $AME_TOP/patch/115/import/${lctfilename} ${objectName}_CONDITION.ldt  AME_CONDITIONS TRANSACTION_TYPE_ID=${TRANSACTION_TYPE_ID} APPLICATION_SHORT_NAME=${APPL_SHORT_NAME} ATTRIBUTE_NAME=${objectName} ${singleQuotes}" append="true" output="${LOG_FILE_NAME}" failonerror="yes" />-->
                        </then>
                    </elseif>
                    <elseif>
                        <equals arg1="${objectType}" arg2="AME_RULES" />
                        <!-- if(objectType == "AME_RULES") -->
                        <then>
                            <antcall target="executeSSHEXECWithUsepty">
                                <param name="command" value="${connectToSudoCmd} ${singleQuotes} pwd;${target.envFileCommand} &amp;&amp; cd ${downloadbasetarget.dir}/${object.dir} &amp;&amp; FNDLOAD ${apps.details} 0 Y DOWNLOAD $AME_TOP/patch/115/import/${lctfilename} &quot;${ldt_fileName}&quot;  AME_RULES RULE_KEY=${RULE_KEY} TRANSACTION_TYPE_ID=${TRANSACTION_TYPE_ID} APPLICATION_SHORT_NAME=${APPL_SHORT_NAME} ${singleQuotes}" />
                                <param name="failonerror" value="yes" />
                            </antcall>
                            <!--<sshexec trust="true" host="${destination.ip}" username="${destination.uid}" password="${destination.pwd}" usepty="true" command="${connectToSudoCmd} ${singleQuotes} pwd;${target.envFileCommand};. ~/.bash_profile &amp;&amp; cd ${downloadbasetarget.dir}/${object.dir} &amp;&amp; FNDLOAD ${apps.details} 0 Y DOWNLOAD $AME_TOP/patch/115/import/${lctfilename} ${ldt_fileName}  AME_RULES RULE_KEY=${RULE_KEY} TRANSACTION_TYPE_ID=${TRANSACTION_TYPE_ID} APPLICATION_SHORT_NAME=${APPL_SHORT_NAME} ${singleQuotes}" append="true" output="${LOG_FILE_NAME}" failonerror="yes" />-->
                        </then>
                    </elseif>
                    <elseif>
                        <equals arg1="${objectType}" arg2="AME_RULE_ACTION_TYPE_USAGES" />
                        <!-- if(objectType == "AME_RULE_ACTION_TYPE_USAGES") -->
                        <then>
                            <antcall target="executeSSHEXECWithUsepty">
                                <param name="command" value="${connectToSudoCmd} ${singleQuotes} pwd;${target.envFileCommand} &amp;&amp; cd ${downloadbasetarget.dir}/${object.dir} &amp;&amp; FNDLOAD ${apps.details} 0 Y DOWNLOAD $AME_TOP/patch/115/import/${lctfilename} &quot;${ldt_fileName}&quot;  AME_ACTION_USAGES RULE_KEY=${RULE_KEY} TRANSACTION_TYPE_ID=${TRANSACTION_TYPE_ID} APPLICATION_SHORT_NAME=${APPL_SHORT_NAME} ${singleQuotes}" />
                                <param name="failonerror" value="yes" />
                            </antcall>
                            <!--<sshexec trust="true" host="${destination.ip}" username="${destination.uid}" password="${destination.pwd}" usepty="true" command="${connectToSudoCmd} ${singleQuotes} pwd;${target.envFileCommand};. ~/.bash_profile &amp;&amp; cd ${downloadbasetarget.dir}/${object.dir} &amp;&amp; FNDLOAD ${apps.details} 0 Y DOWNLOAD $AME_TOP/patch/115/import/${lctfilename} ${ldt_fileName}  AME_ACTION_USAGES RULE_KEY=${RULE_KEY} TRANSACTION_TYPE_ID=${TRANSACTION_TYPE_ID} APPLICATION_SHORT_NAME=${APPL_SHORT_NAME} ${singleQuotes}" append="true" output="${LOG_FILE_NAME}" failonerror="yes" />-->
                        </then>
                    </elseif>
                    <else>
                        <echo message="Executing ${objectType}.." />
                        <antcall target="executeSSHEXECWithUsepty">
                            <param name="command" value="${connectToSudoCmd} ${singleQuotes} pwd;${target.envFileCommand} &amp;&amp; cd ${downloadbasetarget.dir}/${object.dir} &amp;&amp; FNDLOAD ${apps.details} 0 Y UPLOAD $FND_TOP/patch/115/import/${lctfilename} &quot;${objectName}&quot; 2&gt; extractAOLlog.log ${singleQuotes}" />
                            <param name="failonerror" value="yes" />
                        </antcall>
                        <!--<sshexec trust="true" host="${destination.ip}" username="${destination.uid}" password="${destination.pwd}" usepty="true" command="${connectToSudoCmd} ${singleQuotes} pwd;${target.envFileCommand};. ~/.bash_profile &amp;&amp; cd ${downloadbasetarget.dir}/${object.dir} &amp;&amp; FNDLOAD ${apps.details} 0 Y UPLOAD $FND_TOP/patch/115/import/${lctfilename} ${objectName} 2> extractAOLlog.log ${singleQuotes}" append="true" output="${LOG_FILE_NAME}" failonerror="yes" />-->
                    </else>
                </if>
                <!--Added for executeSCPWithoutVerbose -->
                <if>
                    <equals arg1="${destination.isKeyFilePathAvailable}" arg2="true" />
                    <then>
                    	<antcall target="executeSCPWithoutVerbose">
                    		<param name="todir" value="${DownLoadBase}" />
                        	<param name="file" value="${destination.uid}@${destination.ip}:${downloadbasetarget.dir}/${object.dir}/*.log" />
                    	</antcall>
                    </then>
                    <elseif>
                        <equals arg1="${destination.isKeyFilePathAvailable}" arg2="false" />
                        <then>
                        	<antcall target="executeSCPWithoutVerbose">
                        		<param name="todir" value="${DownLoadBase}" />
                            	<param name="file" value="${destination.uid}:${destination.pwd}@${destination.ip}:${downloadbasetarget.dir}/${object.dir}/*.log" />
                        	</antcall>
                        </then>
                    </elseif>
                </if>
                <!--Added for executeSCPWithoutVerbose_Override_1 -->
                <if>
                    <equals arg1="${destination.isKeyFilePathAvailable}" arg2="true" />
                    <then>
                    	<antcall target="executeSCPWithoutVerbose_Override_1">
                    		<param name="todir_SCP_V_Override_1" value="${DownLoadBase}" />
                        	<param name="file_SCP_V_Override_1" value="${destination.uid}@${destination.ip}:${downloadbasetarget.dir}/${object.dir}/*&quot;${objectName}&quot;*.*" />
                    	</antcall>
                    </then>
                    <elseif>
                        <equals arg1="${destination.isKeyFilePathAvailable}" arg2="false" />
                        <then>
                        	<antcall target="executeSCPWithoutVerbose_Override_1">
                        		<param name="todir_SCP_V_Override_1" value="${DownLoadBase}" />
                            	<param name="file_SCP_V_Override_1" value="${destination.uid}:${destination.pwd}@${destination.ip}:${downloadbasetarget.dir}/${object.dir}/*&quot;${objectName}&quot;*.*" />
                        	</antcall>
                        </then>
                    </elseif>
                </if>
                <!--<scp trust="true" file="${destination.uid}:${destination.pwd}@${destination.ip}:${downloadbasetarget.dir}/${object.dir}/*.log" todir="${DownLoadBase}/" /><scp trust="true" file="${destination.uid}:${destination.pwd}@${destination.ip}:${downloadbasetarget.dir}/${object.dir}/*${objectName}*.*" todir="${DownLoadBase}/" />-->
                <!--<scp file="${username}:${password}@${ip}:${path-to-file}" todir="${dir}" trust="true" />-->
                <!--Since, we need to copy the executed file to our local machine, passing parameter "DownLoadBase" path to uploadBase path in Copy_AOL_Log.xml-->
                <!--<sshexec trust="true" host="${destination.ip}" port="${destination.port}" username="${destination.uid}" password="${destination.pwd}" usepty="true" command= ". ~/.bash_profile &amp;&amp; ${connectToSudoCmd} ant -buildfile ${downloadbasetarget.dir}/${object.dir}/Copy_AOL_Log.xml -Dsource.port=22 -Dsource.uid=${source.uid} -Dsource.ip=${source.ip} -Dsource.pwd=${source.password} -DUploadBase=${DownLoadBase} -Dobject.dir=${object.dir} -DobjectName=${ldt_fileName}" output="${LOG_FILE_NAME}" append="true" failonerror="yes"/>-->
            </try>
            <finally>
                <echo message="In Finally Block" />
                <!--<scp trust="true" file="${destination.uid}:${destination.pwd}@${destination.ip}:${downloadbasetarget.dir}/${object.dir}/*.log" todir="${DownLoadBase}/" />-->
                <!--IS074198:-Handle exception while taking backup if the object is new object.
				    author :: rsahu-->
                <trycatch>
                    <try>
                        <!--IS079705 - Unable to download REQUEST_GROUP object using Download AOL objects functionality if object name contains space -->
                        <!--Added for executeSCPWithoutVerbose -->
                        <if>
                            <equals arg1="${destination.isKeyFilePathAvailable}" arg2="true" />
                            <then>
                            	<antcall target="executeSCPWithoutVerbose_Override_2">
                            		<param name="todir_SCP_V_Override_2" value="${DownLoadBase}/" />
                                	<param name="file_SCP_V_Override_2" value="${destination.uid}@${destination.ip}:${downloadbasetarget.dir}/${object.dir}/*&quot;${objectName}&quot;*.*" />
                            	</antcall>
                            </then>
                            <elseif>
                                <equals arg1="${destination.isKeyFilePathAvailable}" arg2="false" />
                                <then>
                                	<antcall target="executeSCPWithoutVerbose_Override_2">
                                		<param name="todir_SCP_V_Override_2" value="${DownLoadBase}/" />
                                    	<param name="file_SCP_V_Override_2" value="${destination.uid}:${destination.pwd}@${destination.ip}:${downloadbasetarget.dir}/${object.dir}/*&quot;${objectName}&quot;*.*" />
                                	</antcall>
                                </then>
                            </elseif>
                        </if>
                        <!--<scp trust="true" file="${destination.uid}:${destination.pwd}@${destination.ip}:${downloadbasetarget.dir}/${object.dir}/*&quot;${objectName}&quot;*.*" todir="${DownLoadBase}/" />-->
                    </try>
                    <catch>
                        <echo message="No object to download at ${downloadbasetarget.dir}/${object.dir}/&quot;${objectName}&quot;" />
                    </catch>
                </trycatch>
                <antcall target="DELETE_DIR" inheritall="true" />
            </finally>
        </trycatch>
    </target>
    <target name="DELETE_DIR" description="Deleting the directory once migration is completed from TRI2 end">
        <antcall target="executeSSHEXECWithFailonError_WithOutPort">
            <param name="command" value="cd ${downloadbasetarget.dir} &amp;&amp; pwd &amp;&amp; rm -rf ${object.dir}" />
            <param name="failonerror" value="no" />
        </antcall>
        <!--<sshexec trust="true" host="${destination.ip}" username="${destination.uid}" password="${destination.pwd}" command="cd ${downloadbasetarget.dir} &amp;&amp; pwd &amp;&amp; rm -rf ${object.dir}" append="true" output="${LOG_FILE_NAME}" failonerror="no" />-->
    </target>
    <target name="DOWNLOAD_ORACLE_FORMS_AND_REPORTS" description="To Download Oracle forms and Oracle reports (physical file) from selected instances.">
        <antcall target="CREATE_DIRECTORY" inheritall="true" />
        <antcall target="COPY" inheritall="true" />
        <trycatch property="error.message">
            <try>
                 <echo message="&quot;${objectName}&quot;.." />
                <!--<sshexec trust="true" host="${destination.ip}" port="${destination.port}" username="${destination.uid}" password="${destination.pwd}" command= ". ~/.bash_profile &amp;&amp; cd ${target.dir} &amp;&amp;ant -buildfile Copy_AOL_Log.xml -Dsource.port=${source.port} -Dsource.uid=${source.uid} -Dsource.ip=${source.ip} -Dsource.pwd=${source.password} -DUploadBase=${DownLoadBase} -Dobject.dir=${object.dir} -DobjectName=${objectName} -DLOG_FILE_NAME=${LOG_FILE_NAME}" output="${LOG_FILE_NAME}" append="true" failonerror="yes"/><scp trust="true" file="${destination.uid}:${destination.pwd}@${destination.ip}:${downloadbasetarget.dir}/${object.dir}/*.log" todir="${DownLoadBase}/"/>-->
                <!--IS074198:-Handle exception while taking backup if the object is new object.
				    author :: rsahu-->
                <trycatch>
                    <try>
                        <!--Added for executeSCPWithoutVerbose_Override_3 -->
                        <if>
                            <equals arg1="${destination.isKeyFilePathAvailable}" arg2="true" />
                            <then>
                            	<antcall target="executeSCPWithoutVerbose_Override_3">
                            		<param name="todir_SCP_V_Override_3" value="${DownLoadBase}/" />
                                	<param name="file_SCP_V_Override_3" value="${destination.uid}@${destination.ip}:${downloadbasetarget.dir}/${object.dir}/&quot;${objectName}&quot;" />
                            	</antcall>
                            </then>
                        	<elseif>
                        		<equals arg1="${destination.isKeyFilePathAvailable}" arg2="false" />
                                <then>
                                	<antcall target="executeSCPWithoutVerbose_Override_3">
                                		<param name="todir_SCP_V_Override_3" value="${DownLoadBase}/" />
                                    	<param name="file_SCP_V_Override_3" value="${destination.uid}:${destination.pwd}@${destination.ip}:${downloadbasetarget.dir}/${object.dir}/${objectName}" />
                                	</antcall>
                                </then>
                            </elseif>
                        </if>
                        <!--<scp trust="true" file="${destination.uid}:${destination.pwd}@${destination.ip}:${downloadbasetarget.dir}/${object.dir}/${objectName}" todir="${DownLoadBase}/" />-->
                    </try>
                    <catch>
                        <echo message="No object to download at ${downloadbasetarget.dir}/${object.dir}/&quot;${objectName}&quot;" />
                    </catch>
                </trycatch>
            </try>
            <finally>
                <antcall target="DELETE_DIR" inheritall="true" />
            </finally>
        </trycatch>
    </target>
    <target name="EXECUTE_COMMAND" description="Executes commands in target instance">
        <!--IS076992 - When RUN COMMAND is getting executed from Validate Instance Registry jsp, required environmental variables are not being set.
				    Added by ksdas-->
        <antcall target="executeSSHEXECWithUsepty">
            <param name="command" value="${target.envFileCommand} ${command}" />
            <param name="failonerror" value="yes" />
        </antcall>
        <!--<sshexec trust="true" host="${destination_ip}" username="${destination_uid}" password="${destination_pwd}" usepty="true" command="${target.envFileCommand} ${command}" output="${LOG_FILE_NAME}" failonerror="yes" append="true" />-->
    </target>
</project>