<?xml version="1.0" encoding="UTF-8"?>
<project name="Oradisc" default="" >
    <taskdef resource="net/sf/antcontrib/antcontrib.properties"/>
    <import file="SSHandSCPConnection.xml"/>
    <taskdef name="sshexec" classname="com.triniti.tri2.ant.customTasks.CustomSSHExec" />
    <!-- IS073667-Show proper error reason in comments field of migration notification mail whenever any object migration gets failed -->
    <taskdef name="var" classname="net.sf.antcontrib.property.Variable"/>
    <!--Initializing captureLog as false-->
    <property name="captureLog" value="false" />
    <target name="export_disc">
        <trycatch property="error.message">
            <try>
                <if>
                    <equals arg1="${objectType}" arg2="BA_DEFINITION"/>
                    <then>
                        <sshexec trust="true" host="${source.ip}" username="${source.uid}" password="${source.pwd}" usepty="true" command="whoami; pwd;${target.envFileCommand}; mkdir -p ${uploadbasetarget.dir}/${object.dir}; chmod -R 777 ${uploadbasetarget.dir}/${object.dir} ; whoami"  output="${LOG_FILE_NAME}" append="true" failonerror="false" />
                        <sshexec trust="true" host="${source.ip}" username="${source.uid}" password="${source.pwd}" usepty="true" command="whoami; pwd;${target.envFileCommand}; ${connectToSudoCmd} ${singleQuotes} eulapi -connect ${apps.details} -eul ${EULName} -export ${uploadbasetarget.dir}/${object.dir}/${objectName}.eex -business_area_and_contents ${objectName} -identifier -log ${uploadbasetarget.dir}/${object.dir}/extractAOLlog.log;whoami;${singleQuotes} "  />
                        <sshexec trust="true" host="${source.ip}" username="${source.uid}" password="${source.pwd}" usepty="true" command="whoami; pwd;${target.envFileCommand}; ${connectToSudoCmd} ${singleQuotes} chmod -R 777 ${uploadbasetarget.dir}/${object.dir}/${objectName}.eex ;${singleQuotes} "  append="true" failonerror="yes" />
                        <echo message="The ${objectName} is exported Successfully to ${uploadbasetarget.dir}/${object.dir}/${objectName}.eex file" />
                    </then>
                    <elseif>
                        <equals arg1="${objectType}" arg2="BUSINESS_AREA"/>
                        <then>
                            <sshexec trust="true" host="${source.ip}" username="${source.uid}" password="${source.pwd}" usepty="true" command="whoami; pwd;${target.envFileCommand}; mkdir -p ${uploadbasetarget.dir}/${object.dir}; chmod -R 777 ${uploadbasetarget.dir}/${object.dir};"  output="${LOG_FILE_NAME}" append="true" failonerror="false" />
                            <sshexec trust="true" host="${source.ip}" username="${source.uid}" password="${source.pwd}" usepty="true" command="whoami; pwd;${target.envFileCommand}; ${connectToSudoCmd} ${singleQuotes} eulapi -connect ${apps.details} -eul ${EULName} -export ${uploadbasetarget.dir}/${object.dir}/${objectName}.eex -business_area_and_contents ${objectName} -identifier -log ${uploadbasetarget.dir}/${object.dir}/extractAOLlog.log;whoami;${singleQuotes} "  />
                            <sshexec trust="true" host="${source.ip}" username="${source.uid}" password="${source.pwd}" usepty="true" command="whoami; pwd;${target.envFileCommand}; ${connectToSudoCmd} ${singleQuotes} chmod -R 777 ${uploadbasetarget.dir}/${object.dir}/${objectName}.eex ;${singleQuotes} "  append="true" failonerror="yes" />
                            <echo message="The ${objectName} is exported Successfully to ${uploadbasetarget.dir}/${object.dir}/${objectName}.eex file" />
                        </then>
                    </elseif>
                    <elseif>
                        <equals arg1="${objectType}" arg2="BA_FOLDER"/>
                        <then>
                            <sshexec trust="true" host="${source.ip}" username="${source.uid}" password="${source.pwd}" usepty="true" command="whoami; pwd;${target.envFileCommand}; mkdir -p ${uploadbasetarget.dir}/${object.dir}; chmod -R 777 ${uploadbasetarget.dir}/${object.dir} ; whoami"  output="${LOG_FILE_NAME}" append="true" failonerror="false" />
                            <sshexec trust="true" host="${source.ip}" username="${source.uid}" password="${source.pwd}" usepty="true" command="whoami; pwd;${target.envFileCommand}; ${connectToSudoCmd} ${singleQuotes} eulapi -connect ${apps.details} -eul ${EULName} -export ${uploadbasetarget.dir}/${object.dir}/${objectName}.eex -folder ${objectName} -identifier -log ${uploadbasetarget.dir}/${object.dir}/extractAOLlog.log;whoami;${singleQuotes} "  />
                            <sshexec trust="true" host="${source.ip}" username="${source.uid}" password="${source.pwd}" usepty="true" command="whoami; pwd;${target.envFileCommand}; ${connectToSudoCmd} ${singleQuotes} chmod -R 777 ${uploadbasetarget.dir}/${object.dir}/${objectName}.eex ;${singleQuotes}"  append="true" failonerror="yes" />
                            <echo message="The ${objectName} is exported Successfully to ${uploadbasetarget.dir}/${object.dir}/${objectName}.eex file" />
                        </then>
                    </elseif>
                    <elseif>
                        <equals arg1="${objectType}" arg2="WORKBOOK"/>
                        <then>
                            <sshexec trust="true" host="${source.ip}" username="${source.uid}" password="${source.pwd}" usepty="true" command="whoami; pwd;${target.envFileCommand}; mkdir -p ${uploadbasetarget.dir}/${object.dir}; chmod -R 777 ${uploadbasetarget.dir}/${object.dir} ; whoami"  output="${LOG_FILE_NAME}" append="true" failonerror="false" />
                            <sshexec trust="true" host="${source.ip}" username="${source.uid}" password="${source.pwd}" usepty="true" command="whoami; pwd;${target.envFileCommand}; ${connectToSudoCmd} ${singleQuotes} eulapi -connect ${apps.details} -eul ${EULName} -export ${uploadbasetarget.dir}/${object.dir}/${objectName}.eex -workbook ${objectName} -identifier -log ${uploadbasetarget.dir}/${object.dir}/extractAOLlog.log;whoami;${singleQuotes} "  />
                            <sshexec trust="true" host="${source.ip}" username="${source.uid}" password="${source.pwd}" usepty="true" command="whoami; pwd;${target.envFileCommand}; ${connectToSudoCmd} ${singleQuotes} chmod -R 777 ${uploadbasetarget.dir}/${object.dir}/${objectName}.eex ;${singleQuotes} "  append="true" failonerror="yes" />
                            <echo message="The ${objectName} is exported Successfully to ${uploadbasetarget.dir}/${object.dir}/${objectName}.eex file" />
                        </then>
                    </elseif>
                    <elseif>
                        <equals arg1="${objectType}" arg2="DISCOVERER_EUL"/>
                        <then>
                            <sshexec trust="true" host="${source.ip}" username="${source.uid}" password="${source.pwd}" usepty="true" command="whoami; pwd;${target.envFileCommand}; mkdir -p ${uploadbasetarget.dir}/${object.dir}; chmod -R 777 ${uploadbasetarget.dir}/${object.dir} ; whoami"  output="${LOG_FILE_NAME}" append="true" failonerror="false" />
                            <sshexec trust="true" host="${source.ip}" username="${source.uid}" password="${source.pwd}" usepty="true" command="whoami; pwd;${target.envFileCommand}; ${connectToSudoCmd} ${singleQuotes} eulapi -connect ${apps.details} -eul ${EULName} -export ${uploadbasetarget.dir}/${EULName}/${EULName}.eex -all -log ${uploadbasetarget.dir}/${object.dir}/extractAOLlog.log;whoami;${singleQuotes}"  />
                            <sshexec trust="true" host="${source.ip}" username="${source.uid}" password="${source.pwd}" usepty="true" command="whoami; pwd;${target.envFileCommand}; ${connectToSudoCmd} ${singleQuotes} chmod -R 777 ${uploadbasetarget.dir}/${object.dir}/${objectName}.eex ;${singleQuotes} "  append="true" failonerror="yes" />
                            <echo message="The ${objectName} is exported Successfully to ${uploadbasetarget.dir}/${object.dir}/${objectName}.eex file" />
                        </then>
                    </elseif>
                </if>
            </try>
            <finally>
                <antcall target="COPY_REMOTE_FILE" inheritall="true"></antcall>
                <antcall target="DELETE_SOURCE" inheritall="true"></antcall>
            </finally>
        </trycatch>
    </target>
    <target name="import_disc">
        <!-- Setting captureLog as true for main logic -->
        <var name="captureLog" unset="true" />
        <property name="captureLog" value="true" />
        <trycatch property="error.message">
            <try>
                <!--Added executeSSHEXECWithUsepty-->
                <antcall target="executeSSHEXECWithUsepty">
                    <param name="command" value="whoami; pwd;${target.envFileCommand}; mkdir -p ${uploadbasetarget.dir}/${object.dir}; chmod -R 777 ${uploadbasetarget.dir}/${object.dir} ; whoami"/>
                    <param name="failonerror" value="false"/>
                </antcall>
                <!--<sshexec trust="true" host="${destination.ip}" username="${destination.uid}" password="${destination.pwd}" usepty="true" command="whoami; pwd;${target.envFileCommand}; mkdir -p ${uploadbasetarget.dir}/${object.dir}; chmod -R 777 ${uploadbasetarget.dir}/${object.dir} ; whoami"  output="${LOG_FILE_NAME}" append="true" failonerror="false" />-->
                <!-- Added for executeSCPWithTrustandVerbose-->
                <if>
                    <equals arg1="${destination.isKeyFilePathAvailable}" arg2="true" />
                    <then>
                    	<antcall target="executeSCPWithTrustandVerbose">
                    		<param name="file" value="${source.dir}/${objectName}"/>
                        	<param name="todir" value="${destination.uid}@${destination.ip}:${uploadbasetarget.dir}/${object.dir}/"/>
                    	</antcall>
                    </then>
                    <elseif>
                    	<equals arg1="${destination.isKeyFilePathAvailable}" arg2="false" />
                        <then>
                        	<antcall target="executeSCPWithTrustandVerbose">
                        		<param name="file" value="${source.dir}/${objectName}"/>
                           		<param name="todir" value="${destination.uid}:${destination.pwd}@${destination.ip}:${uploadbasetarget.dir}/${object.dir}/"/>
                        	</antcall>                  
                        </then>
                    </elseif>
                </if>
                <!--<scp trust="true" verbose="true"  file="${source.dir}/${objectName}" todir="${destination.uid}:${destination.pwd}@${destination.ip}:${uploadbasetarget.dir}/${object.dir}/" />-->
                <!--Added executeSSHEXECForDestination-->
                <antcall target="executeSSHEXECWithoutOutput">
                    <param name="command" value="whoami; pwd;${target.envFileCommand}; chmod -R 777 ${uploadbasetarget.dir}/${object.dir}/${objectName}; whoami"/>
                    <param name="failonerror" value="false"/>
                </antcall>
                <!--<sshexec trust="true" host="${destination.ip}" username="${destination.uid}" password="${destination.pwd}" usepty="true" command="whoami; pwd;${target.envFileCommand}; chmod -R 777 ${uploadbasetarget.dir}/${object.dir}/${objectName}; whoami"   append="true" failonerror="false" />-->
                <!--Added executeSSHEXECForDestination-->
                <antcall target="executeSSHEXECWithoutFailonErrorAndOutput">
                    <param name="command" value="whoami; pwd;${target.envFileCommand};${connectToSudoCmd} eulapi -connect ${apps.details} -import ${uploadbasetarget.dir}/${object.dir}/${objectName} -identifier -preserve_workbook_owner -import_rename_mode refresh -log ${uploadbasetarget.dir}/${object.dir}/importOraDisclog.log ;${connectToSudoCmd} chmod -R 777 ${uploadbasetarget.dir}/${object.dir}/importOraDisclog.log"/>
                </antcall>
                <!--<sshexec trust="true" host="${destination.ip}" username="${destination.uid}" password="${destination.pwd}" usepty="true" command= "whoami; pwd;${target.envFileCommand};${connectToSudoCmd} eulapi -connect ${apps.details} -import ${uploadbasetarget.dir}/${object.dir}/${objectName} -identifier -preserve_workbook_owner -import_rename_mode refresh -log ${uploadbasetarget.dir}/${object.dir}/importOraDisclog.log ;${connectToSudoCmd} chmod -R 777 ${uploadbasetarget.dir}/${object.dir}/importOraDisclog.log" />-->
                <!--Added executeSSHEXECForDestination-->
                <antcall target="executeSSHEXECWithoutOutput">
                    <param name="command" value="whoami; pwd;${target.envFileCommand}; ${connectToSudoCmd} chmod -R 777 ${uploadbasetarget.dir}/${object.dir}/importOraDisclog.log"/>
                    <param name="failonerror" value="yes"/>
                </antcall>
                <!--<sshexec  trust="true"  host="${destination.ip}" username="${destination.uid}" password="${destination.pwd}" usepty="true" command="whoami; pwd;${target.envFileCommand}; ${connectToSudoCmd} chmod -R 777 ${uploadbasetarget.dir}/${object.dir}/importOraDisclog.log"  append="true" failonerror="yes" />-->
                <!-- 	<sshexec  trust="true"  host="${destination.ip}" username="${destination.uid}" password="${destination.pwd}" usepty="true" command="whoami; pwd;${target.envFileCommand}; ${connectToSudoCmd}   chmod -R 777 ${uploadbasetarget.dir}/${object.dir}/extractAOLlog.log"  append="true" failonerror="yes" />  -->
                <antcall target="COPY_FILE" inheritall="true"></antcall>
            </try>
        </trycatch>
    </target>
    <target name="COPY_LOG_AND_DELETE_LOCAL_FILE">
        <trycatch property="error.message">
            <try>
                <antcall target="COPY_ORA_DISC_LOG" inheritall="true"></antcall>
            </try>
            <finally>
                <!--Deleting the Copied files at target path -->
                <!--Added executeSSHEXECForDestination-->
                <antcall target="executeSSHEXECWithFailonError_WithOutPort">
                    <param name="command" value="${target.envFileCommand} &amp;&amp; cd ${target.dir} &amp;&amp; rm -r ${object.dir}"/>
                    <param name="failonerror" value="no"/>
                </antcall>
                <!--<sshexec trust="true" host="${destination.ip}" username="${destination.uid}" password="${destination.pwd}" command=  ". ~/.bash_profile &amp;&amp; cd ${target.dir} &amp;&amp; rm -r ${object.dir}" append="true" output="${LOG_FILE_NAME}" failonerror="no"/>-->
                <echo>${object.dir} is deleted successfully in Migration instance </echo>
                <!-- Deleting the Checked out EEX file in MigCVSCheckin location -->
                <delete>
                    <fileset dir="${source.dir}">
                        <include name="${objectName}"/>
                    </fileset>
                </delete>
            </finally>
        </trycatch>
    </target>
    <target name="COPY_REMOTE_FILE_AND_DELETE">
        <trycatch property="error.message">
            <try>
                <antcall target="COPY_REMOTE_FILE" inheritall="true"></antcall>
            </try>
            <finally>
                <!--Deleting the Exported directory and files at source instance path -->
                <sshexec trust="true" host="${source.ip}" username="${source.uid}" password="${source.pwd}" command=  "${target.envFileCommand} &amp;&amp; cd ${uploadbasetarget.dir} &amp;&amp; rm -r ${object.dir}" append="true" output="${LOG_FILE_NAME}" failonerror="no"/>
                <echo>${object.dir} is deleted successfully in Migration instance </echo>
                <!-- End of Delete -->
            </finally>
        </trycatch>
    </target>
    <target name="DELETE_SOURCE">
        <sshexec trust="true" host="${source.ip}" username="${source.uid}" password="${source.pwd}" usepty="true" command="whoami; pwd;${target.envFileCommand}; cd ${uploadbasetarget.dir}; rm -rf ${object.dir};"  output="${LOG_FILE_NAME}" append="true" failonerror="false" />
    </target>
    <target name="DELETE_DESTINATION">
        <antcall target="executeSSHEXECWithUsepty">
            <param name="command" value="whoami; pwd;${target.envFileCommand}; rm -r  ${uploadbasetarget.dir}/${object.dir}; whoami"/>
            <param name="failonerror" value="false"/>
        </antcall>
        <!--<sshexec trust="true" host="${destination.ip}" username="${destination.uid}" password="${destination.pwd}" usepty="true" command="whoami; pwd;${target.envFileCommand}; rm -r  ${uploadbasetarget.dir}/${object.dir}; whoami" output="${LOG_FILE_NAME}" append="true" failonerror="false" />-->
        <echo>${object.dir} is deleted successfully in Migration instance </echo>
    </target>
    <!--	<target name="delete_disc"><echo message="Deleting ${objectName} from ${targetDB}" /><sshexec trust="true" host="${destination.ip}" username="${destination.uid}" password="${destination.pwd}" command= ". ~/.bash_profile &amp;&amp; cd $ORACLE_HOME/bin &amp;&amp; eulapi -connect ${apps.details} -eul ${EULName} -delete -workbook ${objectName} -identifier -log $HOME/${uploadbasetarget.dir}/${object.dir}/deleteAOLlog.log " 
			append="true" output="delAolOutPut.log" failonerror="yes"/></target> -->
    <target name="COPY_FILE">
        <echo>objectName is Copying.</echo>
        <!--Added for executeSCPWithoutVerbose -->
        <if>
            <equals arg1="${destination.isKeyFilePathAvailable}" arg2="true" />
            <then>
            	<antcall target="executeSCPWithoutVerbose">
            		<param name= "todir" value = "${uploadBase}"/>
                	<param name="file" value="${destination.uid}@${destination.ip}:${uploadbasetarget.dir}/${object.dir}/*.log"/>
            	</antcall>
            </then>
            <elseif>
            	<equals arg1="${destination.isKeyFilePathAvailable}" arg2="false" />
                <then>
                	<antcall target="executeSCPWithoutVerbose">
                		<param name= "todir" value = "${uploadBase}"/>
                    	<param name="file" value="${destination.uid}:${destination.pwd}@${destination.ip}:${uploadbasetarget.dir}/${object.dir}/*.log"/>
            	 	</antcall>
                </then>
            </elseif>
        </if>
        <!--<scp trust="true" file="${destination.uid}:${destination.pwd}@${destination.ip}:${uploadbasetarget.dir}/${object.dir}/*.log" todir="${uploadBase}" />-->
        <echo>objectName is Copied Successfully.</echo>
        <antcall target="executeSSHEXECWithUsepty">
            <param name="command" value="whoami; pwd;${target.envFileCommand}; rm -rf  ${uploadbasetarget.dir}/${object.dir};"/>
            <param name="failonerror" value="false"/>
        </antcall>
        <!--<sshexec trust="true" host="${destination.ip}" username="${destination.uid}" password="${destination.pwd}" usepty="true" command="whoami; pwd;${target.envFileCommand}; rm -rf  ${uploadbasetarget.dir}/${object.dir};"  output="${LOG_FILE_NAME}" append="true" failonerror="false" />-->
        <echo>${object.dir} is deleted successfully in Target instance.</echo>
    </target>
    <target name="COPY_REMOTE_FILE">
        <!--Added for executeSCPWithoutVerbose -->
        <if>
            <equals arg1="${destination.isKeyFilePathAvailable}" arg2="true" />
            <then>
            	<antcall target="executeSCPWithoutVerbose_Override_1">
            		<param name= "todir_SCP_V_Override_1" value = "${destination.dir}/"/>
                	<param name="file_SCP_V_Override_1" value="${source.uid}@${source.ip}:${uploadbasetarget.dir}/${object.dir}/*.eex"/>
            	</antcall>
            </then>
            <elseif>
            	<equals arg1="${destination.isKeyFilePathAvailable}" arg2="false" />
                <then>
                	<antcall target="executeSCPWithoutVerbose_Override_1">
                		<param name= "todir_SCP_V_Override_1" value = "${destination.dir}/"/>
                    	<param name="file_SCP_V_Override_1" value="${source.uid}:${source.pwd}@${source.ip}:${uploadbasetarget.dir}/${object.dir}/*.eex"/>
            		</antcall>
                </then>
            </elseif>
        </if>
        <!--<scp trust="true" file="${source.uid}:${source.pwd}@${source.ip}:${uploadbasetarget.dir}/${object.dir}/*.eex" todir="${destination.dir}/" />-->
        <echo>Copying ${objectName}.eex file to ${destination.dir}</echo>
    </target>
    <target name="COPY_ORA_DISC_LOG">
        <echo>Copying importOraDisc.log file from ${instanceName} to ${uploadBase}</echo>
        <!--Added for executeSCPlocalTodir -->
        <if>
            <equals arg1="${destination.isKeyFilePathAvailable}" arg2="true" />
            <then>
            	 <antcall target="executeSCPlocalTodir">
            	 	<param name= "localTodir" value = "${uploadBase}"/>
            	 	<param name= "failonerror" value = "true"/>
                 <param name="file" value="${destination.uid}@${destination.ip}:${uploadbasetarget.dir}/${object.dir}/*"/>
            	 </antcall>
            </then>
            <elseif>
            	<equals arg1="${destination.isKeyFilePathAvailable}" arg2="false" />
                <then>
                	 <antcall target="executeSCPlocalTodir">
                	 	<param name= "localTodir" value = "${uploadBase}"/>
                	 	<param name= "failonerror" value = "true"/>
                     	<param name="file" value="${destination.uid}:${destination.pwd}@${destination.ip}:${uploadbasetarget.dir}/${object.dir}/*"/>
            	 	</antcall>
                </then>
            </elseif>
        </if>
        <!--<scp trust="true" verbose="true" localTodir="${uploadBase}" file="${destination.uid}:${destination.pwd}@${destination.ip}:${uploadbasetarget.dir}/${object.dir}/*" failonerror="true"/>-->
    </target>
    <target name="DOWNLOAD_ZIP" description="create zip file" >
        <trycatch property="error.message">
            <try>
                <zip destfile="${gpsUploadToHere}/${zipName}" >
                    <fileset dir="${zipRepo}"/>
                </zip>
            </try>
            <finally>
                <!-- Deleting the Unnecessary f in MigCVSCheckin location -->
            </finally>
        </trycatch>
    </target>
    <target name="COPY_HARD_REMOTE_FILE">
        <scp trust="true" verbose="true" localTodir="D:\TrinitiApps28\tabimpl\WEB-INF\classes\attachments_email\oraDisc_1370436126364" file="oradisc:welcome@hletkdev.global.triniti.com:./MIG_TOOL/Upload/Upload/SROY_WB_BASIC_ORADISC/*"  />
    </target>
</project>
