<?xml version="1.0" encoding="UTF-8"?>
<project name="Application Object Migrator for SSH" default="">
    <!-- Added by Sarojkumar for passwordless login using SSH Keygen 
	IS092448-Make AOM to support passwordless login using SSH Keygen while migrating objects-->
    <taskdef name="sshexec" classname="com.triniti.tri2.ant.customTasks.CustomSSHExec" />
    <target name="executeSSHEXECWithoutOutPutAndAppend">        
        <if>
            <equals arg1="${destination.isKeyFilePathAvailable}" arg2="true" />
            <then>
                <echo message="Calling sshexec through KeyFile" />
                <sshexec trust="true" host="${destination.ip}" username="${destination.uid}" keyfile="${destination.keyfile}"   usepty="true" command="${command}" failonerror="${failonerror}" passphrase="" />
            </then>
            <elseif>
                <equals arg1="${destination.isKeyFilePathAvailable}" arg2="false" />
                <then>
                    <echo message="Calling sshexec through password" />
                    <sshexec trust="true" host="${destination.ip}" username="${destination.uid}" password="${destination.pwd}" usepty="true" command="${command}" failonerror="${failonerror}" />
                </then>
            </elseif>
        </if>
    </target>
    <target name="executeSSHEXECWithoutFailonError">       
        <if>
            <equals arg1="${destination.isKeyFilePathAvailable}" arg2="true" />
            <then>
                <echo message="Calling executeSSHEXECWithoutFailonError target through KeyFile" />
                <sshexec trust="true" host="${destination.ip}" username="${destination.uid}" port="${destination.port}" keyfile="${destination.keyfile}"   command="${command}" append="true" output="${LOG_FILE_NAME}" passphrase="" />
            </then>
            <elseif>
                <equals arg1="${destination.isKeyFilePathAvailable}" arg2="false" />
                <then>
                    <echo message="Calling executeSSHEXECWithoutFailonError target through password" />
                    <sshexec trust="true" host="${destination.ip}" port="${destination.port}" username="${destination.uid}" password="${destination.pwd}" command="${command}" append="true" output="${LOG_FILE_NAME}" />
                </then>
            </elseif>
        </if>
    </target>
    <target name="executeSSHEXECWithFailonError">       
        <if>
            <equals arg1="${destination.isKeyFilePathAvailable}" arg2="true" />
            <then>
                <echo message="Calling executeSSHEXECWithFailonError target through KeyFile" />
                <sshexec trust="true" host="${destination.ip}" username="${destination.uid}" port="${destination.port}" keyfile="${destination.keyfile}"   command="${command}" append="true" output="${LOG_FILE_NAME}" passphrase="" failonerror="${failonerror}" />
            </then>
            <elseif>
                <equals arg1="${destination.isKeyFilePathAvailable}" arg2="false" />
                <then>
                    <echo message="Calling executeSSHEXECWithFailonError target through password" />
                    <sshexec trust="true" host="${destination.ip}" port="${destination.port}" username="${destination.uid}" password="${destination.pwd}" command="${command}" append="true" output="${LOG_FILE_NAME}" failonerror="${failonerror}" />
                </then>
            </elseif>
        </if>
    </target>
    <target name="executeSCP">        
        <if>
            <equals arg1="${destination.isKeyFilePathAvailable}" arg2="true" />
            <then>
                <echo message="Calling scp through KeyFile" />
                <scp trust="true" verbose="true" port="${destination.port}" file="${file}" todir="${todir}" keyfile="${destination.keyfile}"   passphrase="" />
            </then>
            <elseif>
                <equals arg1="${destination.isKeyFilePathAvailable}" arg2="false" />
                <then>
                    <echo message="Calling scp through password" />
                    <scp trust="true" verbose="true" port="${destination.port}" file="${file}" todir="${todir}" password="${destination.pwd}" />
                </then>
            </elseif>
        </if>
    </target>
    <target name="executeSCPWithVerbose">
        <!--trust,verbose,port,file,dir-->
        <if>
            <equals arg1="${destination.isKeyFilePathAvailable}" arg2="true" />
            <then>
                <echo message="Calling scp through KeyFile" />
                <scp trust="true" verbose="true" port="${destination.port}" file="${file}" todir="${todir}" keyfile="${destination.keyfile}"   passphrase="" />
            </then>
            <elseif>
                <equals arg1="${destination.isKeyFilePathAvailable}" arg2="false" />
                <then>
                    <echo message="Calling scp through password" />
                    <scp trust="true" verbose="true" port="${destination.port}" file="${file}" todir="${todir}" />
                </then>
            </elseif>
        </if>
    </target>
    <target name="executeSCPWithVerbose_Override1">
        <!--trust,verbose,port,file,dir-->        
        <if>
            <equals arg1="${destination.isKeyFilePathAvailable}" arg2="true" />
            <then>
                <echo message="Calling scp through KeyFile" />
                <scp trust="true" verbose="true" port="${destination.port}" file="${file_SCP_Override_1}" todir="${todir_SCP_Override_1}" keyfile="${destination.keyfile}"   passphrase="" />
            </then>
            <elseif>
                <equals arg1="${destination.isKeyFilePathAvailable}" arg2="false" />
                <then>
                    <echo message="Calling scp through password" />
                    <scp trust="true" verbose="true" port="${destination.port}" file="${file_SCP_Override_1}" todir="${todir_SCP_Override_1}" />
                </then>
            </elseif>
        </if>
    </target>
    <target name="executeSCPWithoutVerbose">
        <!--trust,file,dir-->       
        <if>
            <equals arg1="${destination.isKeyFilePathAvailable}" arg2="true" />
            <then>
                <echo message="Calling scp through KeyFile" />
                <scp trust="true" file="${file}" todir="${todir}" keyfile="${destination.keyfile}"   passphrase="" />
            </then>
            <elseif>
                <equals arg1="${destination.isKeyFilePathAvailable}" arg2="false" />
                <then>
                    <echo message="Calling scp through password" />
                    <scp trust="true" file="${file}" todir="${todir}" />
                </then>
            </elseif>
        </if>
    </target>
    <target name="executeSCPWithoutVerbose_Override_1">
        <!--trust,file,dir-->
        <if>
            <equals arg1="${destination.isKeyFilePathAvailable}" arg2="true" />
            <then>
                <echo message="Calling executeSCPWithoutVerbose_Override_1 through KeyFile" />
                <scp trust="true" file="${file_SCP_V_Override_1}" todir="${todir_SCP_V_Override_1}" keyfile="${destination.keyfile}"   passphrase="" />
            </then>
            <elseif>
                <equals arg1="${destination.isKeyFilePathAvailable}" arg2="false" />
                <then>
                    <echo message="Calling executeSCPWithoutVerbose_Override_1 through password" />
                    <scp trust="true" file="${file_SCP_V_Override_1}" todir="${todir_SCP_V_Override_1}" />
                </then>
            </elseif>
        </if>
    </target>
    <target name="executeSCPWithoutVerbose_Override_2">
        <!--trust,file,dir-->
        <if>
            <equals arg1="${destination.isKeyFilePathAvailable}" arg2="true" />
            <then>
                <echo message="Calling scp through KeyFile" />
                <scp trust="true" file="${file_SCP_V_Override_2}" todir="${todir_SCP_V_Override_2}" keyfile="${destination.keyfile}"   passphrase="" />
            </then>
            <elseif>
                <equals arg1="${destination.isKeyFilePathAvailable}" arg2="false" />
                <then>
                    <echo message="Calling scp through password" />
                    <scp trust="true" file="${file_SCP_V_Override_2}" todir="${todir_SCP_V_Override_2}" />
                </then>
            </elseif>
        </if>
    </target>
    <target name="executeSCPWithoutVerbose_Override_3">
        <!--trust,file,dir-->
        <if>
            <equals arg1="${destination.isKeyFilePathAvailable}" arg2="true" />
            <then>
                <echo message="Calling executeSCPWithoutVerbose_Override_3 through KeyFile" />
                <scp trust="true" file="${file_SCP_V_Override_3}" todir="${todir_SCP_V_Override_3}" keyfile="${destination.keyfile}"   passphrase="" />
            </then>
            <elseif>
                <equals arg1="${destination.isKeyFilePathAvailable}" arg2="false" />
                <then>
                    <echo message="Calling executeSCPWithoutVerbose_Override_3 through password" />
                    <scp trust="true" file="${file_SCP_V_Override_3}" todir="${todir_SCP_V_Override_3}" />
                </then>
            </elseif>
        </if>
    </target>
    <target name="executeSCPWithoutVerbose_Override_4">
        <!--trust,file,dir-->
        <if>
            <equals arg1="${destination.isKeyFilePathAvailable}" arg2="true" />
            <then>
                <echo message="Calling executeSCPWithoutVerbose_Override_4 through KeyFile" />
                <scp trust="true" file="${file_SCP_V_Override_4}" todir="${todir_SCP_V_Override_4}" keyfile="${destination.keyfile}"   passphrase="" />
            </then>
            <elseif>
                <equals arg1="${destination.isKeyFilePathAvailable}" arg2="false" />
                <then>
                    <echo message="Calling executeSCPWithoutVerbose_Override_4 through password" />
                    <scp trust="true" file="${file_SCP_V_Override_4}" todir="${todir_SCP_V_Override_4}" />
                </then>
            </elseif>
        </if>
    </target>
    <target name="executeSCPWithoutVerbose_Override_5">
        <!--trust,file,dir-->
        <if>
            <equals arg1="${destination.isKeyFilePathAvailable}" arg2="true" />
            <then>
                <echo message="Calling executeSCPWithoutVerbose_Override_5 through KeyFile" />
                <scp trust="true" file="${file_SCP_V_Override_5}" todir="${todir_SCP_V_Override_5}" keyfile="${destination.keyfile}"   passphrase="" />
            </then>
            <elseif>
                <equals arg1="${destination.isKeyFilePathAvailable}" arg2="false" />
                <then>
                    <echo message="Calling executeSCPWithoutVerbose_Override_5 through password" />
                    <scp trust="true" file="${file_SCP_V_Override_5}" todir="${todir_SCP_V_Override_5}" />
                </then>
            </elseif>
        </if>
    </target>
    <target name="executeSCPWithoutVerbose_Override_6">
        <!--trust,file,dir-->
        <if>
            <equals arg1="${destination.isKeyFilePathAvailable}" arg2="true" />
            <then>
                <echo message="Calling executeSCPWithoutVerbose_Override_6 through KeyFile" />
                <scp trust="true" file="${file_SCP_V_Override_6}" todir="${todir_SCP_V_Override_6}" keyfile="${destination.keyfile}"   passphrase="" />
            </then>
            <elseif>
                <equals arg1="${destination.isKeyFilePathAvailable}" arg2="false" />
                <then>
                    <echo message="Calling executeSCPWithoutVerbose_Override_5 through password" />
                    <scp trust="true" file="${file_SCP_V_Override_6}" todir="${todir_SCP_V_Override_6}" />
                </then>
            </elseif>
        </if>
    </target>
    <target name="executeSCPWithoutVerbose_Override_7">
        <!--trust,file,dir-->
        <if>
            <equals arg1="${destination.isKeyFilePathAvailable}" arg2="true" />
            <then>
                <echo message="Calling executeSCPWithoutVerbose_Override_7 through KeyFile" />
                <scp trust="true" file="${file_SCP_V_Override_7}" todir="${todir_SCP_V_Override_7}" keyfile="${destination.keyfile}"   passphrase="" />
            </then>
            <elseif>
                <equals arg1="${destination.isKeyFilePathAvailable}" arg2="false" />
                <then>
                    <echo message="Calling executeSCPWithoutVerbose_Override_5 through password" />
                    <scp trust="true" file="${file_SCP_V_Override_7}" todir="${todir_SCP_V_Override_7}" />
                </then>
            </elseif>
        </if>
    </target>
    <target name="executeSCPWithoutVerbose_Override_8">
        <!--trust,file,dir-->
        <if>
            <equals arg1="${destination.isKeyFilePathAvailable}" arg2="true" />
            <then>
                <echo message="Calling executeSCPWithoutVerbose_Override_8 through KeyFile" />
                <scp trust="true" file="${file_SCP_V_Override_8}" todir="${todir_SCP_V_Override_8}" keyfile="${destination.keyfile}"   passphrase="" />
            </then>
            <elseif>
                <equals arg1="${destination.isKeyFilePathAvailable}" arg2="false" />
                <then>
                    <echo message="Calling executeSCPWithoutVerbose_Override_5 through password" />
                    <scp trust="true" file="${file_SCP_V_Override_8}" todir="${todir_SCP_V_Override_8}" />
                </then>
            </elseif>
        </if>
    </target>
    <target name="executeSCPWithoutVerbose_Override_9">
        <!--trust,file,dir-->
        <if>
            <equals arg1="${destination.isKeyFilePathAvailable}" arg2="true" />
            <then>
                <echo message="Calling executeSCPWithoutVerbose_Override_9 through KeyFile" />
                <scp trust="true" file="${file_SCP_V_Override_9}" todir="${todir_SCP_V_Override_9}" keyfile="${destination.keyfile}"   passphrase="" />
            </then>
            <elseif>
                <equals arg1="${destination.isKeyFilePathAvailable}" arg2="false" />
                <then>
                    <echo message="Calling executeSCPWithoutVerbose_Override_5 through password" />
                    <scp trust="true" file="${file_SCP_V_Override_9}" todir="${todir_SCP_V_Override_9}" />
                </then>
            </elseif>
        </if>
    </target>
    <target name="executeSCPWithoutVerbose_Override_10">
        <!--trust,file,dir-->
        <if>
            <equals arg1="${destination.isKeyFilePathAvailable}" arg2="true" />
            <then>
                <echo message="Calling executeSCPWithoutVerbose_Override_10 through KeyFile" />
                <scp trust="true" file="${file_SCP_V_Override_10}" todir="${todir_SCP_V_Override_10}" keyfile="${destination.keyfile}"   passphrase="" />
            </then>
            <elseif>
                <equals arg1="${destination.isKeyFilePathAvailable}" arg2="false" />
                <then>
                    <echo message="Calling executeSCPWithoutVerbose_Override_5 through password" />
                    <scp trust="true" file="${file_SCP_V_Override_10}" todir="${todir_SCP_V_Override_10}" />
                </then>
            </elseif>
        </if>
    </target>
    <target name="executeSCPWithoutVerbose_Override_11">
        <!--trust,file,dir-->
        <if>
            <equals arg1="${destination.isKeyFilePathAvailable}" arg2="true" />
            <then>
                <echo message="Calling executeSCPWithoutVerbose_Override_5 through KeyFile" />
                <scp trust="true" file="${file_SCP_V_Override_11}" todir="${todir_SCP_V_Override_11}" keyfile="${destination.keyfile}"   passphrase="" />
            </then>
            <elseif>
                <equals arg1="${destination.isKeyFilePathAvailable}" arg2="false" />
                <then>
                    <echo message="Calling executeSCPWithoutVerbose_Override_5 through password" />
                    <scp trust="true" file="${file_SCP_V_Override_11}" todir="${todir_SCP_V_Override_11}" />
                </then>
            </elseif>
        </if>
    </target>
    <target name="executeSCPWithTrustandVerbose">
        <!--trust,file,dir,verbose-->
        <if>
            <equals arg1="${destination.isKeyFilePathAvailable}" arg2="true" />
            <then>
                <echo message="Calling scp through KeyFile" />
                <scp trust="true" verbose="true" file="${file}" todir="${todir}" keyfile="${destination.keyfile}"   passphrase="" />
            </then>
            <elseif>
                <equals arg1="${destination.isKeyFilePathAvailable}" arg2="false" />
                <then>
                    <echo message="Calling scp through password" />
                    <scp trust="true" file="${file}" todir="${todir}" verbose="true" />
                </then>
            </elseif>
        </if>
    </target>
    <target name="executeSCPWithTrustandVerbose_Override_1">
        <!--trust,file,dir,verbose-->
        <if>
            <equals arg1="${destination.isKeyFilePathAvailable}" arg2="true" />
            <then>
                <echo message="Calling executeSCPWithTrustandVerbose_Override_1 through KeyFile" />
                <scp trust="true" verbose="true" file="${file_override_1}" todir="${todir_override_1}" keyfile="${destination.keyfile}"   passphrase="" />
            </then>
            <elseif>
                <equals arg1="${destination.isKeyFilePathAvailable}" arg2="false" />
                <then>
                    <echo message="Calling executeSCPWithTrustandVerbose_Override_1 through password" />
                    <scp trust="true" file="${file_override_1}" todir="${todir_override_1}" verbose="true" />
                </then>
            </elseif>
        </if>
    </target>
    <target name="executeSCPWithFailonError">
        <!--trust,file,dir,failonerror-->
        <if>
            <equals arg1="${destination.isKeyFilePathAvailable}" arg2="true" />
            <then>
                <echo message="Calling scp through KeyFile" />
                <scp trust="true" file="${file}" todir="${todir}" failonerror="${failonerror}" keyfile="${destination.keyfile}"   passphrase="" />
            </then>
            <elseif>
                <equals arg1="${destination.isKeyFilePathAvailable}" arg2="false" />
                <then>
                    <echo message="Calling scp through password" />
                    <scp trust="true" file="${file}" todir="${todir}" failonerror="${failonerror}" />
                </then>
            </elseif>
        </if>
    </target>
    <target name="executeSCPWithoutPort">
        <!--trust,file,dir,password-->
        <if>
            <equals arg1="${destination.isKeyFilePathAvailable}" arg2="true" />
            <then>
                <echo message="Calling scp through KeyFile" />
                <scp trust="true" file="${file}" todir="${todir}" keyfile="${destination.keyfile}"   passphrase="" />
            </then>
            <elseif>
                <equals arg1="${destination.isKeyFilePathAvailable}" arg2="false" />
                <then>
                    <echo message="Calling scp through password" />
                    <scp trust="true" file="${file}" todir="${todir}" password="${destination.pwd}" />
                </then>
            </elseif>
        </if>
    </target>
    <target name="executeSCPWithOneFileSetWithSFTP">        
        <if>
            <equals arg1="${destination.isKeyFilePathAvailable}" arg2="true" />
            <then>
                <echo message="Calling executeSCPWithOneFileSet through KeyFile" />
                <scp trust="true" sftp="${sftp}" verbose="true" port="${destination.port}" todir="${todir}" keyfile="${destination.keyfile}"   passphrase="">
                    <fileset dir="${first_dir_source.dir}">
                        <include name="${first_dir_object_name}" />
                    </fileset>
                </scp>
            </then>
            <elseif>
                <equals arg1="${destination.isKeyFilePathAvailable}" arg2="false" />
                <then>
                    <echo message="Calling executeSCPWithOneFileSet through password" />
                    <scp trust="true" sftp="${sftp}" verbose="true" port="${destination.port}" todir="${todir}" password="${destination.pwd}">
                        <fileset dir="${first_dir_source.dir}">
                            <include name="${first_dir_object_name}" />
                        </fileset>
                    </scp>
                </then>
            </elseif>
        </if>
    </target>
    <target name="executeSCPWithOneFileSetWithSFTP_Override_1">        
        <if>
            <equals arg1="${destination.isKeyFilePathAvailable}" arg2="true" />
            <then>
                <echo message="Calling executeSCPWithOneFileSet through KeyFile" />
                <scp trust="true" sftp="${sftp}" verbose="true" port="${destination.port}" todir="${todir_OneFileSetWithSFTP_override_1}" keyfile="${destination.keyfile}"   passphrase="">
                    <fileset dir="${first_dir_source.dir_override_1}">
                        <include name="${first_dir_object_name_override_1}" />
                    </fileset>
                </scp>
            </then>
            <elseif>
                <equals arg1="${destination.isKeyFilePathAvailable}" arg2="false" />
                <then>
                    <echo message="Calling executeSCPWithOneFileSet through password" />
                    <scp trust="true" sftp="${sftp}" verbose="true" port="${destination.port}" todir="${todir_OneFileSetWithSFTP_override_1}" password="${destination.pwd}">
                        <fileset dir="${first_dir_source.dir_override_1}">
                            <include name="${first_dir_object_name_override_1}" />
                        </fileset>
                    </scp>
                </then>
            </elseif>
        </if>
    </target>
    <target name="executeSCPWithOneFileSetWithPort">        
        <if>
            <equals arg1="${destination.isKeyFilePathAvailable}" arg2="true" />
            <then>
                <echo message="Calling executeSCPWithOneFileSet through KeyFile" />
                <scp trust="true" verbose="true" port="${destination.port}" todir="${todir}" keyfile="${destination.keyfile}"   passphrase="">
                    <fileset dir="${first_dir_source.dir}">
                        <include name="${first_dir_object_name}" />
                    </fileset>
                </scp>
            </then>
            <elseif>
                <equals arg1="${destination.isKeyFilePathAvailable}" arg2="false" />
                <then>
                    <echo message="Calling executeSCPWithOneFileSet through password" />
                    <scp trust="true" verbose="true" port="${destination.port}" todir="${todir}" password="${destination.pwd}">
                        <fileset dir="${first_dir_source.dir}">
                            <include name="${first_dir_object_name}" />
                        </fileset>
                    </scp>
                </then>
            </elseif>
        </if>
    </target>
    <target name="executeSCPWithOneFileSetWithFailonError">        
        <if>
            <equals arg1="${destination.isKeyFilePathAvailable}" arg2="true" />
            <then>
                <echo message="Calling executeSCPWithOneFileSet through KeyFile" />
                <scp trust="true" verbose="true" todir="${todir}" keyfile="${destination.keyfile}"   failonerror="${failonerror}" passphrase="">
                    <fileset dir="${first_dir_source.dir}">
                        <include name="${first_dir_object_name}" />
                    </fileset>
                </scp>
            </then>
            <elseif>
                <equals arg1="${destination.isKeyFilePathAvailable}" arg2="false" />
                <then>
                    <echo message="Calling executeSCPWithOneFileSet through password" />
                    <scp trust="true" verbose="true" todir="${todir}" password="${destination.pwd}" failonerror="${failonerror}">
                        <fileset dir="${first_dir_source.dir}">
                            <include name="${first_dir_object_name}" />
                        </fileset>
                    </scp>
                </then>
            </elseif>
        </if>
    </target>
    <target name="executeSCPWithOneFileSetWithFailonError_Override_1">        
        <if>
            <equals arg1="${destination.isKeyFilePathAvailable}" arg2="true" />
            <then>
                <echo message="Calling executeSCPWithOneFileSet through KeyFile" />
                <scp trust="true" verbose="true" todir="${todir_SCP_F_Override_1}" keyfile="${destination.keyfile}"   failonerror="${failonerror_SCP_F_Override_1}" passphrase="">
                    <fileset dir="${first_dir_source.dir_SCP_F_Override_1}">
                        <include name="${first_dir_object_name_SCP_F_Override_1}" />
                    </fileset>
                </scp>
            </then>
            <elseif>
                <equals arg1="${destination.isKeyFilePathAvailable}" arg2="false" />
                <then>
                    <echo message="Calling executeSCPWithOneFileSet through password" />
                    <scp trust="true" verbose="true" todir="${todir_SCP_F_Override_1}" password="${destination.pwd}" failonerror="${failonerror_SCP_F_Override_1}">
                        <fileset dir="${first_dir_source.dir_SCP_F_Override_1}">
                            <include name="${first_dir_object_name_SCP_F_Override_1}" />
                        </fileset>
                    </scp>
                </then>
            </elseif>
        </if>
    </target>
    <target name="executeSCPWithTwoFileSet">        
        <if>
            <equals arg1="${destination.isKeyFilePathAvailable}" arg2="true" />
            <then>
                <echo message="Calling executeSCPWithOneFileSet through KeyFile" />
                <scp trust="true" verbose="true" port="${destination.port}" todir="${todir}" keyfile="${destination.keyfile}"   failonerror="${failonerror}" passphrase="">
                    <fileset dir="${first_dir_source.dir}">
                        <include name="${first_dir_object_name}" />
                    </fileset>
                    <fileset dir="${second_dir_source.dir}">
                        <include name="${second_dir_object_name}" />
                    </fileset>
                </scp>
            </then>
            <elseif>
                <equals arg1="${destination.isKeyFilePathAvailable}" arg2="false" />
                <then>
                    <echo message="Calling executeSCPWithOneFileSet through password" />
                    <scp trust="true" verbose="true" port="${destination.port}" todir="${todir}" password="${destination.pwd}">
                        <fileset dir="${first_dir_source.dir}">
                            <include name="${first_dir_object_name}" />
                        </fileset>
                        <fileset dir="${second_dir_source.dir}">
                            <include name="${second_dir_object_name}" />
                        </fileset>
                    </scp>
                </then>
            </elseif>
        </if>
    </target>
    <target name="executeSCPWithTwoIncludeTag">        
        <if>
            <equals arg1="${destination.isKeyFilePathAvailable}" arg2="true" />
            <then>
                <echo message="Calling executeSCPWithOneFileSet through KeyFile" />
                <scp trust="true" verbose="true" port="${destination.port}" todir="${todir}" keyfile="${destination.keyfile}"   passphrase="">
                    <fileset dir="${first_dir_source.dir}">
                        <include name="${first_dir_object_name}" />
                        <include name="${second_include_dir_object_name}" />
                    </fileset>
                </scp>
            </then>
            <elseif>
                <equals arg1="${destination.isKeyFilePathAvailable}" arg2="false" />
                <then>
                    <echo message="Calling executeSCPWithOneFileSet through password" />
                    <scp trust="true" verbose="true" port="${destination.port}" todir="${todir}" password="${destination.pwd}">
                        <fileset dir="${first_dir_source.dir}">
                            <include name="${first_dir_object_name}" />
                            <include name="${second_include_dir_object_name}" />
                        </fileset>
                    </scp>
                </then>
            </elseif>
        </if>
    </target>
    <target name="executeSCPWithThreeFileSet">        
        <if>
            <equals arg1="${destination.isKeyFilePathAvailable}" arg2="true" />
            <then>
                <echo message="Calling executeSCPWithThreeFileSet through KeyFile" />
                <scp trust="true" sftp="true" verbose="true" port="${destination.port}" todir="${todir}" keyfile="${destination.keyfile}"   passphrase="">
                    <fileset dir="${first_dir_source_dir}">
                        <include name="${first_dir_object_name}" />
                    </fileset>
                    <fileset dir="${second_dir_source_dir}">
                        <include name="${seconf_dir_object_name}" />
                    </fileset>
                    <fileset dir="${second_dir_source_dir}">
                        <include name="${third_dir_object_name}" />
                    </fileset>
                </scp>
            </then>
            <elseif>
                <equals arg1="${destination.isKeyFilePathAvailable}" arg2="false" />
                <then>
                    <echo message="Calling sshexec through password" />
                    <scp trust="true" sftp="true" verbose="true" port="${destination.port}" todir="${todir}" password="${destination.pwd}">
                        <fileset dir="${first_dir_source_dir}">
                            <include name="${first_dir_object_name}" />
                        </fileset>
                        <fileset dir="${second_dir_source_dir}">
                            <include name="${seconf_dir_object_name}" />
                        </fileset>
                        <fileset dir="${second_dir_source_dir}">
                            <include name="${third_dir_object_name}" />
                        </fileset>
                    </scp>
                </then>
            </elseif>
        </if>
    </target>
    <target name="executeSCPlocalTodir">        
        <if>
            <equals arg1="${destination.isKeyFilePathAvailable}" arg2="true" />
            <then>
                <echo message="Calling scp through KeyFile" />
                <scp trust="true" verbose="true" file="${file}" localTodir="${localTodir}" keyfile="${destination.keyfile}"   passphrase="" failonerror="${failonerror}" />
            </then>
            <elseif>
                <equals arg1="${destination.isKeyFilePathAvailable}" arg2="false" />
                <then>
                    <echo message="Calling scp through password" />
                    <scp trust="true" verbose="true" file="${file}" localTodir="${localTodir}" failonerror="${failonerror}" />
                </then>
            </elseif>
        </if>
    </target>
    <target name="executeSSHEXECWithoutPort">        
        <if>
            <equals arg1="${destination.isKeyFilePathAvailable}" arg2="true" />
            <then>
                <echo message="Calling executeSSHEXECWithoutPort through KeyFile" />
                <sshexec trust="true" host="${destination.ip}" username="${destination.uid}" keyfile="${destination.keyfile}" usepty="true"   passphrase="" command="${command}" append="true" output="${LOG_FILE_NAME}" failonerror="false" />
            </then>
            <elseif>
                <equals arg1="${destination.isKeyFilePathAvailable}" arg2="false" />
                <then>
                    <echo message="Calling executeSSHEXECWithoutPort through password" />
                    <sshexec trust="true" host="${destination.ip}" username="${destination.uid}" password="${destination.pwd}" usepty="true" command="${command}" append="true" output="${LOG_FILE_NAME}" failonerror="false" />
                </then>
            </elseif>
        </if>
    </target>
    <target name="executeSSHEXECWithoutOutput">        
        <if>
            <equals arg1="${destination.isKeyFilePathAvailable}" arg2="true" />
            <then>
                <echo message="Calling executeSSHEXECWithoutPort through KeyFile" />
                <sshexec trust="true" host="${destination.ip}" username="${destination.uid}" keyfile="${destination.keyfile}" usepty="true"   passphrase="" command="${command}" append="true" failonerror="${failonerror}" />
            </then>
            <elseif>
                <equals arg1="${destination.isKeyFilePathAvailable}" arg2="false" />
                <then>
                    <echo message="Calling executeSSHEXECWithoutPort through password" />
                    <sshexec trust="true" host="${destination.ip}" username="${destination.uid}" password="${destination.pwd}" usepty="true" command="${command}" append="true" failonerror="${failonerror}" />
                </then>
            </elseif>
        </if>
    </target>
    <target name="executeSSHEXECWithoutFailonErrorAndOutput">
        <if>
            <equals arg1="${destination.isKeyFilePathAvailable}" arg2="true" />
            <then>
                <echo message="Calling executeSSHEXECWithoutFailonErrorAndOutput through KeyFile" />
                <sshexec trust="true" host="${destination.ip}" username="${destination.uid}" keyfile="${destination.keyfile}" usepty="true"   passphrase="" command="${command}" />
            </then>
            <elseif>
                <equals arg1="${destination.isKeyFilePathAvailable}" arg2="false" />
                <then>
                    <echo message="Calling executeSSHEXECWithoutFailonErrorAndOutput through password" />
                    <sshexec trust="true" host="${destination.ip}" username="${destination.uid}" password="${destination.pwd}" usepty="true" command="${command}" />
                </then>
            </elseif>
        </if>
    </target>
    <target name="executeSSHEXECWithFailonError_WithOutPort">       
        <if>
            <equals arg1="${destination.isKeyFilePathAvailable}" arg2="true" />
            <then>
                <echo message="Calling executeSSHEXECWithFailonError_WithOutPort target through KeyFile" />
                <sshexec trust="true" host="${destination.ip}" username="${destination.uid}" keyfile="${destination.keyfile}"   command="${command}" append="true" output="${LOG_FILE_NAME}" failonerror="${failonerror}" passphrase="" />
                <echo message="End of Calling executeSSHEXECWithFailonError_WithOutPort target through KeyFile" />
            </then>
            <elseif>
                <equals arg1="${destination.isKeyFilePathAvailable}" arg2="false" />
                <then>
                    <echo message="Calling executeSSHEXECWithFailonError_WithOutPort target through password" />
                    <sshexec trust="true" host="${destination.ip}" username="${destination.uid}" password="${destination.pwd}" command="${command}" append="true" output="${LOG_FILE_NAME}" failonerror="${failonerror}" />
                </then>
            </elseif>
        </if>
    </target>
    <target name="executeSSHEXECWithUsepty">       
        <if>
            <equals arg1="${destination.isKeyFilePathAvailable}" arg2="true" />
            <then>
                <echo message="Calling executeSSHEXECWithUsepty target through KeyFile" />
                <echo message="Calling host ${destination.ip}   username ${destination.uid}  keyfile ${destination.keyfile} output ${LOG_FILE_NAME} " />
                <sshexec trust="true" host="${destination.ip}" username="${destination.uid}" 
            	usepty="true" keyfile="${destination.keyfile}"   
            	command="${command}" append="true" output="${LOG_FILE_NAME}" passphrase="" failonerror="${failonerror}" />
            </then>
            <elseif>
                <equals arg1="${destination.isKeyFilePathAvailable}" arg2="false" />
                <then>
                    <echo message="Calling executeSSHEXECWithUsepty target through password" />
                    <sshexec trust="true" host="${destination.ip}" username="${destination.uid}" usepty="true" password="${destination.pwd}" command="${command}" append="true" output="${LOG_FILE_NAME}" failonerror="${failonerror}" />
                </then>
            </elseif>
        </if>
    </target>
    <target name="executeSSHEXECWithUseptyWithoutAppend">        
        <if>
            <equals arg1="${destination.isKeyFilePathAvailable}" arg2="true" />
            <then>
                <echo message="Calling executeSSHEXECWithUsepty target through KeyFile" />
                <sshexec trust="true" host="${destination.ip}" username="${destination.uid}" usepty="true" keyfile="${destination.keyfile}"   command="${command}" output="${LOG_FILE_NAME}" passphrase="" failonerror="${failonerror}" />
            </then>
            <elseif>
                <equals arg1="${destination.isKeyFilePathAvailable}" arg2="false" />
                <then>
                    <echo message="Calling executeSSHEXECWithUsepty target through password" />
                    <sshexec trust="true" host="${destination.ip}" username="${destination.uid}" usepty="true" password="${destination.pwd}" command="${command}" output="${LOG_FILE_NAME}" failonerror="${failonerror}" />
                </then>
            </elseif>
        </if>
    </target>
    <target name="executeSCPWithoutPortWithSFTP">        
        <if>
            <equals arg1="${destination.isKeyFilePathAvailable}" arg2="true" />
            <then>
                <echo message="Calling scp through KeyFile" />
                <scp trust="true" sftp="true" verbose="true" todir="${todir}" keyfile="${destination.keyfile}"   passphrase="">
                    <fileset dir="${first_dir_source.dir}">
                        <include name="${first_dir_object_name}" />
                    </fileset>
                </scp>
            </then>
            <elseif>
                <equals arg1="${destination.isKeyFilePathAvailable}" arg2="false" />
                <then>
                    <echo message="Calling scp through password" />
                    <scp trust="true" sftp="true" verbose="true" todir="${todir}" password="${destination.pwd}">
                        <fileset dir="${first_dir_source.dir}">
                            <include name="${first_dir_object_name}" />
                        </fileset>
                    </scp>
                </then>
            </elseif>
        </if>
    </target>
</project>