<?xml version="1.0" encoding="UTF-8"?>
<project name="Application Object Migrator" default="TRINITI_PATCH">
    <!--<property file="InstanceDetails.properties" /><taskdef resource="net/sf/antcontrib/antcontrib.properties"></taskdef>-->
    <!-- Added by schigurupati, to stop writing logs to Catalina.out -->
    <import file="SSHandSCPConnection.xml"/>
    <taskdef name="sshexec" classname="com.triniti.tri2.ant.customTasks.CustomSSHExec"/>
    <!-- IS073667-Show proper error reason in comments field of migration notification mail whenever any object migration gets failed -->
    <taskdef name="var" classname="net.sf.antcontrib.property.Variable"/>
    <!--Initializing captureLog as false-->
    <property name="captureLog" value="false" />
    <target name="COPY_FILE">
        <antcall target="executeSSHEXECWithoutFailonError">
            <param name="command" value="pwd &amp;&amp; whoami &amp;&amp; mkdir -p ${target.dir}"/>
        </antcall>
        <!--<sshexec trust="true" host="${destination.ip}" port="${destination.port}" username="${destination.uid}" password="${destination.pwd}" command="pwd &amp;&amp; whoami &amp;&amp; mkdir -p ${target.dir}" append="true" output="${LOG_FILE_NAME}"/><scp trust="true" sftp="true" verbose="true" port="${destination.port}" todir="${destination.uid}@${destination.ip}:${target.dir}" password="${destination.pwd}"><fileset dir="${source.dir}" ><include name="${objectName}"/></fileset><fileset dir="." ><include name="Copy_AOL_Log.xml"/></fileset><fileset dir="." ><include name="buildUnzip.xml"/></fileset></scp>-->
        <!-- Added for executeSCPWithThreeFileSet target-->
        <property name="todir" value="${destination.uid}@${destination.ip}:${target.dir}"/>
        <property name="sftp" value="true"/>
        <property name="first_dir_source_dir" value="${source.dir}"/>
        <property name="first_dir_object_name" value="${objectName}"/>
        <property name="second_dir_source_dir" value="."/>
        <property name="seconf_dir_object_name" value="Copy_AOL_Log.xml"/>
        <property name="third_dir_object_name" value="buildUnzip.xml"/>
        <antcall target="executeSCPWithThreeFileSet"/>
        <echo>${objectName} is Copied Successfully.</echo>
    </target>
    <target name="TRINITI_OBJECTS">
        <!-- Setting captureLog as true for main logic -->
        <var name="captureLog" unset="true" />
        <property name="captureLog" value="true" />
        <antcall target="COPY_FILE" inheritall="true"/>
        <!--IS078908 TrinitiObject migration is getting failed while attaching object from Map CVSSVN tabs-->
        <antcall target="executeSSHEXECWithFailonError">
            <param name="command" value=". ~/.bash_profile &amp;&amp; cd ${target.dir} &amp;&amp;ant -buildfile buildUnzip.xml -DzipName=&quot;${finalObjectName}&quot; -DobjectNameDir=&quot;${objectNameDir}&quot;"/>
            <param name="failonerror" value="yes"/>
        </antcall>
        <!--<sshexec trust="true" host="${destination.ip}" port="${destination.port}" username="${destination.uid}" password="${destination.pwd}" command= ". ~/.bash_profile &amp;&amp; cd ${target.dir} &amp;&amp;ant -buildfile buildUnzip.xml -DzipName=&quot;${finalObjectName}&quot; -DobjectNameDir=&quot;${objectNameDir}&quot;" output="${LOG_FILE_NAME}" append="true" failonerror="yes"/>-->
        <!-- IS078467 - Provide a way to execute Upgrade Pack through Migration Tool. -->
    </target>
    <target name="UPGRADE_PACK">
        <!-- Setting captureLog as true for main logic -->
        <!-- <var name="captureLog" unset="true" /><property name="captureLog" value="true" /> -->
        <!--Added for executeSCPWithVerbose -->
        <property name= "file_SCP_Override_1" value = "${source.dir}\${objectName}"/>
        <if>
            <equals arg1="${destination.isKeyFilePathAvailable}" arg2="true" />
            <then>
                <property name="todir_SCP_Override_1" value="${destination.uid}@${destination.ip}:${target.dir}/&quot;${objectName}&quot;"/>
            </then>
            <elseif>
                <equals arg1="${destination.isKeyFilePathAvailable}" arg2="false" />
                <then>
                    <property name="todir_SCP_Override_1" value="${destination.uid}:${destination.pwd}@${destination.ip}:${target.dir}/&quot;${objectName}&quot;"/>
                </then>
            </elseif>
        </if>
        <antcall target="executeSCPWithVerbose_Override1"/>
        <!--<scp trust="true" verbose="true" port="${destination.port}" file="${source.dir}\${objectName}" todir="${destination.uid}:${destination.pwd}@${destination.ip}:${target.dir}/&quot;${objectName}&quot;" />-->
        <echo>${objectName} is Copied Successfully.</echo>
        <antcall target="executeSSHEXECWithFailonError">
            <param name="command" value=". ~/.bash_profile &amp;&amp; echo ${target.dir} &amp;&amp; cd ${target.dir} &amp;&amp;java UpgradePackExecutor &quot;${target.dir}&quot; &quot;${objectName}&quot;"/>
            <param name="failonerror" value="yes"/>
        </antcall>
        <!--<sshexec trust="true" host="${destination.ip}" port="${destination.port}" username="${destination.uid}" password="${destination.pwd}" command= ". ~/.bash_profile &amp;&amp; echo ${target.dir} &amp;&amp; cd ${target.dir} &amp;&amp;java UpgradePackExecutor &quot;${target.dir}&quot; &quot;${objectName}&quot;" output="${LOG_FILE_NAME}" append="true" failonerror="yes"/>-->
        <echo>${objectName} is Executed Successfully.</echo>
    </target>
    <target name="AUTO_NUMBER">
        <antcall target="executeSSHEXECWithoutFailonError">
            <param name="command" value="pwd &amp;&amp; whoami &amp;&amp; mkdir -p ${absolutePath}"/>
        </antcall>
        <!--<sshexec trust="true" host="${destination.ip}" port="${destination.port}" username="${destination.uid}" password="${destination.pwd}" command="pwd &amp;&amp; whoami &amp;&amp; mkdir -p ${absolutePath}" append="true" output="${LOG_FILE_NAME}"/><scp trust="true" sftp="true" verbose="true" port="${destination.port}" todir="${destination.uid}@${destination.ip}:${absolutePath}" password="${destination.pwd}"><fileset dir="${source.dir}" ><include name="${objectName}"/></fileset></scp>-->
        <!--called executeSCPWithOneFileSetWithSFTP target-->
        <property name="todir" value="${destination.uid}@${destination.ip}:${absolutePath}"/>
        <property name="first_dir_source.dir" value="${source.dir}"/>
        <property name="first_dir_object_name" value="${objectName}"/>
        <property name="sftp" value="true"/>
        <antcall target="executeSCPWithOneFileSetWithSFTP"/>
        <echo>${objectName} is Copied Successfully.</echo>
    </target>
    <target name="TRINITI_PATCH">
        <!-- Setting captureLog as true for main logic -->
        <var name="captureLog" unset="true" />
        <property name="captureLog" value="true" />
        <antcall target="COPY_FILE" inheritall="true"></antcall>
        <antcall target="executeSSHEXECWithFailonError">
            <param name="command" value=". ~/.bash_profile &amp;&amp;cd ${target.dir} &amp;&amp;ant -buildfile buildUnzip.xml -DzipName=&quot;${objectName}&quot; -DobjectNameDir=&quot;${objectNameDir}&quot;"/>
            <param name="failonerror" value="yes"/>
        </antcall>
        <antcall target="executeSSHEXECWithFailonError">
            <param name="command" value=". ~/.bash_profile &amp;&amp; cd ${target.dir}/GPSPatches/${objectNameDir} &amp;&amp;ant -buildfile build.xml -Dbuild.dir=&quot;${target.dir}/GPSPatches/${objectNameDir}&quot; -Ddeploy.path=&quot;${deploy.path}&quot;"/>
            <param name="failonerror" value="yes"/>
        </antcall>
        <!--<sshexec trust="true" host="${destination.ip}" port="${destination.port}" username="${destination.uid}" password="${destination.pwd}" command= ". ~/.bash_profile &amp;&amp;cd ${target.dir} &amp;&amp;ant -buildfile buildUnzip.xml -DzipName=&quot;${objectName}&quot; -DobjectNameDir=&quot;${objectNameDir}&quot;" output="${LOG_FILE_NAME}" append="true" failonerror="yes"/><sshexec trust="true" host="${destination.ip}" port="${destination.port}" username="${destination.uid}" password="${destination.pwd}" command= ". ~/.bash_profile &amp;&amp; cd ${target.dir}/GPSPatches/${objectNameDir} &amp;&amp;ant -buildfile build.xml -Dbuild.dir=&quot;${target.dir}/GPSPatches/${objectNameDir}&quot; -Ddeploy.path=&quot;${deploy.path}&quot;" output="${LOG_FILE_NAME}" append="true" failonerror="yes"/>-->
        <echo message=" TRINITI Patch executed on ${target.Instance} instance sucessfully" />
        <!-- Commented Tomcat Restart part
		<if><or><equals arg1="${target.Instance}" arg2="HLPDDEV"/><equals arg1="${target.Instance}" arg2="HLPDTEST"/></or><then><echo> Tomcat Server restart </echo><sshexec trust="true" host="${destination.ip}" port="${destination.port}" username="${destination.uid}" password="${destination.pwd}" command= ". ~/.bash_profile &amp;&amp; cd ${target.dir} &amp;&amp; sh tomcat-shutdown-startup.sh" output="${LOG_FILE_NAME}" append="true" failonerror="no"/></then><else><echo message=" TRINITI Patch executed on ${target.Instance} instance sucessfully" /></else></if>
		-->
    </target>
    <target name="GENERATE_TRINITI_PATCH">
        <echo message="Calling ${object.dir} build file to generate patch.." />
        <antcall target="executeSSHEXECWithFailonError">
            <param name="command" value=". ~/.bash_profile &amp;&amp; cd ${parent.dir}/${object.dir} &amp;&amp;ant -buildfile build.xml -DpatchName=&quot;${objectName}&quot;"/>
            <param name="failonerror" value="yes"/>
        </antcall>
        <!-- <sshexec trust="true" host="${destination.ip}" port="${destination.port}" username="${destination.uid}" password="${destination.pwd}" command= ". ~/.bash_profile &amp;&amp; cd ${parent.dir}/${object.dir} &amp;&amp;ant -buildfile build.xml -DpatchName=&quot;${objectName}&quot;" output="${LOG_FILE_NAME}" append="true" failonerror="yes"/>-->
        <!--Added for executeSCPWithoutVerbose -->
        <property name= "todir_SCP_V_Override_2" value = "${PatchDownlaodPath}"/>
        <if>
            <equals arg1="${destination.isKeyFilePathAvailable}" arg2="true" />
            <then>
                <property name="file_SCP_V_Override_2" value="${destination.uid}@${destination.ip}:${target.dir}/${objectName}"/>
            </then>
            <elseif>
                <equals arg1="${destination.isKeyFilePathAvailable}" arg2="false" />
                <then>
                    <property name="file_SCP_V_Override_2" value="${destination.uid}:${destination.pwd}@${destination.ip}:${target.dir}/${objectName}"/>
                </then>
            </elseif>
        </if>
        <antcall target="executeSCPWithoutVerbose_Override_2"/>
        <!--<scp trust="true" file="${destination.uid}:${destination.pwd}@${destination.ip}:${target.dir}/${objectName}" todir="${PatchDownlaodPath}/" />-->
    </target>
    <target name="GENERATE_OBJECTS">
        <!--Added for executeSCPWithoutVerbose_Override_3 -->
        <property name= "todir_SCP_V_Override_3" value = "${PatchDownlaodPath}"/>
        <if>
            <equals arg1="${destination.isKeyFilePathAvailable}" arg2="true" />
            <then>
                <property name="file_SCP_V_Override_3" value="${destination.uid}@${destination.ip}:${target.dir}/${objectName}"/>
            </then>
            <elseif>
                <equals arg1="${destination.isKeyFilePathAvailable}" arg2="false" />
                <then>
                    <property name="file_SCP_V_Override_3" value="${destination.uid}:${destination.pwd}@${destination.ip}:${target.dir}/${objectName}"/>
                </then>
            </elseif>
        </if>
        <antcall target="executeSCPWithoutVerbose_Override_3"/>
        <!--<scp trust="true" file="${destination.uid}:${destination.pwd}@${destination.ip}:${target.dir}/${objectName}" todir="${PatchDownlaodPath}/" />-->
    </target>
    <target name="COPY_XML_FILE">
        <antcall target="executeSSHEXECWithoutFailonError">
            <property name="command" value="pwd &amp;&amp; whoami"/>
        </antcall>
        <!--<sshexec trust="true" host="${destination.ip}" port="${destination.port}" username="${destination.uid}" password="${destination.pwd}" command="pwd &amp;&amp; whoami" append="true" output="${LOG_FILE_NAME}"/>-->
        <!--<scp trust="true" sftp="true" verbose="true" port="${destination.port}" todir="${destination.uid}@${destination.ip}:${target.dir}" password="${destination.pwd}"><fileset dir="." ><include name="Copy_AOL_Log.xml"/></fileset></scp>-->
        <!--Called executeSCPWithOneFileSetWithSFTP_Override_1 target-->
        <property name="todir_OneFileSetWithSFTP_override_1" value="${destination.uid}@${destination.ip}:${target.dir}"/>
        <property name="first_dir_source.dir_override_1" value="."/>
        <property name="first_dir_object_name_override_1" value="Copy_AOL_Log.xml"/>
        <property name="sftp" value="true"/>
        <antcall target="executeSCPWithOneFileSetWithSFTP_Override_1"/>
    </target>
</project>

