<?xml version='1.0' encoding='windows-1252' ?>
<!DOCTYPE JboPackage SYSTEM "jbo_03_01.dtd">

<JboPackage
   Name="server"
   SeparateXMLFiles="true"
   PackageName="oracle.apps.sfc.clm.poform.schema.server" >
   <DesignTime>
      <Attr Name="_ejbPackage" Value="false" />
      <Attr Name="_version" Value="10.1.3.43.6" />
   </DesignTime>
   <Containee
      Name="CLMCapacityUtilEO"
      FullName="oracle.apps.sfc.clm.poform.schema.server.CLMCapacityUtilEO"
      ObjectType="Entity" >
   </Containee>
   <Containee
      Name="CLMPoAttachmentsEO"
      FullName="oracle.apps.sfc.clm.poform.schema.server.CLMPoAttachmentsEO"
      ObjectType="Entity" >
   </Containee>
   <Containee
      Name="CLMPoCircuitesTabEO"
      FullName="oracle.apps.sfc.clm.poform.schema.server.CLMPoCircuitesTabEO"
      ObjectType="Entity" >
   </Containee>
   <Containee
      Name="CLMPoHeaderTabEO"
      FullName="oracle.apps.sfc.clm.poform.schema.server.CLMPoHeaderTabEO"
      ObjectType="Entity" >
   </Containee>
   <Containee
      Name="CLMPoLineItemsTabEO"
      FullName="oracle.apps.sfc.clm.poform.schema.server.CLMPoLineItemsTabEO"
      ObjectType="Entity" >
   </Containee>
   <Containee
      Name="CLMPoLinesTabEO"
      FullName="oracle.apps.sfc.clm.poform.schema.server.CLMPoLinesTabEO"
      ObjectType="Entity" >
   </Containee>
</JboPackage>
