<?xml version='1.0' encoding='windows-1252' ?>
<!DOCTYPE ViewObject SYSTEM "jbo_03_01.dtd">

<ViewObject
   Name="CLMCircuitIdsVO"
   BindingStyle="OracleName"
   CustomQuery="true"
   RowClass="oracle.apps.sfc.clm.poform.server.CLMCircuitIdsVORowImpl"
   ComponentClass="oracle.apps.sfc.clm.poform.server.CLMCircuitIdsVOImpl"
   UseGlueCode="false" >
   <SQLQuery><![CDATA[
select * from XXSIFY_CLM_PO_CIRCUITS_TAB
   ]]></SQLQuery>
   <DesignTime>
      <Attr Name="_isCodegen" Value="true" />
      <Attr Name="_isExpertMode" Value="true" />
      <Attr Name="_version" Value="10.1.3.43.6" />
      <Attr Name="_codeGenFlag2" Value="Access|Coll|VarAccess" />
   </DesignTime>
   <ViewAttribute
      Name="BandWidthReqId"
      IsPersistent="false"
      Type="oracle.jbo.domain.Number"
      ColumnType="NUMBER"
      AliasName="BAND_WIDTH_REQ_ID"
      Expression="BAND_WIDTH_REQ_ID"
      SQLType="NUMERIC" >
      <DesignTime>
         <Attr Name="_DisplaySize" Value="22" />
      </DesignTime>
   </ViewAttribute>
   <ViewAttribute
      Name="ClmId"
      IsPersistent="false"
      Type="oracle.jbo.domain.Number"
      ColumnType="NUMBER"
      AliasName="CLM_ID"
      Expression="CLM_ID"
      SQLType="NUMERIC" >
      <DesignTime>
         <Attr Name="_DisplaySize" Value="22" />
      </DesignTime>
   </ViewAttribute>
   <ViewAttribute
      Name="CircuitId"
      IsPersistent="false"
      Precision="240"
      Type="java.lang.String"
      ColumnType="VARCHAR2"
      AliasName="CIRCUIT_ID"
      Expression="CIRCUIT_ID"
      SQLType="VARCHAR" >
      <DesignTime>
         <Attr Name="_DisplaySize" Value="240" />
      </DesignTime>
   </ViewAttribute>
   <ViewAttribute
      Name="Attribute1"
      IsPersistent="false"
      Type="oracle.jbo.domain.Number"
      ColumnType="NUMBER"
      AliasName="ATTRIBUTE1"
      Expression="ATTRIBUTE1"
      SQLType="NUMERIC" >
      <DesignTime>
         <Attr Name="_DisplaySize" Value="22" />
      </DesignTime>
   </ViewAttribute>
   <ViewAttribute
      Name="Attribute2"
      IsPersistent="false"
      Precision="500"
      Type="java.lang.String"
      ColumnType="VARCHAR2"
      AliasName="ATTRIBUTE2"
      Expression="ATTRIBUTE2"
      SQLType="VARCHAR" >
      <DesignTime>
         <Attr Name="_DisplaySize" Value="500" />
      </DesignTime>
   </ViewAttribute>
   <ViewAttribute
      Name="Attribute3"
      IsPersistent="false"
      Precision="500"
      Type="java.lang.String"
      ColumnType="VARCHAR2"
      AliasName="ATTRIBUTE3"
      Expression="ATTRIBUTE3"
      SQLType="VARCHAR" >
      <DesignTime>
         <Attr Name="_DisplaySize" Value="500" />
      </DesignTime>
   </ViewAttribute>
   <ViewAttribute
      Name="CreatedBy"
      IsPersistent="false"
      Type="oracle.jbo.domain.Number"
      ColumnType="NUMBER"
      AliasName="CREATED_BY"
      Expression="CREATED_BY"
      SQLType="NUMERIC" >
      <DesignTime>
         <Attr Name="_DisplaySize" Value="22" />
      </DesignTime>
   </ViewAttribute>
   <ViewAttribute
      Name="LastUpdateLogin"
      IsPersistent="false"
      Type="oracle.jbo.domain.Number"
      ColumnType="NUMBER"
      AliasName="LAST_UPDATE_LOGIN"
      Expression="LAST_UPDATE_LOGIN"
      SQLType="NUMERIC" >
      <DesignTime>
         <Attr Name="_DisplaySize" Value="22" />
      </DesignTime>
   </ViewAttribute>
   <ViewAttribute
      Name="LastUpdatedBy"
      IsPersistent="false"
      Type="oracle.jbo.domain.Number"
      ColumnType="NUMBER"
      AliasName="LAST_UPDATED_BY"
      Expression="LAST_UPDATED_BY"
      SQLType="NUMERIC" >
      <DesignTime>
         <Attr Name="_DisplaySize" Value="22" />
      </DesignTime>
   </ViewAttribute>
   <ViewAttribute
      Name="CreationDate"
      IsPersistent="false"
      Type="oracle.jbo.domain.Date"
      ColumnType="DATE"
      AliasName="CREATION_DATE"
      Expression="CREATION_DATE"
      SQLType="DATE" >
      <DesignTime>
         <Attr Name="_DisplaySize" Value="7" />
      </DesignTime>
   </ViewAttribute>
   <ViewAttribute
      Name="LastUpdateDate"
      IsPersistent="false"
      Type="oracle.jbo.domain.Date"
      ColumnType="DATE"
      AliasName="LAST_UPDATE_DATE"
      Expression="LAST_UPDATE_DATE"
      SQLType="DATE" >
      <DesignTime>
         <Attr Name="_DisplaySize" Value="7" />
      </DesignTime>
   </ViewAttribute>
</ViewObject>
