<?xml version='1.0' encoding='windows-1252' ?>
<!DOCTYPE AppModule SYSTEM "jbo_03_01.dtd">

<AppModule
   Name="CLMCreatePoAM"
   ComponentClass="oracle.apps.sfc.clm.poform.server.CLMCreatePoAMImpl" >
   <DesignTime>
      <Attr Name="_isCodegen" Value="true" />
      <Attr Name="_version" Value="10.1.3.43.6" />
      <Attr Name="_deployType" Value="0" />
   </DesignTime>
   <ViewUsage
      Name="CLMOrderTypeVO"
      ViewObjectName="oracle.apps.sfc.clm.poform.lov.server.CLMOrderTypeVO" >
   </ViewUsage>
   <ViewUsage
      Name="CLMPoInterfaceTypeVO"
      ViewObjectName="oracle.apps.sfc.clm.poform.lov.server.CLMPoInterfaceTypeVO" >
   </ViewUsage>
   <ViewUsage
      Name="CLMPayTermVO"
      ViewObjectName="oracle.apps.sfc.clm.poform.lov.server.CLMPayTermVO" >
   </ViewUsage>
   <ViewUsage
      Name="CLMPoHdrTabVO"
      ViewObjectName="oracle.apps.sfc.clm.poform.server.CLMPoHdrTabVO" >
   </ViewUsage>
   <ViewUsage
      Name="CLMPoLinesTabVO"
      ViewObjectName="oracle.apps.sfc.clm.poform.server.CLMPoLinesTabVO" >
   </ViewUsage>
   <ViewUsage
      Name="CLMPoLineItemsTabVO"
      ViewObjectName="oracle.apps.sfc.clm.poform.server.CLMPoLineItemsTabVO" >
   </ViewUsage>
   <ViewUsage
      Name="CLMSupplierLovVO"
      ViewObjectName="oracle.apps.sfc.clm.poform.lov.server.CLMSupplierLovVO" >
   </ViewUsage>
   <ViewUsage
      Name="CLMEbsPoActHistVO"
      ViewObjectName="oracle.apps.sfc.clm.poform.server.CLMEbsPoActHistVO" >
   </ViewUsage>
   <ViewUsage
      Name="CLMPoAttachmentsTabVO"
      ViewObjectName="oracle.apps.sfc.clm.poform.server.CLMPoAttachmentsTabVO" >
   </ViewUsage>
   <ViewUsage
      Name="CLMPoClassVO"
      ViewObjectName="oracle.apps.sfc.clm.poform.lov.server.CLMPoClassVO" >
   </ViewUsage>
   <ViewUsage
      Name="CLMCostCenterVO"
      ViewObjectName="oracle.apps.sfc.clm.poform.lov.server.CLMCostCenterVO" >
   </ViewUsage>
   <ViewUsage
      Name="CLMCircuitTempDowloadVO"
      ViewObjectName="oracle.apps.sfc.clm.poform.server.CLMCircuitTempDowloadVO" >
   </ViewUsage>
   <ViewUsage
      Name="CLMBwCommItemsVO"
      ViewObjectName="oracle.apps.sfc.clm.poform.server.CLMBwCommItemsVO" >
   </ViewUsage>
   <ViewUsage
      Name="CLMViewLineHistoryVO"
      ViewObjectName="oracle.apps.sfc.clm.poform.server.CLMViewLineHistoryVO" >
   </ViewUsage>
   <ViewUsage
      Name="CLMCapacityUtilEOVO"
      ViewObjectName="oracle.apps.sfc.clm.poform.server.CLMCapacityUtilEOVO" >
   </ViewUsage>
   <ViewUsage
      Name="CLMBwCommLinesVO"
      ViewObjectName="oracle.apps.sfc.clm.poform.server.CLMBwCommLinesVO" >
   </ViewUsage>
   <ViewUsage
      Name="CLMCircuitIdsVO"
      ViewObjectName="oracle.apps.sfc.clm.poform.server.CLMCircuitIdsVO" >
   </ViewUsage>
   <ViewUsage
      Name="CLMViewPOAttachmentsVO"
      ViewObjectName="oracle.apps.sfc.clm.poform.server.CLMViewPOAttachmentsVO" >
   </ViewUsage>
   <ViewUsage
      Name="CLMPayUomVO"
      ViewObjectName="oracle.apps.sfc.clm.poform.lov.server.CLMPayUomVO" >
   </ViewUsage>
   <ViewUsage
      Name="CLMBwAttachViewVO"
      ViewObjectName="oracle.apps.sfc.clm.poform.server.CLMBwAttachViewVO" >
   </ViewUsage>
   <ViewUsage
      Name="CLMConvTypeVO"
      ViewObjectName="oracle.apps.sfc.clm.poform.lov.server.CLMConvTypeVO" >
   </ViewUsage>
   <ViewUsage
      Name="CLMPoDraftVO"
      ViewObjectName="oracle.apps.sfc.clm.poform.server.CLMPoDraftVO" >
   </ViewUsage>
   <ViewUsage
      Name="CLMPoSearchVO"
      ViewObjectName="oracle.apps.sfc.clm.poform.server.CLMPoSearchVO" >
   </ViewUsage>
   <ViewUsage
      Name="CLMBuNameVO"
      ViewObjectName="oracle.apps.sfc.clm.poform.lov.server.CLMBuNameVO" >
   </ViewUsage>
   <ViewUsage
      Name="CLMHistoryVO"
      ViewObjectName="oracle.apps.sfc.clm.poform.server.CLMHistoryVO" >
   </ViewUsage>
   <ViewUsage
      Name="CLMAttachCategoryVO"
      ViewObjectName="oracle.apps.sfc.clm.poform.lov.server.CLMAttachCategoryVO" >
   </ViewUsage>
   <ViewUsage
      Name="CLMPoCircuitsTabEOVO"
      ViewObjectName="oracle.apps.sfc.clm.poform.server.CLMPoCircuitsTabEOVO" >
   </ViewUsage>
   <ViewUsage
      Name="CLMBwwithLinkSearchVO"
      ViewObjectName="oracle.apps.sfc.clm.poform.server.CLMBwwithLinkSearchVO" >
   </ViewUsage>
   <ViewUsage
      Name="CLMHistoryNewRecordVO"
      ViewObjectName="oracle.apps.sfc.clm.poform.server.CLMHistoryNewRecordVO" >
   </ViewUsage>
   <ViewUsage
      Name="CLMApprovalSummaryVO"
      ViewObjectName="oracle.apps.sfc.clm.poform.server.CLMApprovalSummaryVO" >
   </ViewUsage>
   <ViewUsage
      Name="CLMCurrencyCodeVO"
      ViewObjectName="oracle.apps.sfc.clm.poform.lov.server.CLMCurrencyCodeVO" >
   </ViewUsage>
</AppModule>
