<?xml version='1.0' encoding='windows-1252' ?>
<!DOCTYPE ViewObject SYSTEM "jbo_03_01.dtd">

<ViewObject
   Name="CLMEbsPoActHistVO"
   BindingStyle="OracleName"
   CustomQuery="true"
   RowClass="oracle.apps.sfc.clm.poform.server.CLMEbsPoActHistVORowImpl"
   ComponentClass="oracle.apps.sfc.clm.poform.server.CLMEbsPoActHistVOImpl"
   UseGlueCode="false" >
   <SQLQuery><![CDATA[
SELECT papf.full_name,
         pah.sequence_num seq,
         pah.action_code,
         pha.SEGMENT1
    FROM hr.per_all_people_f papf,
         po.po_action_history pah,
         po.po_headers_all pha
   WHERE pah.employee_id = papf.person_id
         AND pah.object_id = pha.po_header_id
         AND TRUNC (SYSDATE) BETWEEN papf.effective_start_date
                                 AND papf.effective_end_date
         AND pha.segment1 =:1
ORDER BY pah.sequence_num
   ]]></SQLQuery>
   <DesignTime>
      <Attr Name="_isCodegen" Value="true" />
      <Attr Name="_isExpertMode" Value="true" />
      <Attr Name="_version" Value="10.1.3.43.6" />
      <Attr Name="_codeGenFlag2" Value="Access|Coll|VarAccess" />
   </DesignTime>
   <ViewAttribute
      Name="FullName"
      IsPersistent="false"
      Precision="240"
      Type="java.lang.String"
      ColumnType="VARCHAR2"
      AliasName="FULL_NAME"
      Expression="FULL_NAME"
      SQLType="VARCHAR" >
      <DesignTime>
         <Attr Name="_DisplaySize" Value="240" />
      </DesignTime>
   </ViewAttribute>
   <ViewAttribute
      Name="Seq"
      IsPersistent="false"
      IsNotNull="true"
      Type="oracle.jbo.domain.Number"
      ColumnType="NUMBER"
      AliasName="SEQ"
      Expression="SEQ"
      SQLType="NUMERIC" >
      <DesignTime>
         <Attr Name="_DisplaySize" Value="22" />
      </DesignTime>
   </ViewAttribute>
   <ViewAttribute
      Name="ActionCode"
      IsPersistent="false"
      Precision="25"
      Type="java.lang.String"
      ColumnType="VARCHAR2"
      AliasName="ACTION_CODE"
      Expression="ACTION_CODE"
      SQLType="VARCHAR" >
      <DesignTime>
         <Attr Name="_DisplaySize" Value="25" />
      </DesignTime>
   </ViewAttribute>
   <ViewAttribute
      Name="Segment1"
      IsPersistent="false"
      IsNotNull="true"
      Precision="20"
      Type="java.lang.String"
      ColumnType="VARCHAR2"
      AliasName="SEGMENT1"
      Expression="SEGMENT1"
      SQLType="VARCHAR" >
      <DesignTime>
         <Attr Name="_DisplaySize" Value="20" />
      </DesignTime>
   </ViewAttribute>
</ViewObject>
