<?xml version='1.0' encoding='windows-1252' ?>
<!DOCTYPE ViewObject SYSTEM "jbo_03_01.dtd">

<ViewObject
   Name="CLMHistoryVO"
   BindingStyle="OracleName"
   CustomQuery="true"
   RowClass="oracle.apps.sfc.clm.poform.server.CLMHistoryVORowImpl"
   ComponentClass="oracle.apps.sfc.clm.poform.server.CLMHistoryVOImpl"
   UseGlueCode="false" >
   <SQLQuery><![CDATA[
SELECT CLMPoLinesTabEO.CLM_PO_LINE_ID, 
       CLMPoLinesTabEO.CLM_PO_HDR_ID, 
       CLMPoLinesTabEO.CLM_ID, 
       CLMPoLinesTabEO.BAND_WIDTH_REQ_ID, 
       CLMPoLinesTabEO.BAND_WIDTH_REQ_TYPE, 
       CLMPoLinesTabEO.REQEST_TYPE, 
       CLMPoLinesTabEO.CAPACITY, 
       CLMPoLinesTabEO.CIRCUIT_ID, 
       CLMPoLinesTabEO.COMMISSIONED_DATE, 
       CLMPoLinesTabEO.SURRENDERED_DATE, 
       CLMPoLinesTabEO.CANCEL_FLAG, 
       CLMPoLinesTabEO.CANCEL_REASON, 
       CLMPoLinesTabEO.TOTAL_DISTANCE, 
       CLMPoLinesTabEO.LOCKING_PERIOD, 
       CLMPoLinesTabEO.LOCKING_PERIOD_UOM, 
       CLMPoLinesTabEO.INTERFACE_TYPE, 
       CLMPoLinesTabEO.PO_END_DATE, 
       CLMPoLinesTabEO.PO_CREATE_FLAG, 
       CLMPoLinesTabEO.PAYMENT_END_DATE, 
       CLMPoLinesTabEO.SINGLE_CORE_OH_DIST, 
       CLMPoLinesTabEO.SINGLE_CORE_UG_DIST, 
       CLMPoLinesTabEO.DUAL_CORE_OH_DIST, 
       CLMPoLinesTabEO.DUAL_CORE_UG_DIST, 
       CLMPoLinesTabEO.LEASE_LINE_DIST, 
       CLMPoLinesTabEO.SINGLE_CORE_OH_AMOUNT, 
       CLMPoLinesTabEO.SINGLE_CORE_UG_AMOUNT, 
       CLMPoLinesTabEO.DUAL_CORE_OH_AMOUNT, 
       CLMPoLinesTabEO.DUAL_CORE_UG_AMOUNT, 
       CLMPoLinesTabEO.LEASE_LINE_DIST_AMOUNT, 
       CLMPoLinesTabEO.V_FINAL_SINGLE_CORE_OH_DIST, 
       CLMPoLinesTabEO.V_FINAL_SINGLE_CORE_UG_DIST, 
       CLMPoLinesTabEO.V_FINAL_DUAL_CORE_OH_DIST, 
       CLMPoLinesTabEO.V_FINAL_DUAL_CORE_UG_DIST, 
       CLMPoLinesTabEO.V_FINAL_LEASE_LINE_DIST, 
       CLMPoLinesTabEO.V_FINAL_SINGLE_CORE_OH_AMT, 
       CLMPoLinesTabEO.V_FINAL_SINGLE_CORE_UG_AMT, 
       CLMPoLinesTabEO.V_FINAL_DUAL_CORE_OH_AMT, 
       CLMPoLinesTabEO.V_FINAL_DUAL_CORE_UG_AMT, 
       CLMPoLinesTabEO.V_FINAL_LEASE_LINE_DIST_AMT, 
       CLMPoLinesTabEO.SIFY_BILL_TO, 
       CLMPoLinesTabEO.SIFY_BILL_TO_ADDRESS, 
       CLMPoLinesTabEO.SIFY_SHIP_TO, 
       CLMPoLinesTabEO.SIFY_SHIP_TO_ADDRESS, 
       CLMPoLinesTabEO.CIRCUIT_ID1, 
       CLMPoLinesTabEO.CIRCUIT_ID2, 
       CLMPoLinesTabEO.LSI, 
       CLMPoLinesTabEO.FEASIBILITY_NUM, 
       CLMPoLinesTabEO.ATTRIBUTE1, 
       CLMPoLinesTabEO.ATTRIBUTE2, 
       CLMPoLinesTabEO.ATTRIBUTE3, 
       CLMPoLinesTabEO.ATTRIBUTE4, 
       CLMPoLinesTabEO.ATTRIBUTE5, 
       CLMPoLinesTabEO.ATTRIBUTE6, 
       CLMPoLinesTabEO.ATTRIBUTE7, 
       CLMPoLinesTabEO.ATTRIBUTE8, 
       CLMPoLinesTabEO.ATTRIBUTE9, 
       CLMPoLinesTabEO.ATTRIBUTE10, 
       CLMPoLinesTabEO.ATTRIBUTE11, 
       CLMPoLinesTabEO.ATTRIBUTE12, 
       CLMPoLinesTabEO.ATTRIBUTE13, 
       CLMPoLinesTabEO.ATTRIBUTE14, 
       CLMPoLinesTabEO.ATTRIBUTE15, 
       CLMPoLinesTabEO.CREATION_DATE, 
       CLMPoLinesTabEO.CREATED_BY, 
       CLMPoLinesTabEO.LAST_UPDATE_DATE, 
       CLMPoLinesTabEO.LAST_UPDATED_BY, 
       CLMPoLinesTabEO.LAST_UPDATE_LOGIN, 
       CLMPoLinesTabEO.OAF_PO_LINE_ID, 
       CLMPoLinesTabEO.BAND_WIDH_REQ_NO, 
       CLMPoLinesTabEO.BAND_WIDH_REQ_DATE, 
       CLMPoLinesTabEO.ACTIVITY, 
       CLMPoLinesTabEO.SIFY_SUPPLIER_NAME, 
       CLMPoLinesTabEO.SIFY_SUPPLIER_SITE, 
       CLMPoLinesTabEO.ROWID
FROM XXSIFY_CLM_PO_LINES_TAB CLMPoLinesTabEO
   ]]></SQLQuery>
   <DesignTime>
      <Attr Name="_isCodegen" Value="true" />
      <Attr Name="_isExpertMode" Value="true" />
      <Attr Name="_version" Value="10.1.3.43.6" />
      <Attr Name="_codeGenFlag2" Value="Access|Coll|VarAccess" />
   </DesignTime>
   <EntityUsage
      Name="CLMPoLinesTabEO"
      Entity="oracle.apps.sfc.clm.poform.schema.server.CLMPoLinesTabEO" >
      <DesignTime>
         <Attr Name="_queryClause" Value="false" />
      </DesignTime>
   </EntityUsage>
   <ViewAttribute
      Name="ClmPoLineId"
      EntityAttrName="ClmPoLineId"
      EntityUsage="CLMPoLinesTabEO"
      AliasName="CLM_PO_LINE_ID" >
   </ViewAttribute>
   <ViewAttribute
      Name="ClmPoHdrId"
      EntityAttrName="ClmPoHdrId"
      EntityUsage="CLMPoLinesTabEO"
      AliasName="CLM_PO_HDR_ID" >
   </ViewAttribute>
   <ViewAttribute
      Name="ClmId"
      EntityAttrName="ClmId"
      EntityUsage="CLMPoLinesTabEO"
      AliasName="CLM_ID" >
   </ViewAttribute>
   <ViewAttribute
      Name="BandWidthReqId"
      EntityAttrName="BandWidthReqId"
      EntityUsage="CLMPoLinesTabEO"
      AliasName="BAND_WIDTH_REQ_ID" >
   </ViewAttribute>
   <ViewAttribute
      Name="BandWidthReqType"
      EntityAttrName="BandWidthReqType"
      EntityUsage="CLMPoLinesTabEO"
      AliasName="BAND_WIDTH_REQ_TYPE" >
   </ViewAttribute>
   <ViewAttribute
      Name="ReqestType"
      EntityAttrName="ReqestType"
      EntityUsage="CLMPoLinesTabEO"
      AliasName="REQEST_TYPE" >
   </ViewAttribute>
   <ViewAttribute
      Name="Capacity"
      EntityAttrName="Capacity"
      EntityUsage="CLMPoLinesTabEO"
      AliasName="CAPACITY" >
   </ViewAttribute>
   <ViewAttribute
      Name="CircuitId"
      EntityAttrName="CircuitId"
      EntityUsage="CLMPoLinesTabEO"
      AliasName="CIRCUIT_ID" >
   </ViewAttribute>
   <ViewAttribute
      Name="CommissionedDate"
      EntityAttrName="CommissionedDate"
      EntityUsage="CLMPoLinesTabEO"
      AliasName="COMMISSIONED_DATE" >
   </ViewAttribute>
   <ViewAttribute
      Name="SurrenderedDate"
      EntityAttrName="SurrenderedDate"
      EntityUsage="CLMPoLinesTabEO"
      AliasName="SURRENDERED_DATE" >
   </ViewAttribute>
   <ViewAttribute
      Name="CancelFlag"
      EntityAttrName="CancelFlag"
      EntityUsage="CLMPoLinesTabEO"
      AliasName="CANCEL_FLAG" >
   </ViewAttribute>
   <ViewAttribute
      Name="CancelReason"
      EntityAttrName="CancelReason"
      EntityUsage="CLMPoLinesTabEO"
      AliasName="CANCEL_REASON" >
   </ViewAttribute>
   <ViewAttribute
      Name="TotalDistance"
      EntityAttrName="TotalDistance"
      EntityUsage="CLMPoLinesTabEO"
      AliasName="TOTAL_DISTANCE" >
   </ViewAttribute>
   <ViewAttribute
      Name="LockingPeriod"
      EntityAttrName="LockingPeriod"
      EntityUsage="CLMPoLinesTabEO"
      AliasName="LOCKING_PERIOD" >
   </ViewAttribute>
   <ViewAttribute
      Name="LockingPeriodUom"
      EntityAttrName="LockingPeriodUom"
      EntityUsage="CLMPoLinesTabEO"
      AliasName="LOCKING_PERIOD_UOM" >
   </ViewAttribute>
   <ViewAttribute
      Name="InterfaceType"
      EntityAttrName="InterfaceType"
      EntityUsage="CLMPoLinesTabEO"
      AliasName="INTERFACE_TYPE" >
   </ViewAttribute>
   <ViewAttribute
      Name="PoEndDate"
      EntityAttrName="PoEndDate"
      EntityUsage="CLMPoLinesTabEO"
      AliasName="PO_END_DATE" >
   </ViewAttribute>
   <ViewAttribute
      Name="PoCreateFlag"
      EntityAttrName="PoCreateFlag"
      EntityUsage="CLMPoLinesTabEO"
      AliasName="PO_CREATE_FLAG" >
   </ViewAttribute>
   <ViewAttribute
      Name="PaymentEndDate"
      EntityAttrName="PaymentEndDate"
      EntityUsage="CLMPoLinesTabEO"
      AliasName="PAYMENT_END_DATE" >
   </ViewAttribute>
   <ViewAttribute
      Name="SingleCoreOhDist"
      EntityAttrName="SingleCoreOhDist"
      EntityUsage="CLMPoLinesTabEO"
      AliasName="SINGLE_CORE_OH_DIST" >
   </ViewAttribute>
   <ViewAttribute
      Name="SingleCoreUgDist"
      EntityAttrName="SingleCoreUgDist"
      EntityUsage="CLMPoLinesTabEO"
      AliasName="SINGLE_CORE_UG_DIST" >
   </ViewAttribute>
   <ViewAttribute
      Name="DualCoreOhDist"
      EntityAttrName="DualCoreOhDist"
      EntityUsage="CLMPoLinesTabEO"
      AliasName="DUAL_CORE_OH_DIST" >
   </ViewAttribute>
   <ViewAttribute
      Name="DualCoreUgDist"
      EntityAttrName="DualCoreUgDist"
      EntityUsage="CLMPoLinesTabEO"
      AliasName="DUAL_CORE_UG_DIST" >
   </ViewAttribute>
   <ViewAttribute
      Name="LeaseLineDist"
      EntityAttrName="LeaseLineDist"
      EntityUsage="CLMPoLinesTabEO"
      AliasName="LEASE_LINE_DIST" >
   </ViewAttribute>
   <ViewAttribute
      Name="SingleCoreOhAmount"
      EntityAttrName="SingleCoreOhAmount"
      EntityUsage="CLMPoLinesTabEO"
      AliasName="SINGLE_CORE_OH_AMOUNT" >
   </ViewAttribute>
   <ViewAttribute
      Name="SingleCoreUgAmount"
      EntityAttrName="SingleCoreUgAmount"
      EntityUsage="CLMPoLinesTabEO"
      AliasName="SINGLE_CORE_UG_AMOUNT" >
   </ViewAttribute>
   <ViewAttribute
      Name="DualCoreOhAmount"
      EntityAttrName="DualCoreOhAmount"
      EntityUsage="CLMPoLinesTabEO"
      AliasName="DUAL_CORE_OH_AMOUNT" >
   </ViewAttribute>
   <ViewAttribute
      Name="DualCoreUgAmount"
      EntityAttrName="DualCoreUgAmount"
      EntityUsage="CLMPoLinesTabEO"
      AliasName="DUAL_CORE_UG_AMOUNT" >
   </ViewAttribute>
   <ViewAttribute
      Name="LeaseLineDistAmount"
      EntityAttrName="LeaseLineDistAmount"
      EntityUsage="CLMPoLinesTabEO"
      AliasName="LEASE_LINE_DIST_AMOUNT" >
   </ViewAttribute>
   <ViewAttribute
      Name="VFinalSingleCoreOhDist"
      EntityAttrName="VFinalSingleCoreOhDist"
      EntityUsage="CLMPoLinesTabEO"
      AliasName="V_FINAL_SINGLE_CORE_OH_DIST" >
   </ViewAttribute>
   <ViewAttribute
      Name="VFinalSingleCoreUgDist"
      EntityAttrName="VFinalSingleCoreUgDist"
      EntityUsage="CLMPoLinesTabEO"
      AliasName="V_FINAL_SINGLE_CORE_UG_DIST" >
   </ViewAttribute>
   <ViewAttribute
      Name="VFinalDualCoreOhDist"
      EntityAttrName="VFinalDualCoreOhDist"
      EntityUsage="CLMPoLinesTabEO"
      AliasName="V_FINAL_DUAL_CORE_OH_DIST" >
   </ViewAttribute>
   <ViewAttribute
      Name="VFinalDualCoreUgDist"
      EntityAttrName="VFinalDualCoreUgDist"
      EntityUsage="CLMPoLinesTabEO"
      AliasName="V_FINAL_DUAL_CORE_UG_DIST" >
   </ViewAttribute>
   <ViewAttribute
      Name="VFinalLeaseLineDist"
      EntityAttrName="VFinalLeaseLineDist"
      EntityUsage="CLMPoLinesTabEO"
      AliasName="V_FINAL_LEASE_LINE_DIST" >
   </ViewAttribute>
   <ViewAttribute
      Name="VFinalSingleCoreOhAmt"
      EntityAttrName="VFinalSingleCoreOhAmt"
      EntityUsage="CLMPoLinesTabEO"
      AliasName="V_FINAL_SINGLE_CORE_OH_AMT" >
   </ViewAttribute>
   <ViewAttribute
      Name="VFinalSingleCoreUgAmt"
      EntityAttrName="VFinalSingleCoreUgAmt"
      EntityUsage="CLMPoLinesTabEO"
      AliasName="V_FINAL_SINGLE_CORE_UG_AMT" >
   </ViewAttribute>
   <ViewAttribute
      Name="VFinalDualCoreOhAmt"
      EntityAttrName="VFinalDualCoreOhAmt"
      EntityUsage="CLMPoLinesTabEO"
      AliasName="V_FINAL_DUAL_CORE_OH_AMT" >
   </ViewAttribute>
   <ViewAttribute
      Name="VFinalDualCoreUgAmt"
      EntityAttrName="VFinalDualCoreUgAmt"
      EntityUsage="CLMPoLinesTabEO"
      AliasName="V_FINAL_DUAL_CORE_UG_AMT" >
   </ViewAttribute>
   <ViewAttribute
      Name="VFinalLeaseLineDistAmt"
      EntityAttrName="VFinalLeaseLineDistAmt"
      EntityUsage="CLMPoLinesTabEO"
      AliasName="V_FINAL_LEASE_LINE_DIST_AMT" >
   </ViewAttribute>
   <ViewAttribute
      Name="SifyBillTo"
      EntityAttrName="SifyBillTo"
      EntityUsage="CLMPoLinesTabEO"
      AliasName="SIFY_BILL_TO" >
   </ViewAttribute>
   <ViewAttribute
      Name="SifyBillToAddress"
      EntityAttrName="SifyBillToAddress"
      EntityUsage="CLMPoLinesTabEO"
      AliasName="SIFY_BILL_TO_ADDRESS" >
   </ViewAttribute>
   <ViewAttribute
      Name="SifyShipTo"
      EntityAttrName="SifyShipTo"
      EntityUsage="CLMPoLinesTabEO"
      AliasName="SIFY_SHIP_TO" >
   </ViewAttribute>
   <ViewAttribute
      Name="SifyShipToAddress"
      EntityAttrName="SifyShipToAddress"
      EntityUsage="CLMPoLinesTabEO"
      AliasName="SIFY_SHIP_TO_ADDRESS" >
   </ViewAttribute>
   <ViewAttribute
      Name="CircuitId1"
      EntityAttrName="CircuitId1"
      EntityUsage="CLMPoLinesTabEO"
      AliasName="CIRCUIT_ID1" >
   </ViewAttribute>
   <ViewAttribute
      Name="CircuitId2"
      EntityAttrName="CircuitId2"
      EntityUsage="CLMPoLinesTabEO"
      AliasName="CIRCUIT_ID2" >
   </ViewAttribute>
   <ViewAttribute
      Name="Lsi"
      EntityAttrName="Lsi"
      EntityUsage="CLMPoLinesTabEO"
      AliasName="LSI" >
   </ViewAttribute>
   <ViewAttribute
      Name="FeasibilityNum"
      EntityAttrName="FeasibilityNum"
      EntityUsage="CLMPoLinesTabEO"
      AliasName="FEASIBILITY_NUM" >
   </ViewAttribute>
   <ViewAttribute
      Name="Attribute1"
      EntityAttrName="Attribute1"
      EntityUsage="CLMPoLinesTabEO"
      AliasName="ATTRIBUTE1" >
   </ViewAttribute>
   <ViewAttribute
      Name="Attribute2"
      EntityAttrName="Attribute2"
      EntityUsage="CLMPoLinesTabEO"
      AliasName="ATTRIBUTE2" >
   </ViewAttribute>
   <ViewAttribute
      Name="Attribute3"
      EntityAttrName="Attribute3"
      EntityUsage="CLMPoLinesTabEO"
      AliasName="ATTRIBUTE3" >
   </ViewAttribute>
   <ViewAttribute
      Name="Attribute4"
      EntityAttrName="Attribute4"
      EntityUsage="CLMPoLinesTabEO"
      AliasName="ATTRIBUTE4" >
   </ViewAttribute>
   <ViewAttribute
      Name="Attribute5"
      EntityAttrName="Attribute5"
      EntityUsage="CLMPoLinesTabEO"
      AliasName="ATTRIBUTE5" >
   </ViewAttribute>
   <ViewAttribute
      Name="Attribute6"
      EntityAttrName="Attribute6"
      EntityUsage="CLMPoLinesTabEO"
      AliasName="ATTRIBUTE6" >
   </ViewAttribute>
   <ViewAttribute
      Name="Attribute7"
      EntityAttrName="Attribute7"
      EntityUsage="CLMPoLinesTabEO"
      AliasName="ATTRIBUTE7" >
   </ViewAttribute>
   <ViewAttribute
      Name="Attribute8"
      EntityAttrName="Attribute8"
      EntityUsage="CLMPoLinesTabEO"
      AliasName="ATTRIBUTE8" >
   </ViewAttribute>
   <ViewAttribute
      Name="Attribute9"
      EntityAttrName="Attribute9"
      EntityUsage="CLMPoLinesTabEO"
      AliasName="ATTRIBUTE9" >
   </ViewAttribute>
   <ViewAttribute
      Name="Attribute10"
      EntityAttrName="Attribute10"
      EntityUsage="CLMPoLinesTabEO"
      AliasName="ATTRIBUTE10" >
   </ViewAttribute>
   <ViewAttribute
      Name="Attribute11"
      EntityAttrName="Attribute11"
      EntityUsage="CLMPoLinesTabEO"
      AliasName="ATTRIBUTE11" >
   </ViewAttribute>
   <ViewAttribute
      Name="Attribute12"
      EntityAttrName="Attribute12"
      EntityUsage="CLMPoLinesTabEO"
      AliasName="ATTRIBUTE12" >
   </ViewAttribute>
   <ViewAttribute
      Name="Attribute13"
      EntityAttrName="Attribute13"
      EntityUsage="CLMPoLinesTabEO"
      AliasName="ATTRIBUTE13" >
   </ViewAttribute>
   <ViewAttribute
      Name="Attribute14"
      EntityAttrName="Attribute14"
      EntityUsage="CLMPoLinesTabEO"
      AliasName="ATTRIBUTE14" >
   </ViewAttribute>
   <ViewAttribute
      Name="Attribute15"
      EntityAttrName="Attribute15"
      EntityUsage="CLMPoLinesTabEO"
      AliasName="ATTRIBUTE15" >
   </ViewAttribute>
   <ViewAttribute
      Name="CreationDate"
      EntityAttrName="CreationDate"
      EntityUsage="CLMPoLinesTabEO"
      AliasName="CREATION_DATE" >
   </ViewAttribute>
   <ViewAttribute
      Name="CreatedBy"
      EntityAttrName="CreatedBy"
      EntityUsage="CLMPoLinesTabEO"
      AliasName="CREATED_BY" >
   </ViewAttribute>
   <ViewAttribute
      Name="LastUpdateDate"
      EntityAttrName="LastUpdateDate"
      EntityUsage="CLMPoLinesTabEO"
      AliasName="LAST_UPDATE_DATE" >
   </ViewAttribute>
   <ViewAttribute
      Name="LastUpdatedBy"
      EntityAttrName="LastUpdatedBy"
      EntityUsage="CLMPoLinesTabEO"
      AliasName="LAST_UPDATED_BY" >
   </ViewAttribute>
   <ViewAttribute
      Name="LastUpdateLogin"
      EntityAttrName="LastUpdateLogin"
      EntityUsage="CLMPoLinesTabEO"
      AliasName="LAST_UPDATE_LOGIN" >
   </ViewAttribute>
   <ViewAttribute
      Name="OafPoLineId"
      IsNotNull="true"
      EntityAttrName="OafPoLineId"
      EntityUsage="CLMPoLinesTabEO"
      AliasName="OAF_PO_LINE_ID" >
   </ViewAttribute>
   <ViewAttribute
      Name="BandWidhReqNo"
      EntityAttrName="BandWidhReqNo"
      EntityUsage="CLMPoLinesTabEO"
      AliasName="BAND_WIDH_REQ_NO" >
   </ViewAttribute>
   <ViewAttribute
      Name="BandWidhReqDate"
      EntityAttrName="BandWidhReqDate"
      EntityUsage="CLMPoLinesTabEO"
      AliasName="BAND_WIDH_REQ_DATE" >
   </ViewAttribute>
   <ViewAttribute
      Name="Activity"
      EntityAttrName="Activity"
      EntityUsage="CLMPoLinesTabEO"
      AliasName="ACTIVITY" >
   </ViewAttribute>
   <ViewAttribute
      Name="SifySupplierName"
      EntityAttrName="SifySupplierName"
      EntityUsage="CLMPoLinesTabEO"
      AliasName="SIFY_SUPPLIER_NAME" >
   </ViewAttribute>
   <ViewAttribute
      Name="SifySupplierSite"
      EntityAttrName="SifySupplierSite"
      EntityUsage="CLMPoLinesTabEO"
      AliasName="SIFY_SUPPLIER_SITE" >
   </ViewAttribute>
   <ViewAttribute
      Name="RowID"
      IsUpdateable="false"
      EntityAttrName="RowID"
      EntityUsage="CLMPoLinesTabEO"
      AliasName="ROWID" >
   </ViewAttribute>
</ViewObject>
