<?xml version='1.0' encoding='windows-1252' ?>
<!DOCTYPE ViewObject SYSTEM "jbo_03_01.dtd">

<ViewObject
   Name="CLMPoAttachmentsTabVO"
   BindingStyle="OracleName"
   CustomQuery="true"
   RowClass="oracle.apps.sfc.clm.poform.server.CLMPoAttachmentsTabVORowImpl"
   ComponentClass="oracle.apps.sfc.clm.poform.server.CLMPoAttachmentsTabVOImpl"
   UseGlueCode="false" >
   <SQLQuery><![CDATA[
SELECT CLMPoAttachmentsEO.CLM_ID, 
       CLMPoAttachmentsEO.CLM_PO_HDR_ID, 
       CLMPoAttachmentsEO.BAND_WIDH_REQ_ID, 
       CLMPoAttachmentsEO.LINE_NO, 
       CLMPoAttachmentsEO.FILE_CONTENT, 
       CLMPoAttachmentsEO.FILE_NAME, 
       CLMPoAttachmentsEO.FILE_DESC, 
       CLMPoAttachmentsEO.FILE_TYPE, 
       CLMPoAttachmentsEO.UPLOAD_CATEGORY, 
       CLMPoAttachmentsEO.UPLOAD_ID, 
       CLMPoAttachmentsEO.UPLOADED_BY, 
       CLMPoAttachmentsEO.ATTRIBUTE1, 
       CLMPoAttachmentsEO.ATTRIBUTE2, 
       CLMPoAttachmentsEO.ATTRIBUTE3, 
       CLMPoAttachmentsEO.ATTRIBUTE4, 
       CLMPoAttachmentsEO.ATTRIBUTE5, 
       CLMPoAttachmentsEO.ATTRIBUTE6, 
       CLMPoAttachmentsEO.ATTRIBUTE7, 
       CLMPoAttachmentsEO.ATTRIBUTE8, 
       CLMPoAttachmentsEO.ATTRIBUTE9, 
       CLMPoAttachmentsEO.ATTRIBUTE10, 
       CLMPoAttachmentsEO.CREATION_DATE, 
       CLMPoAttachmentsEO.CREATED_BY, 
       CLMPoAttachmentsEO.LAST_UPDATE_DATE, 
       CLMPoAttachmentsEO.LAST_UPDATED_BY, 
       CLMPoAttachmentsEO.LAST_UPDATE_LOGIN, 
       CLMPoAttachmentsEO.OAF_ATTACH_ID, 
       CLMPoAttachmentsEO.ROWID
FROM XXSIFY_CLM_PO_ATTACHMENTS_TAB CLMPoAttachmentsEO
   ]]></SQLQuery>
   <DesignTime>
      <Attr Name="_isCodegen" Value="true" />
      <Attr Name="_isExpertMode" Value="true" />
      <Attr Name="_version" Value="10.1.3.43.6" />
      <Attr Name="_codeGenFlag2" Value="Access|Coll|VarAccess" />
   </DesignTime>
   <EntityUsage
      Name="CLMPoAttachmentsEO"
      Entity="oracle.apps.sfc.clm.poform.schema.server.CLMPoAttachmentsEO" >
      <DesignTime>
         <Attr Name="_queryClause" Value="false" />
      </DesignTime>
   </EntityUsage>
   <ViewAttribute
      Name="ClmId"
      EntityAttrName="ClmId"
      EntityUsage="CLMPoAttachmentsEO"
      AliasName="CLM_ID" >
   </ViewAttribute>
   <ViewAttribute
      Name="ClmPoHdrId"
      EntityAttrName="ClmPoHdrId"
      EntityUsage="CLMPoAttachmentsEO"
      AliasName="CLM_PO_HDR_ID" >
   </ViewAttribute>
   <ViewAttribute
      Name="BandWidhReqId"
      EntityAttrName="BandWidhReqId"
      EntityUsage="CLMPoAttachmentsEO"
      AliasName="BAND_WIDH_REQ_ID" >
   </ViewAttribute>
   <ViewAttribute
      Name="LineNo"
      EntityAttrName="LineNo"
      EntityUsage="CLMPoAttachmentsEO"
      AliasName="LINE_NO" >
   </ViewAttribute>
   <ViewAttribute
      Name="FileContent"
      IsQueriable="false"
      EntityAttrName="FileContent"
      EntityUsage="CLMPoAttachmentsEO"
      AliasName="FILE_CONTENT" >
   </ViewAttribute>
   <ViewAttribute
      Name="FileName"
      EntityAttrName="FileName"
      EntityUsage="CLMPoAttachmentsEO"
      AliasName="FILE_NAME" >
   </ViewAttribute>
   <ViewAttribute
      Name="FileDesc"
      EntityAttrName="FileDesc"
      EntityUsage="CLMPoAttachmentsEO"
      AliasName="FILE_DESC" >
   </ViewAttribute>
   <ViewAttribute
      Name="FileType"
      EntityAttrName="FileType"
      EntityUsage="CLMPoAttachmentsEO"
      AliasName="FILE_TYPE" >
   </ViewAttribute>
   <ViewAttribute
      Name="UploadCategory"
      EntityAttrName="UploadCategory"
      EntityUsage="CLMPoAttachmentsEO"
      AliasName="UPLOAD_CATEGORY" >
   </ViewAttribute>
   <ViewAttribute
      Name="UploadId"
      EntityAttrName="UploadId"
      EntityUsage="CLMPoAttachmentsEO"
      AliasName="UPLOAD_ID" >
   </ViewAttribute>
   <ViewAttribute
      Name="UploadedBy"
      EntityAttrName="UploadedBy"
      EntityUsage="CLMPoAttachmentsEO"
      AliasName="UPLOADED_BY" >
   </ViewAttribute>
   <ViewAttribute
      Name="Attribute1"
      EntityAttrName="Attribute1"
      EntityUsage="CLMPoAttachmentsEO"
      AliasName="ATTRIBUTE1" >
   </ViewAttribute>
   <ViewAttribute
      Name="Attribute2"
      EntityAttrName="Attribute2"
      EntityUsage="CLMPoAttachmentsEO"
      AliasName="ATTRIBUTE2" >
   </ViewAttribute>
   <ViewAttribute
      Name="Attribute3"
      EntityAttrName="Attribute3"
      EntityUsage="CLMPoAttachmentsEO"
      AliasName="ATTRIBUTE3" >
   </ViewAttribute>
   <ViewAttribute
      Name="Attribute4"
      EntityAttrName="Attribute4"
      EntityUsage="CLMPoAttachmentsEO"
      AliasName="ATTRIBUTE4" >
   </ViewAttribute>
   <ViewAttribute
      Name="Attribute5"
      EntityAttrName="Attribute5"
      EntityUsage="CLMPoAttachmentsEO"
      AliasName="ATTRIBUTE5" >
   </ViewAttribute>
   <ViewAttribute
      Name="Attribute6"
      EntityAttrName="Attribute6"
      EntityUsage="CLMPoAttachmentsEO"
      AliasName="ATTRIBUTE6" >
   </ViewAttribute>
   <ViewAttribute
      Name="Attribute7"
      EntityAttrName="Attribute7"
      EntityUsage="CLMPoAttachmentsEO"
      AliasName="ATTRIBUTE7" >
   </ViewAttribute>
   <ViewAttribute
      Name="Attribute8"
      EntityAttrName="Attribute8"
      EntityUsage="CLMPoAttachmentsEO"
      AliasName="ATTRIBUTE8" >
   </ViewAttribute>
   <ViewAttribute
      Name="Attribute9"
      EntityAttrName="Attribute9"
      EntityUsage="CLMPoAttachmentsEO"
      AliasName="ATTRIBUTE9" >
   </ViewAttribute>
   <ViewAttribute
      Name="Attribute10"
      EntityAttrName="Attribute10"
      EntityUsage="CLMPoAttachmentsEO"
      AliasName="ATTRIBUTE10" >
   </ViewAttribute>
   <ViewAttribute
      Name="CreationDate"
      EntityAttrName="CreationDate"
      EntityUsage="CLMPoAttachmentsEO"
      AliasName="CREATION_DATE" >
   </ViewAttribute>
   <ViewAttribute
      Name="CreatedBy"
      EntityAttrName="CreatedBy"
      EntityUsage="CLMPoAttachmentsEO"
      AliasName="CREATED_BY" >
   </ViewAttribute>
   <ViewAttribute
      Name="LastUpdateDate"
      EntityAttrName="LastUpdateDate"
      EntityUsage="CLMPoAttachmentsEO"
      AliasName="LAST_UPDATE_DATE" >
   </ViewAttribute>
   <ViewAttribute
      Name="LastUpdatedBy"
      EntityAttrName="LastUpdatedBy"
      EntityUsage="CLMPoAttachmentsEO"
      AliasName="LAST_UPDATED_BY" >
   </ViewAttribute>
   <ViewAttribute
      Name="LastUpdateLogin"
      EntityAttrName="LastUpdateLogin"
      EntityUsage="CLMPoAttachmentsEO"
      AliasName="LAST_UPDATE_LOGIN" >
   </ViewAttribute>
   <ViewAttribute
      Name="OafAttachId"
      EntityAttrName="OafAttachId"
      EntityUsage="CLMPoAttachmentsEO"
      AliasName="OAF_ATTACH_ID" >
   </ViewAttribute>
   <ViewAttribute
      Name="RowID"
      IsUpdateable="false"
      EntityAttrName="RowID"
      EntityUsage="CLMPoAttachmentsEO"
      AliasName="ROWID" >
   </ViewAttribute>
</ViewObject>
