<?xml version='1.0' encoding='windows-1252' ?>
<!DOCTYPE ViewObject SYSTEM "jbo_03_01.dtd">

<ViewObject
   Name="CLMViewLineHistoryVO"
   BindingStyle="OracleName"
   CustomQuery="true"
   RowClass="oracle.apps.sfc.clm.poform.server.CLMViewLineHistoryVORowImpl"
   ComponentClass="oracle.apps.sfc.clm.poform.server.CLMViewLineHistoryVOImpl"
   UseGlueCode="false" >
   <SQLQuery><![CDATA[
SELECT 
distinct
    BAND_WIDTH_REQ_ID, 
    BAND_WIDTH_REQ_TYPE, 
    BAND_WIDH_REQ_DATE, 
    BAND_WIDH_REQ_NO, 
    CAPACITY, 
    CIRCUIT_ID, 
    COMMISSIONED_DATE, 
    SURRENDERED_DATE, 
    CANCEL_FLAG, 
    CANCEL_REASON, 
    TOTAL_DISTANCE, 
    LOCKING_PERIOD, 
    LOCKING_PERIOD_UOM, 
    INTERFACE_TYPE, 
    PO_END_DATE, 
    PAYMENT_END_DATE, 
    ACTIVITY, 
    CLM_ID, 
    XXSIFY_CLM_PO_LINES_TAB.SINGLE_CORE_UG_DIST, 
    XXSIFY_CLM_PO_LINES_TAB.DUAL_CORE_OH_DIST, 
    XXSIFY_CLM_PO_LINES_TAB.DUAL_CORE_UG_DIST, 
    XXSIFY_CLM_PO_LINES_TAB.LEASE_LINE_DIST, 
    XXSIFY_CLM_PO_LINES_TAB.SINGLE_CORE_OH_AMOUNT, 
    XXSIFY_CLM_PO_LINES_TAB.SINGLE_CORE_UG_AMOUNT, 
    XXSIFY_CLM_PO_LINES_TAB.DUAL_CORE_OH_AMOUNT, 
    XXSIFY_CLM_PO_LINES_TAB.DUAL_CORE_UG_AMOUNT, 
    XXSIFY_CLM_PO_LINES_TAB.LEASE_LINE_DIST_AMOUNT, 
    XXSIFY_CLM_PO_LINES_TAB.SINGLE_CORE_OH_DIST, 
    XXSIFY_CLM_PO_LINES_TAB.CLM_PO_HDR_ID,
    XXSIFY_CLM_PO_LINES_TAB.CREATED_BY
FROM 
    XXSIFY_CLM_PO_LINES_TAB
ORDER BY CLM_PO_HDR_ID desc
   ]]></SQLQuery>
   <DesignTime>
      <Attr Name="_isCodegen" Value="true" />
      <Attr Name="_isExpertMode" Value="true" />
      <Attr Name="_version" Value="10.1.3.43.6" />
      <Attr Name="_codeGenFlag2" Value="Access|Coll|VarAccess" />
   </DesignTime>
   <ViewAttribute
      Name="BandWidthReqId"
      IsPersistent="false"
      Type="oracle.jbo.domain.Number"
      ColumnType="NUMBER"
      AliasName="BAND_WIDTH_REQ_ID"
      Expression="BAND_WIDTH_REQ_ID"
      SQLType="NUMERIC" >
      <DesignTime>
         <Attr Name="_DisplaySize" Value="22" />
      </DesignTime>
   </ViewAttribute>
   <ViewAttribute
      Name="BandWidthReqType"
      IsPersistent="false"
      Precision="100"
      Type="java.lang.String"
      ColumnType="VARCHAR2"
      AliasName="BAND_WIDTH_REQ_TYPE"
      Expression="BAND_WIDTH_REQ_TYPE"
      SQLType="VARCHAR" >
      <DesignTime>
         <Attr Name="_DisplaySize" Value="100" />
      </DesignTime>
   </ViewAttribute>
   <ViewAttribute
      Name="BandWidhReqDate"
      IsPersistent="false"
      Type="oracle.jbo.domain.Date"
      ColumnType="DATE"
      AliasName="BAND_WIDH_REQ_DATE"
      Expression="BAND_WIDH_REQ_DATE"
      SQLType="DATE" >
      <DesignTime>
         <Attr Name="_DisplaySize" Value="7" />
      </DesignTime>
   </ViewAttribute>
   <ViewAttribute
      Name="BandWidhReqNo"
      IsPersistent="false"
      Type="oracle.jbo.domain.Number"
      ColumnType="NUMBER"
      AliasName="BAND_WIDH_REQ_NO"
      Expression="BAND_WIDH_REQ_NO"
      SQLType="NUMERIC" >
      <DesignTime>
         <Attr Name="_DisplaySize" Value="22" />
      </DesignTime>
   </ViewAttribute>
   <ViewAttribute
      Name="Capacity"
      IsPersistent="false"
      Precision="100"
      Type="java.lang.String"
      ColumnType="VARCHAR2"
      AliasName="CAPACITY"
      Expression="CAPACITY"
      SQLType="VARCHAR" >
      <DesignTime>
         <Attr Name="_DisplaySize" Value="100" />
      </DesignTime>
   </ViewAttribute>
   <ViewAttribute
      Name="CircuitId"
      IsPersistent="false"
      Precision="100"
      Type="java.lang.String"
      ColumnType="VARCHAR2"
      AliasName="CIRCUIT_ID"
      Expression="CIRCUIT_ID"
      SQLType="VARCHAR" >
      <DesignTime>
         <Attr Name="_DisplaySize" Value="100" />
      </DesignTime>
   </ViewAttribute>
   <ViewAttribute
      Name="CommissionedDate"
      IsPersistent="false"
      Type="oracle.jbo.domain.Date"
      ColumnType="DATE"
      AliasName="COMMISSIONED_DATE"
      Expression="COMMISSIONED_DATE"
      SQLType="DATE" >
      <DesignTime>
         <Attr Name="_DisplaySize" Value="7" />
      </DesignTime>
   </ViewAttribute>
   <ViewAttribute
      Name="SurrenderedDate"
      IsPersistent="false"
      Type="oracle.jbo.domain.Date"
      ColumnType="DATE"
      AliasName="SURRENDERED_DATE"
      Expression="SURRENDERED_DATE"
      SQLType="DATE" >
      <DesignTime>
         <Attr Name="_DisplaySize" Value="7" />
      </DesignTime>
   </ViewAttribute>
   <ViewAttribute
      Name="CancelFlag"
      IsPersistent="false"
      Precision="4"
      Type="java.lang.String"
      ColumnType="VARCHAR2"
      AliasName="CANCEL_FLAG"
      Expression="CANCEL_FLAG"
      SQLType="VARCHAR" >
      <DesignTime>
         <Attr Name="_DisplaySize" Value="4" />
      </DesignTime>
   </ViewAttribute>
   <ViewAttribute
      Name="CancelReason"
      IsPersistent="false"
      Precision="200"
      Type="java.lang.String"
      ColumnType="VARCHAR2"
      AliasName="CANCEL_REASON"
      Expression="CANCEL_REASON"
      SQLType="VARCHAR" >
      <DesignTime>
         <Attr Name="_DisplaySize" Value="200" />
      </DesignTime>
   </ViewAttribute>
   <ViewAttribute
      Name="TotalDistance"
      IsPersistent="false"
      Type="oracle.jbo.domain.Number"
      ColumnType="NUMBER"
      AliasName="TOTAL_DISTANCE"
      Expression="TOTAL_DISTANCE"
      SQLType="NUMERIC" >
      <DesignTime>
         <Attr Name="_DisplaySize" Value="22" />
      </DesignTime>
   </ViewAttribute>
   <ViewAttribute
      Name="LockingPeriod"
      IsPersistent="false"
      Type="oracle.jbo.domain.Number"
      ColumnType="NUMBER"
      AliasName="LOCKING_PERIOD"
      Expression="LOCKING_PERIOD"
      SQLType="NUMERIC" >
      <DesignTime>
         <Attr Name="_DisplaySize" Value="22" />
      </DesignTime>
   </ViewAttribute>
   <ViewAttribute
      Name="LockingPeriodUom"
      IsPersistent="false"
      Precision="50"
      Type="java.lang.String"
      ColumnType="VARCHAR2"
      AliasName="LOCKING_PERIOD_UOM"
      Expression="LOCKING_PERIOD_UOM"
      SQLType="VARCHAR" >
      <DesignTime>
         <Attr Name="_DisplaySize" Value="50" />
      </DesignTime>
   </ViewAttribute>
   <ViewAttribute
      Name="InterfaceType"
      IsPersistent="false"
      Precision="50"
      Type="java.lang.String"
      ColumnType="VARCHAR2"
      AliasName="INTERFACE_TYPE"
      Expression="INTERFACE_TYPE"
      SQLType="VARCHAR" >
      <DesignTime>
         <Attr Name="_DisplaySize" Value="50" />
      </DesignTime>
   </ViewAttribute>
   <ViewAttribute
      Name="PoEndDate"
      IsPersistent="false"
      Type="oracle.jbo.domain.Date"
      ColumnType="DATE"
      AliasName="PO_END_DATE"
      Expression="PO_END_DATE"
      SQLType="DATE" >
      <DesignTime>
         <Attr Name="_DisplaySize" Value="7" />
      </DesignTime>
   </ViewAttribute>
   <ViewAttribute
      Name="PaymentEndDate"
      IsPersistent="false"
      Type="oracle.jbo.domain.Date"
      ColumnType="DATE"
      AliasName="PAYMENT_END_DATE"
      Expression="PAYMENT_END_DATE"
      SQLType="DATE" >
      <DesignTime>
         <Attr Name="_DisplaySize" Value="7" />
      </DesignTime>
   </ViewAttribute>
   <ViewAttribute
      Name="Activity"
      IsPersistent="false"
      Precision="50"
      Type="java.lang.String"
      ColumnType="VARCHAR2"
      AliasName="ACTIVITY"
      Expression="ACTIVITY"
      SQLType="VARCHAR" >
      <DesignTime>
         <Attr Name="_DisplaySize" Value="50" />
      </DesignTime>
   </ViewAttribute>
   <ViewAttribute
      Name="ClmId"
      IsPersistent="false"
      Type="oracle.jbo.domain.Number"
      ColumnType="NUMBER"
      AliasName="CLM_ID"
      Expression="CLM_ID"
      SQLType="NUMERIC" >
      <DesignTime>
         <Attr Name="_DisplaySize" Value="22" />
      </DesignTime>
   </ViewAttribute>
   <ViewAttribute
      Name="SingleCoreUgDist"
      IsPersistent="false"
      Type="oracle.jbo.domain.Number"
      ColumnType="NUMBER"
      AliasName="SINGLE_CORE_UG_DIST"
      Expression="SINGLE_CORE_UG_DIST"
      SQLType="NUMERIC" >
      <DesignTime>
         <Attr Name="_DisplaySize" Value="22" />
      </DesignTime>
   </ViewAttribute>
   <ViewAttribute
      Name="DualCoreOhDist"
      IsPersistent="false"
      Type="oracle.jbo.domain.Number"
      ColumnType="NUMBER"
      AliasName="DUAL_CORE_OH_DIST"
      Expression="DUAL_CORE_OH_DIST"
      SQLType="NUMERIC" >
      <DesignTime>
         <Attr Name="_DisplaySize" Value="22" />
      </DesignTime>
   </ViewAttribute>
   <ViewAttribute
      Name="DualCoreUgDist"
      IsPersistent="false"
      Type="oracle.jbo.domain.Number"
      ColumnType="NUMBER"
      AliasName="DUAL_CORE_UG_DIST"
      Expression="DUAL_CORE_UG_DIST"
      SQLType="NUMERIC" >
      <DesignTime>
         <Attr Name="_DisplaySize" Value="22" />
      </DesignTime>
   </ViewAttribute>
   <ViewAttribute
      Name="LeaseLineDist"
      IsPersistent="false"
      Type="oracle.jbo.domain.Number"
      ColumnType="NUMBER"
      AliasName="LEASE_LINE_DIST"
      Expression="LEASE_LINE_DIST"
      SQLType="NUMERIC" >
      <DesignTime>
         <Attr Name="_DisplaySize" Value="22" />
      </DesignTime>
   </ViewAttribute>
   <ViewAttribute
      Name="SingleCoreOhAmount"
      IsPersistent="false"
      Type="oracle.jbo.domain.Number"
      ColumnType="NUMBER"
      AliasName="SINGLE_CORE_OH_AMOUNT"
      Expression="SINGLE_CORE_OH_AMOUNT"
      SQLType="NUMERIC" >
      <DesignTime>
         <Attr Name="_DisplaySize" Value="22" />
      </DesignTime>
   </ViewAttribute>
   <ViewAttribute
      Name="SingleCoreUgAmount"
      IsPersistent="false"
      Type="oracle.jbo.domain.Number"
      ColumnType="NUMBER"
      AliasName="SINGLE_CORE_UG_AMOUNT"
      Expression="SINGLE_CORE_UG_AMOUNT"
      SQLType="NUMERIC" >
      <DesignTime>
         <Attr Name="_DisplaySize" Value="22" />
      </DesignTime>
   </ViewAttribute>
   <ViewAttribute
      Name="DualCoreOhAmount"
      IsPersistent="false"
      Type="oracle.jbo.domain.Number"
      ColumnType="NUMBER"
      AliasName="DUAL_CORE_OH_AMOUNT"
      Expression="DUAL_CORE_OH_AMOUNT"
      SQLType="NUMERIC" >
      <DesignTime>
         <Attr Name="_DisplaySize" Value="22" />
      </DesignTime>
   </ViewAttribute>
   <ViewAttribute
      Name="DualCoreUgAmount"
      IsPersistent="false"
      Type="oracle.jbo.domain.Number"
      ColumnType="NUMBER"
      AliasName="DUAL_CORE_UG_AMOUNT"
      Expression="DUAL_CORE_UG_AMOUNT"
      SQLType="NUMERIC" >
      <DesignTime>
         <Attr Name="_DisplaySize" Value="22" />
      </DesignTime>
   </ViewAttribute>
   <ViewAttribute
      Name="LeaseLineDistAmount"
      IsPersistent="false"
      Type="oracle.jbo.domain.Number"
      ColumnType="NUMBER"
      AliasName="LEASE_LINE_DIST_AMOUNT"
      Expression="LEASE_LINE_DIST_AMOUNT"
      SQLType="NUMERIC" >
      <DesignTime>
         <Attr Name="_DisplaySize" Value="22" />
      </DesignTime>
   </ViewAttribute>
   <ViewAttribute
      Name="SingleCoreOhDist"
      IsPersistent="false"
      Type="oracle.jbo.domain.Number"
      ColumnType="NUMBER"
      AliasName="SINGLE_CORE_OH_DIST"
      Expression="SINGLE_CORE_OH_DIST"
      SQLType="NUMERIC" >
      <DesignTime>
         <Attr Name="_DisplaySize" Value="22" />
      </DesignTime>
   </ViewAttribute>
   <ViewAttribute
      Name="ClmPoHdrId"
      IsPersistent="false"
      Type="oracle.jbo.domain.Number"
      ColumnType="NUMBER"
      AliasName="CLM_PO_HDR_ID"
      Expression="CLM_PO_HDR_ID"
      SQLType="NUMERIC" >
      <DesignTime>
         <Attr Name="_DisplaySize" Value="22" />
      </DesignTime>
   </ViewAttribute>
   <ViewAttribute
      Name="CreatedBy"
      IsPersistent="false"
      Type="oracle.jbo.domain.Number"
      ColumnType="NUMBER"
      AliasName="CREATED_BY"
      Expression="CREATED_BY"
      SQLType="NUMERIC" >
      <DesignTime>
         <Attr Name="_DisplaySize" Value="22" />
      </DesignTime>
   </ViewAttribute>
   <ViewAttribute
      Name="ViewSelectFlag"
      IsSelected="false"
      IsPersistent="false"
      Type="java.lang.String"
      ColumnType="VARCHAR2"
      AliasName="VIEW_ATTR"
      SQLType="VARCHAR" >
   </ViewAttribute>
   <ViewAttribute
      Name="LineDisableSurDate"
      IsSelected="false"
      IsPersistent="false"
      Type="java.lang.Boolean"
      ColumnType="NUMBER"
      AliasName="VIEW_ATTR"
      SQLType="BIT" >
   </ViewAttribute>
   <ViewAttribute
      Name="LineDisableCommDate"
      IsSelected="false"
      IsPersistent="false"
      DiscrColumn="true"
      Type="java.lang.Boolean"
      ColumnType="NUMBER"
      AliasName="VIEW_ATTR"
      SQLType="BIT" >
   </ViewAttribute>
   <ViewAttribute
      Name="LineDisableCancelFields"
      IsSelected="false"
      IsPersistent="false"
      Type="java.lang.Boolean"
      ColumnType="NUMBER"
      AliasName="VIEW_ATTR"
      SQLType="BIT" >
   </ViewAttribute>
</ViewObject>
