<?xml version='1.0' encoding='windows-1252' ?>
<!DOCTYPE JboPackage SYSTEM "jbo_03_01.dtd">

<JboPackage
   Name="server"
   SeparateXMLFiles="true"
   PackageName="oracle.apps.sfc.clm.poform.server" >
   <DesignTime>
      <Attr Name="_ejbPackage" Value="false" />
      <Attr Name="_version" Value="10.1.3.43.6" />
   </DesignTime>
   <Containee
      Name="CLMApprovalSummaryVO"
      FullName="oracle.apps.sfc.clm.poform.server.CLMApprovalSummaryVO"
      ObjectType="ViewObject" >
   </Containee>
   <Containee
      Name="CLMBwAttachViewVO"
      FullName="oracle.apps.sfc.clm.poform.server.CLMBwAttachViewVO"
      ObjectType="ViewObject" >
   </Containee>
   <Containee
      Name="CLMBwCommItemsVO"
      FullName="oracle.apps.sfc.clm.poform.server.CLMBwCommItemsVO"
      ObjectType="ViewObject" >
   </Containee>
   <Containee
      Name="CLMBwCommLinesVO"
      FullName="oracle.apps.sfc.clm.poform.server.CLMBwCommLinesVO"
      ObjectType="ViewObject" >
   </Containee>
   <Containee
      Name="CLMBwwithLinkSearchVO"
      FullName="oracle.apps.sfc.clm.poform.server.CLMBwwithLinkSearchVO"
      ObjectType="ViewObject" >
   </Containee>
   <Containee
      Name="CLMCapacityUtilEOVO"
      FullName="oracle.apps.sfc.clm.poform.server.CLMCapacityUtilEOVO"
      ObjectType="ViewObject" >
   </Containee>
   <Containee
      Name="CLMCircuitIdsVO"
      FullName="oracle.apps.sfc.clm.poform.server.CLMCircuitIdsVO"
      ObjectType="ViewObject" >
   </Containee>
   <Containee
      Name="CLMCircuitTempDowloadVO"
      FullName="oracle.apps.sfc.clm.poform.server.CLMCircuitTempDowloadVO"
      ObjectType="ViewObject" >
   </Containee>
   <Containee
      Name="CLMCreatePoAM"
      FullName="oracle.apps.sfc.clm.poform.server.CLMCreatePoAM"
      ObjectType="AppModule" >
   </Containee>
   <Containee
      Name="CLMEbsPoActHistVO"
      FullName="oracle.apps.sfc.clm.poform.server.CLMEbsPoActHistVO"
      ObjectType="ViewObject" >
   </Containee>
   <Containee
      Name="CLMHistoryNewRecordVO"
      FullName="oracle.apps.sfc.clm.poform.server.CLMHistoryNewRecordVO"
      ObjectType="ViewObject" >
   </Containee>
   <Containee
      Name="CLMHistoryVO"
      FullName="oracle.apps.sfc.clm.poform.server.CLMHistoryVO"
      ObjectType="ViewObject" >
   </Containee>
   <Containee
      Name="CLMPoAttachmentsTabVO"
      FullName="oracle.apps.sfc.clm.poform.server.CLMPoAttachmentsTabVO"
      ObjectType="ViewObject" >
   </Containee>
   <Containee
      Name="CLMPoCircuitsTabEOVO"
      FullName="oracle.apps.sfc.clm.poform.server.CLMPoCircuitsTabEOVO"
      ObjectType="ViewObject" >
   </Containee>
   <Containee
      Name="CLMPoDraftVO"
      FullName="oracle.apps.sfc.clm.poform.server.CLMPoDraftVO"
      ObjectType="ViewObject" >
   </Containee>
   <Containee
      Name="CLMPoHdrTabVO"
      FullName="oracle.apps.sfc.clm.poform.server.CLMPoHdrTabVO"
      ObjectType="ViewObject" >
   </Containee>
   <Containee
      Name="CLMPoLineItemsTabVO"
      FullName="oracle.apps.sfc.clm.poform.server.CLMPoLineItemsTabVO"
      ObjectType="ViewObject" >
   </Containee>
   <Containee
      Name="CLMPoLinesTabVO"
      FullName="oracle.apps.sfc.clm.poform.server.CLMPoLinesTabVO"
      ObjectType="ViewObject" >
   </Containee>
   <Containee
      Name="CLMPoSearchVO"
      FullName="oracle.apps.sfc.clm.poform.server.CLMPoSearchVO"
      ObjectType="ViewObject" >
   </Containee>
   <Containee
      Name="CLMViewLineHistoryVO"
      FullName="oracle.apps.sfc.clm.poform.server.CLMViewLineHistoryVO"
      ObjectType="ViewObject" >
   </Containee>
   <Containee
      Name="CLMViewPOAttachmentsVO"
      FullName="oracle.apps.sfc.clm.poform.server.CLMViewPOAttachmentsVO"
      ObjectType="ViewObject" >
   </Containee>
</JboPackage>
