<?xml version = '1.0' encoding = 'UTF-8'?>
<page xmlns:jrad="http://xmlns.oracle.com/jrad" xmlns:oa="http://xmlns.oracle.com/oa" xmlns:ui="http://xmlns.oracle.com/uix/ui" version="10.1.3_" xml:lang="en-US" xmlns:user="http://xmlns.oracle.com/jrad/user" xmlns="http://xmlns.oracle.com/jrad" file-version="$Header$">
   <content>
      <oa:pageLayout id="pageLayoutRN" controllerClass="oracle.apps.sfc.clm.InvoiceBulkUpload.webui.XXSifyCLMInvBulkUploadPGCO" windowTitle="Sify CLM Invoice Bulk Upload" title="Sify CLM Invoice Bulk Upload" amDefName="oracle.apps.sfc.clm.InvoiceBulkUpload.server.XXSifyCLMInvBulkUploadAM">
         <ui:corporateBranding>
            <oa:image id="corporateBrandingImage" source="/OA_MEDIA/FNDSSCORP.gif"/>
         </ui:corporateBranding>
         <ui:contents>
            <oa:labeledFieldLayout id="region2" rendered="true">
               <ui:contents>
                  <oa:messageLovInput id="supplierLov" prompt="Supplier">
                     <lovContents>
                        <oa:listOfValues id="region8">
                           <ui:contents>
                              <oa:table name="region8" id="CLMSuppLovVO1">
                                 <ui:contents>
                                    <oa:messageStyledText id="SupplierName" dataType="VARCHAR2" prompt="SupplierName" viewName="CLMSuppLovVO1" viewAttr="SupplierName" maximumLength="240" queryable="true"/>
                                 </ui:contents>
                              </oa:table>
                           </ui:contents>
                        </oa:listOfValues>
                     </lovContents>
                     <lovMappings>
                        <lovMap id="lovMap4" lovItem="SupplierName" resultTo="supplierLov" criteriaFrom="supplierLov"/>
                     </lovMappings>
                  </oa:messageLovInput>
               </ui:contents>
            </oa:labeledFieldLayout>
            <oa:rowLayout id="region61" rendered="true">
               <ui:contents>
                  <oa:spacer id="item11" width="500"/>
                  <oa:submitButton id="RunBtn" text="Run Report And Download Template" prompt="Run Report And Download Template"/>
               </ui:contents>
            </oa:rowLayout>
            <oa:spacer id="SapceVal" height="20"/>
            <oa:tip id="tipId" styleClass="OraErrorText" text="Please Upload File in Microsoft Excel 97-2003(.xls) Format"/>
            <oa:tip id="tipId1" styleClass="OraErrorText" text="Please Make Sure Date Cell Formats Are in DD-MON-YYYY format."/>
            <oa:header id="UploadRN" text="Upload Data Template" rendered="true">
               <ui:contents>
                  <oa:messageFileUpload id="UploadItem" prompt="Upload Template Here :"/>
                  <oa:button id="FireUploadEvent" text="Upload And Submit" prompt="Upload And Submit" unvalidated="true" disabled="false" rendered="true" destination="">
                     <ui:primaryClientAction>
                        <ui:fireAction event="UploadDataEvent" id="fireAction1"/>
                     </ui:primaryClientAction>
                  </oa:button>
               </ui:contents>
            </oa:header>
            <oa:spacer id="SapceVal1" height="20"/>
            <oa:pageButtonBar id="region7">
               <ui:contents>
                  <oa:submitButton id="backBtn" text="back" prompt="back"/>
                  <oa:spacer id="item12" height="3"/>
               </ui:contents>
            </oa:pageButtonBar>
            <oa:table id="ClmCreditErrVO1" text="Error Details">
               <ui:contents>
                  <oa:messageTextInput id="BatchId" dataType="NUMBER" prompt="Batch Id" viewName="CLMCreditErrVO1" viewAttr="BatchId" readOnly="true"/>
                  <oa:messageTextInput id="ErrorMsg" dataType="VARCHAR2" prompt="ErrorMsg" viewName="CLMCreditErrVO1" viewAttr="ErrorMsg" maximumLength="500" readOnly="true" columns="50"/>
                  <oa:messageTextInput id="Attribute1" dataType="VARCHAR2" prompt="Invoice Number" viewName="CLMCreditErrVO1" viewAttr="Attribute1" maximumLength="500" readOnly="true"/>
               </ui:contents>
            </oa:table>
         </ui:contents>
      </oa:pageLayout>
   </content>
</page>
