<?xml version='1.0' encoding='windows-1252' ?>
<!DOCTYPE Entity SYSTEM "jbo_03_01.dtd">

<Entity
   Name="LmsPaymentInvoiceEO"
   DBObjectType="table"
   DBObjectName="XXSIFY_LMS_PAYMENT_INVOICE_TAB"
   AliasName="LmsPaymentInvoiceEO"
   BindingStyle="OracleName"
   UseGlueCode="false"
   RowClass="oracle.apps.sfc.clm.PaymentForm.schema.server.LmsPaymentInvoiceEOImpl"
   DefClass="oracle.apps.fnd.framework.server.OAEntityDefImpl"
   CollClass="oracle.apps.fnd.framework.server.OAEntityCache" >
   <DesignTime>
      <Attr Name="_isCodegen" Value="true" />
      <Attr Name="_version" Value="10.1.3.43.6" />
      <AttrArray Name="_publishEvents">
      </AttrArray>
      <Attr Name="_panelSchema" Value="table|alias" />
      <Attr Name="_codeGenFlag2" Value="Init|Delete|Access|DML|Val" />
   </DesignTime>
   <Attribute
      Name="InvoiceHdrId"
      ColumnName="INVOICE_HDR_ID"
      Type="oracle.jbo.domain.Number"
      ColumnType="NUMBER"
      SQLType="NUMERIC"
      TableName="XXSIFY_LMS_PAYMENT_INVOICE_TAB" >
      <DesignTime>
         <Attr Name="_DisplaySize" Value="22" />
      </DesignTime>
   </Attribute>
   <Attribute
      Name="BandWidhReqId"
      Precision="240"
      ColumnName="BAND_WIDH_REQ_ID"
      Type="java.lang.String"
      ColumnType="VARCHAR2"
      SQLType="VARCHAR"
      TableName="XXSIFY_LMS_PAYMENT_INVOICE_TAB" >
      <DesignTime>
         <Attr Name="_DisplaySize" Value="240" />
      </DesignTime>
   </Attribute>
   <Attribute
      Name="LmsId"
      ColumnName="LMS_ID"
      Type="oracle.jbo.domain.Number"
      ColumnType="NUMBER"
      SQLType="VARCHAR"
      TableName="XXSIFY_LMS_PAYMENT_INVOICE_TAB" >
      <DesignTime>
         <Attr Name="_DisplaySize" Value="240" />
      </DesignTime>
   </Attribute>
   <Attribute
      Name="PoHdrId"
      ColumnName="PO_HDR_ID"
      Type="oracle.jbo.domain.Number"
      ColumnType="NUMBER"
      SQLType="NUMERIC"
      TableName="XXSIFY_LMS_PAYMENT_INVOICE_TAB" >
      <DesignTime>
         <Attr Name="_DisplaySize" Value="22" />
      </DesignTime>
   </Attribute>
   <Attribute
      Name="PoNumber"
      Precision="240"
      ColumnName="PO_NUMBER"
      Type="java.lang.String"
      ColumnType="VARCHAR2"
      SQLType="VARCHAR"
      TableName="XXSIFY_LMS_PAYMENT_INVOICE_TAB" >
      <DesignTime>
         <Attr Name="_DisplaySize" Value="240" />
      </DesignTime>
   </Attribute>
   <Attribute
      Name="PoLineId"
      ColumnName="PO_LINE_ID"
      Type="oracle.jbo.domain.Number"
      ColumnType="NUMBER"
      SQLType="NUMERIC"
      TableName="XXSIFY_LMS_PAYMENT_INVOICE_TAB" >
      <DesignTime>
         <Attr Name="_DisplaySize" Value="22" />
      </DesignTime>
   </Attribute>
   <Attribute
      Name="PoLineNumber"
      ColumnName="PO_LINE_NUMBER"
      Type="oracle.jbo.domain.Number"
      ColumnType="NUMBER"
      SQLType="NUMERIC"
      TableName="XXSIFY_LMS_PAYMENT_INVOICE_TAB" >
      <DesignTime>
         <Attr Name="_DisplaySize" Value="22" />
      </DesignTime>
   </Attribute>
   <Attribute
      Name="InvoiceDate"
      ColumnName="INVOICE_DATE"
      Type="oracle.jbo.domain.Date"
      ColumnType="DATE"
      SQLType="TIMESTAMP"
      TableName="XXSIFY_LMS_PAYMENT_INVOICE_TAB" >
      <DesignTime>
         <Attr Name="_DisplaySize" Value="7" />
      </DesignTime>
   </Attribute>
   <Attribute
      Name="InvoiceAmount"
      Precision="15"
      Scale="2"
      ColumnName="INVOICE_AMOUNT"
      Type="oracle.jbo.domain.Number"
      ColumnType="NUMBER"
      SQLType="NUMERIC"
      TableName="XXSIFY_LMS_PAYMENT_INVOICE_TAB" >
      <DesignTime>
         <Attr Name="_DisplaySize" Value="22" />
      </DesignTime>
   </Attribute>
   <Attribute
      Name="TaxAmt"
      Precision="15"
      Scale="2"
      ColumnName="TAX_AMT"
      Type="oracle.jbo.domain.Number"
      ColumnType="NUMBER"
      SQLType="NUMERIC"
      TableName="XXSIFY_LMS_PAYMENT_INVOICE_TAB" >
      <DesignTime>
         <Attr Name="_DisplaySize" Value="22" />
      </DesignTime>
   </Attribute>
   <Attribute
      Name="TotalAmount"
      Precision="15"
      Scale="2"
      ColumnName="TOTAL_AMOUNT"
      Type="oracle.jbo.domain.Number"
      ColumnType="NUMBER"
      SQLType="NUMERIC"
      TableName="XXSIFY_LMS_PAYMENT_INVOICE_TAB" >
      <DesignTime>
         <Attr Name="_DisplaySize" Value="22" />
      </DesignTime>
   </Attribute>
   <Attribute
      Name="Attribute1"
      Precision="240"
      ColumnName="ATTRIBUTE1"
      Type="java.lang.String"
      ColumnType="VARCHAR2"
      SQLType="VARCHAR"
      TableName="XXSIFY_LMS_PAYMENT_INVOICE_TAB" >
      <DesignTime>
         <Attr Name="_DisplaySize" Value="240" />
      </DesignTime>
   </Attribute>
   <Attribute
      Name="Attribute2"
      Precision="240"
      ColumnName="ATTRIBUTE2"
      Type="java.lang.String"
      ColumnType="VARCHAR2"
      SQLType="VARCHAR"
      TableName="XXSIFY_LMS_PAYMENT_INVOICE_TAB" >
      <DesignTime>
         <Attr Name="_DisplaySize" Value="240" />
      </DesignTime>
   </Attribute>
   <Attribute
      Name="Attribute3"
      Precision="240"
      ColumnName="ATTRIBUTE3"
      Type="java.lang.String"
      ColumnType="VARCHAR2"
      SQLType="VARCHAR"
      TableName="XXSIFY_LMS_PAYMENT_INVOICE_TAB" >
      <DesignTime>
         <Attr Name="_DisplaySize" Value="240" />
      </DesignTime>
   </Attribute>
   <Attribute
      Name="Attribute4"
      Precision="240"
      ColumnName="ATTRIBUTE4"
      Type="java.lang.String"
      ColumnType="VARCHAR2"
      SQLType="VARCHAR"
      TableName="XXSIFY_LMS_PAYMENT_INVOICE_TAB" >
      <DesignTime>
         <Attr Name="_DisplaySize" Value="240" />
      </DesignTime>
   </Attribute>
   <Attribute
      Name="Attribute5"
      Precision="240"
      ColumnName="ATTRIBUTE5"
      Type="java.lang.String"
      ColumnType="VARCHAR2"
      SQLType="VARCHAR"
      TableName="XXSIFY_LMS_PAYMENT_INVOICE_TAB" >
      <DesignTime>
         <Attr Name="_DisplaySize" Value="240" />
      </DesignTime>
   </Attribute>
   <Attribute
      Name="Attribute6"
      Precision="240"
      ColumnName="ATTRIBUTE6"
      Type="java.lang.String"
      ColumnType="VARCHAR2"
      SQLType="VARCHAR"
      TableName="XXSIFY_LMS_PAYMENT_INVOICE_TAB" >
      <DesignTime>
         <Attr Name="_DisplaySize" Value="240" />
      </DesignTime>
   </Attribute>
   <Attribute
      Name="Attribute7"
      Precision="240"
      ColumnName="ATTRIBUTE7"
      Type="java.lang.String"
      ColumnType="VARCHAR2"
      SQLType="VARCHAR"
      TableName="XXSIFY_LMS_PAYMENT_INVOICE_TAB" >
      <DesignTime>
         <Attr Name="_DisplaySize" Value="240" />
      </DesignTime>
   </Attribute>
   <Attribute
      Name="Attribute8"
      Precision="240"
      ColumnName="ATTRIBUTE8"
      Type="java.lang.String"
      ColumnType="VARCHAR2"
      SQLType="VARCHAR"
      TableName="XXSIFY_LMS_PAYMENT_INVOICE_TAB" >
      <DesignTime>
         <Attr Name="_DisplaySize" Value="240" />
      </DesignTime>
   </Attribute>
   <Attribute
      Name="Attribute9"
      Precision="240"
      ColumnName="ATTRIBUTE9"
      Type="java.lang.String"
      ColumnType="VARCHAR2"
      SQLType="VARCHAR"
      TableName="XXSIFY_LMS_PAYMENT_INVOICE_TAB" >
      <DesignTime>
         <Attr Name="_DisplaySize" Value="240" />
      </DesignTime>
   </Attribute>
   <Attribute
      Name="Attribute10"
      Precision="240"
      ColumnName="ATTRIBUTE10"
      Type="java.lang.String"
      ColumnType="VARCHAR2"
      SQLType="VARCHAR"
      TableName="XXSIFY_LMS_PAYMENT_INVOICE_TAB" >
      <DesignTime>
         <Attr Name="_DisplaySize" Value="240" />
      </DesignTime>
   </Attribute>
   <Attribute
      Name="Attribute11"
      Precision="240"
      ColumnName="ATTRIBUTE11"
      Type="java.lang.String"
      ColumnType="VARCHAR2"
      SQLType="VARCHAR"
      TableName="XXSIFY_LMS_PAYMENT_INVOICE_TAB" >
      <DesignTime>
         <Attr Name="_DisplaySize" Value="240" />
      </DesignTime>
   </Attribute>
   <Attribute
      Name="Attribute12"
      Precision="240"
      ColumnName="ATTRIBUTE12"
      Type="java.lang.String"
      ColumnType="VARCHAR2"
      SQLType="VARCHAR"
      TableName="XXSIFY_LMS_PAYMENT_INVOICE_TAB" >
      <DesignTime>
         <Attr Name="_DisplaySize" Value="240" />
      </DesignTime>
   </Attribute>
   <Attribute
      Name="Attribute13"
      Precision="240"
      ColumnName="ATTRIBUTE13"
      Type="java.lang.String"
      ColumnType="VARCHAR2"
      SQLType="VARCHAR"
      TableName="XXSIFY_LMS_PAYMENT_INVOICE_TAB" >
      <DesignTime>
         <Attr Name="_DisplaySize" Value="240" />
      </DesignTime>
   </Attribute>
   <Attribute
      Name="Attribute14"
      Precision="240"
      ColumnName="ATTRIBUTE14"
      Type="java.lang.String"
      ColumnType="VARCHAR2"
      SQLType="VARCHAR"
      TableName="XXSIFY_LMS_PAYMENT_INVOICE_TAB" >
      <DesignTime>
         <Attr Name="_DisplaySize" Value="240" />
      </DesignTime>
   </Attribute>
   <Attribute
      Name="Attribute15"
      Precision="240"
      ColumnName="ATTRIBUTE15"
      Type="java.lang.String"
      ColumnType="VARCHAR2"
      SQLType="VARCHAR"
      TableName="XXSIFY_LMS_PAYMENT_INVOICE_TAB" >
      <DesignTime>
         <Attr Name="_DisplaySize" Value="240" />
      </DesignTime>
   </Attribute>
   <Attribute
      Name="CreationDate"
      ColumnName="CREATION_DATE"
      Type="oracle.jbo.domain.Date"
      ColumnType="DATE"
      SQLType="TIMESTAMP"
      TableName="XXSIFY_LMS_PAYMENT_INVOICE_TAB" >
      <DesignTime>
         <Attr Name="_DisplaySize" Value="7" />
      </DesignTime>
   </Attribute>
   <Attribute
      Name="CreatedBy"
      ColumnName="CREATED_BY"
      Type="oracle.jbo.domain.Number"
      ColumnType="NUMBER"
      SQLType="NUMERIC"
      TableName="XXSIFY_LMS_PAYMENT_INVOICE_TAB" >
      <DesignTime>
         <Attr Name="_DisplaySize" Value="22" />
      </DesignTime>
   </Attribute>
   <Attribute
      Name="LastUpdateDate"
      ColumnName="LAST_UPDATE_DATE"
      Type="oracle.jbo.domain.Date"
      ColumnType="DATE"
      SQLType="TIMESTAMP"
      TableName="XXSIFY_LMS_PAYMENT_INVOICE_TAB" >
      <DesignTime>
         <Attr Name="_DisplaySize" Value="7" />
      </DesignTime>
   </Attribute>
   <Attribute
      Name="LastUpdatedBy"
      ColumnName="LAST_UPDATED_BY"
      Type="oracle.jbo.domain.Number"
      ColumnType="NUMBER"
      SQLType="NUMERIC"
      TableName="XXSIFY_LMS_PAYMENT_INVOICE_TAB" >
      <DesignTime>
         <Attr Name="_DisplaySize" Value="22" />
      </DesignTime>
   </Attribute>
   <Attribute
      Name="LastUpdateLogin"
      ColumnName="LAST_UPDATE_LOGIN"
      Type="oracle.jbo.domain.Number"
      ColumnType="NUMBER"
      SQLType="NUMERIC"
      TableName="XXSIFY_LMS_PAYMENT_INVOICE_TAB" >
      <DesignTime>
         <Attr Name="_DisplaySize" Value="22" />
      </DesignTime>
   </Attribute>
   <Attribute
      Name="PoApprovalStatus"
      Precision="240"
      ColumnName="PO_APPROVAL_STATUS"
      Type="java.lang.String"
      ColumnType="VARCHAR2"
      SQLType="VARCHAR"
      TableName="XXSIFY_LMS_PAYMENT_INVOICE_TAB" >
      <DesignTime>
         <Attr Name="_DisplaySize" Value="240" />
      </DesignTime>
   </Attribute>
   <Attribute
      Name="InvoiceStatus"
      Precision="240"
      ColumnName="INVOICE_STATUS"
      Type="java.lang.String"
      ColumnType="VARCHAR2"
      SQLType="VARCHAR"
      TableName="XXSIFY_LMS_PAYMENT_INVOICE_TAB" >
      <DesignTime>
         <Attr Name="_DisplaySize" Value="240" />
      </DesignTime>
   </Attribute>
   <Attribute
      Name="InvoiceWfStatus"
      Precision="240"
      ColumnName="INVOICE_WF_STATUS"
      Type="java.lang.String"
      ColumnType="VARCHAR2"
      SQLType="VARCHAR"
      TableName="XXSIFY_LMS_PAYMENT_INVOICE_TAB" >
      <DesignTime>
         <Attr Name="_DisplaySize" Value="240" />
      </DesignTime>
   </Attribute>
   <Attribute
      Name="RowID"
      IsUpdateable="false"
      ColumnName="ROWID"
      Type="oracle.jbo.domain.RowID"
      ColumnType="ROWID"
      SQLType="ROWID"
      PrimaryKey="true" >
   </Attribute>
   <Attribute
      Name="Approver1"
      Precision="100"
      ColumnName="APPROVER1"
      Type="java.lang.String"
      ColumnType="VARCHAR2"
      SQLType="VARCHAR"
      TableName="XXSIFY_LMS_PAYMENT_INVOICE_TAB" >
      <DesignTime>
         <Attr Name="_DisplaySize" Value="100" />
      </DesignTime>
   </Attribute>
   <Attribute
      Name="Approver2"
      Precision="100"
      ColumnName="APPROVER2"
      Type="java.lang.String"
      ColumnType="VARCHAR2"
      SQLType="VARCHAR"
      TableName="XXSIFY_LMS_PAYMENT_INVOICE_TAB" >
      <DesignTime>
         <Attr Name="_DisplaySize" Value="100" />
      </DesignTime>
   </Attribute>
   <Attribute
      Name="EbsInvoiceId"
      ColumnName="EBS_INVOICE_ID"
      Type="oracle.jbo.domain.Number"
      ColumnType="NUMBER"
      SQLType="NUMERIC"
      TableName="XXSIFY_LMS_PAYMENT_INVOICE_TAB" >
      <DesignTime>
         <Attr Name="_DisplaySize" Value="22" />
      </DesignTime>
   </Attribute>
   <Attribute
      Name="EbsInvoiceNumber"
      Precision="240"
      ColumnName="EBS_INVOICE_NUMBER"
      Type="java.lang.String"
      ColumnType="VARCHAR2"
      SQLType="VARCHAR"
      TableName="XXSIFY_LMS_PAYMENT_INVOICE_TAB" >
      <DesignTime>
         <Attr Name="_DisplaySize" Value="240" />
      </DesignTime>
   </Attribute>
   <Attribute
      Name="FromLocation"
      Precision="240"
      ColumnName="FROM_LOCATION"
      Type="java.lang.String"
      ColumnType="VARCHAR2"
      SQLType="VARCHAR"
      TableName="XXSIFY_LMS_PAYMENT_INVOICE_TAB" >
      <DesignTime>
         <Attr Name="_DisplaySize" Value="240" />
      </DesignTime>
   </Attribute>
   <Attribute
      Name="ItemKey"
      Precision="100"
      ColumnName="ITEM_KEY"
      Type="java.lang.String"
      ColumnType="VARCHAR2"
      SQLType="VARCHAR"
      TableName="XXSIFY_LMS_PAYMENT_INVOICE_TAB" >
      <DesignTime>
         <Attr Name="_DisplaySize" Value="100" />
      </DesignTime>
   </Attribute>
   <Attribute
      Name="LmsInvoiceId"
      ColumnName="LMS_INVOICE_ID"
      Type="oracle.jbo.domain.Number"
      ColumnType="NUMBER"
      SQLType="NUMERIC"
      TableName="XXSIFY_LMS_PAYMENT_INVOICE_TAB" >
      <DesignTime>
         <Attr Name="_DisplaySize" Value="22" />
      </DesignTime>
   </Attribute>
   <Attribute
      Name="LmsInvoiceLineNo"
      ColumnName="LMS_INVOICE_LINE_NO"
      Type="oracle.jbo.domain.Number"
      ColumnType="NUMBER"
      SQLType="NUMERIC"
      TableName="XXSIFY_LMS_PAYMENT_INVOICE_TAB" >
      <DesignTime>
         <Attr Name="_DisplaySize" Value="22" />
      </DesignTime>
   </Attribute>
   <Attribute
      Name="LmsInvoiceNumber"
      Precision="240"
      ColumnName="LMS_INVOICE_NUMBER"
      Type="java.lang.String"
      ColumnType="VARCHAR2"
      SQLType="VARCHAR"
      TableName="XXSIFY_LMS_PAYMENT_INVOICE_TAB" >
      <DesignTime>
         <Attr Name="_DisplaySize" Value="240" />
      </DesignTime>
   </Attribute>
   <Attribute
      Name="LmsPaymentHdrId"
      ColumnName="LMS_PAYMENT_HDR_ID"
      Type="oracle.jbo.domain.Number"
      ColumnType="NUMBER"
      SQLType="NUMERIC"
      TableName="XXSIFY_LMS_PAYMENT_INVOICE_TAB" >
      <DesignTime>
         <Attr Name="_DisplaySize" Value="22" />
      </DesignTime>
   </Attribute>
   <Attribute
      Name="ToLocation"
      Precision="240"
      ColumnName="TO_LOCATION"
      Type="java.lang.String"
      ColumnType="VARCHAR2"
      SQLType="VARCHAR"
      TableName="XXSIFY_LMS_PAYMENT_INVOICE_TAB" >
      <DesignTime>
         <Attr Name="_DisplaySize" Value="240" />
      </DesignTime>
   </Attribute>
   <Attribute
      Name="SaveFlag"
      Precision="10"
      ColumnName="SAVE_FLAG"
      Type="java.lang.String"
      ColumnType="VARCHAR2"
      SQLType="VARCHAR"
      TableName="XXSIFY_LMS_PAYMENT_INVOICE_TAB" >
      <DesignTime>
         <Attr Name="_DisplaySize" Value="10" />
      </DesignTime>
   </Attribute>
   <Attribute
      Name="ErrorMsg"
      Precision="2000"
      ColumnName="ERROR_MSG"
      Type="java.lang.String"
      ColumnType="VARCHAR2"
      SQLType="VARCHAR"
      TableName="XXSIFY_LMS_PAYMENT_INVOICE_TAB" >
      <DesignTime>
         <Attr Name="_DisplaySize" Value="2000" />
      </DesignTime>
   </Attribute>
   <Attribute
      Name="ConcProgramId"
      ColumnName="CONC_PROGRAM_ID"
      Type="oracle.jbo.domain.Number"
      ColumnType="NUMBER"
      SQLType="NUMERIC"
      TableName="XXSIFY_LMS_PAYMENT_INVOICE_TAB" >
      <DesignTime>
         <Attr Name="_DisplaySize" Value="22" />
      </DesignTime>
   </Attribute>
   <Attribute
      Name="InvPeriodFromDate"
      ColumnName="INV_PERIOD_FROM_DATE"
      Type="oracle.jbo.domain.Date"
      ColumnType="DATE"
      SQLType="TIMESTAMP"
      TableName="XXSIFY_LMS_PAYMENT_INVOICE_TAB" >
      <DesignTime>
         <Attr Name="_DisplaySize" Value="7" />
      </DesignTime>
   </Attribute>
   <Attribute
      Name="InvPeriodToDate"
      ColumnName="INV_PERIOD_TO_DATE"
      Type="oracle.jbo.domain.Date"
      ColumnType="DATE"
      SQLType="TIMESTAMP"
      TableName="XXSIFY_LMS_PAYMENT_INVOICE_TAB" >
      <DesignTime>
         <Attr Name="_DisplaySize" Value="7" />
      </DesignTime>
   </Attribute>
   <Attribute
      Name="Activity"
      Precision="240"
      ColumnName="ACTIVITY"
      Type="java.lang.String"
      ColumnType="VARCHAR2"
      SQLType="VARCHAR"
      TableName="XXSIFY_LMS_PAYMENT_INVOICE_TAB" >
      <DesignTime>
         <Attr Name="_DisplaySize" Value="240" />
      </DesignTime>
   </Attribute>
   <Attribute
      Name="AdvAmount"
      Precision="15"
      Scale="2"
      ColumnName="ADV_AMOUNT"
      Type="oracle.jbo.domain.Number"
      ColumnType="NUMBER"
      SQLType="NUMERIC"
      TableName="XXSIFY_LMS_PAYMENT_INVOICE_TAB" >
      <DesignTime>
         <Attr Name="_DisplaySize" Value="22" />
      </DesignTime>
   </Attribute>
   <Attribute
      Name="AdvCreateInvoice"
      Precision="30"
      ColumnName="ADV_CREATE_INVOICE"
      Type="java.lang.String"
      ColumnType="VARCHAR2"
      SQLType="VARCHAR"
      TableName="XXSIFY_LMS_PAYMENT_INVOICE_TAB" >
      <DesignTime>
         <Attr Name="_DisplaySize" Value="30" />
      </DesignTime>
   </Attribute>
   <Attribute
      Name="AdvCurrency"
      Precision="30"
      ColumnName="ADV_CURRENCY"
      Type="java.lang.String"
      ColumnType="VARCHAR2"
      SQLType="VARCHAR"
      TableName="XXSIFY_LMS_PAYMENT_INVOICE_TAB" >
      <DesignTime>
         <Attr Name="_DisplaySize" Value="30" />
      </DesignTime>
   </Attribute>
   <Attribute
      Name="AdvInvoiceNo"
      Precision="240"
      ColumnName="ADV_INVOICE_NO"
      Type="java.lang.String"
      ColumnType="VARCHAR2"
      SQLType="VARCHAR"
      TableName="XXSIFY_LMS_PAYMENT_INVOICE_TAB" >
      <DesignTime>
         <Attr Name="_DisplaySize" Value="240" />
      </DesignTime>
   </Attribute>
   <Attribute
      Name="AdvPeriod"
      Precision="30"
      ColumnName="ADV_PERIOD"
      Type="java.lang.String"
      ColumnType="VARCHAR2"
      SQLType="VARCHAR"
      TableName="XXSIFY_LMS_PAYMENT_INVOICE_TAB" >
      <DesignTime>
         <Attr Name="_DisplaySize" Value="30" />
      </DesignTime>
   </Attribute>
   <Attribute
      Name="AdvRemarks"
      Precision="2000"
      ColumnName="ADV_REMARKS"
      Type="java.lang.String"
      ColumnType="VARCHAR2"
      SQLType="VARCHAR"
      TableName="XXSIFY_LMS_PAYMENT_INVOICE_TAB" >
      <DesignTime>
         <Attr Name="_DisplaySize" Value="2000" />
      </DesignTime>
   </Attribute>
   <Attribute
      Name="AdvStatus"
      Precision="100"
      ColumnName="ADV_STATUS"
      Type="java.lang.String"
      ColumnType="VARCHAR2"
      SQLType="VARCHAR"
      TableName="XXSIFY_LMS_PAYMENT_INVOICE_TAB" >
      <DesignTime>
         <Attr Name="_DisplaySize" Value="100" />
      </DesignTime>
   </Attribute>
   <Attribute
      Name="AdvSupInvoiceDate"
      ColumnName="ADV_SUP_INVOICE_DATE"
      Type="oracle.jbo.domain.Date"
      ColumnType="DATE"
      SQLType="TIMESTAMP"
      TableName="XXSIFY_LMS_PAYMENT_INVOICE_TAB" >
      <DesignTime>
         <Attr Name="_DisplaySize" Value="7" />
      </DesignTime>
   </Attribute>
   <Attribute
      Name="AdvSupInvoiceNo"
      Precision="240"
      ColumnName="ADV_SUP_INVOICE_NO"
      Type="java.lang.String"
      ColumnType="VARCHAR2"
      SQLType="VARCHAR"
      TableName="XXSIFY_LMS_PAYMENT_INVOICE_TAB" >
      <DesignTime>
         <Attr Name="_DisplaySize" Value="240" />
      </DesignTime>
   </Attribute>
   <Attribute
      Name="AdvTaxPercent"
      ColumnName="ADV_TAX_PERCENT"
      Type="oracle.jbo.domain.Number"
      ColumnType="NUMBER"
      SQLType="NUMERIC"
      TableName="XXSIFY_LMS_PAYMENT_INVOICE_TAB" >
      <DesignTime>
         <Attr Name="_DisplaySize" Value="22" />
      </DesignTime>
   </Attribute>
   <Attribute
      Name="AdvVerified"
      Precision="30"
      ColumnName="ADV_VERIFIED"
      Type="java.lang.String"
      ColumnType="VARCHAR2"
      SQLType="VARCHAR"
      TableName="XXSIFY_LMS_PAYMENT_INVOICE_TAB" >
      <DesignTime>
         <Attr Name="_DisplaySize" Value="30" />
      </DesignTime>
   </Attribute>
   <Attribute
      Name="AmountPaid"
      Precision="15"
      Scale="2"
      ColumnName="AMOUNT_PAID"
      Type="oracle.jbo.domain.Number"
      ColumnType="NUMBER"
      SQLType="NUMERIC"
      TableName="XXSIFY_LMS_PAYMENT_INVOICE_TAB" >
      <DesignTime>
         <Attr Name="_DisplaySize" Value="22" />
      </DesignTime>
   </Attribute>
   <Attribute
      Name="ApprovedDate"
      ColumnName="APPROVED_DATE"
      Type="oracle.jbo.domain.Date"
      ColumnType="DATE"
      SQLType="TIMESTAMP"
      TableName="XXSIFY_LMS_PAYMENT_INVOICE_TAB" >
      <DesignTime>
         <Attr Name="_DisplaySize" Value="7" />
      </DesignTime>
   </Attribute>
   <Attribute
      Name="BalAmt"
      Precision="15"
      Scale="2"
      ColumnName="BAL_AMT"
      Type="oracle.jbo.domain.Number"
      ColumnType="NUMBER"
      SQLType="NUMERIC"
      TableName="XXSIFY_LMS_PAYMENT_INVOICE_TAB" >
      <DesignTime>
         <Attr Name="_DisplaySize" Value="22" />
      </DesignTime>
   </Attribute>
   <Attribute
      Name="BandWidhReqNo"
      Precision="100"
      ColumnName="BAND_WIDH_REQ_NO"
      Type="java.lang.String"
      ColumnType="VARCHAR2"
      SQLType="VARCHAR"
      TableName="XXSIFY_LMS_PAYMENT_INVOICE_TAB" >
      <DesignTime>
         <Attr Name="_DisplaySize" Value="100" />
      </DesignTime>
   </Attribute>
   <Attribute
      Name="BwDistance"
      ColumnName="BW_DISTANCE"
      Type="oracle.jbo.domain.Number"
      ColumnType="NUMBER"
      SQLType="NUMERIC"
      TableName="XXSIFY_LMS_PAYMENT_INVOICE_TAB" >
      <DesignTime>
         <Attr Name="_DisplaySize" Value="22" />
      </DesignTime>
   </Attribute>
   <Attribute
      Name="Capacity"
      Precision="240"
      ColumnName="CAPACITY"
      Type="java.lang.String"
      ColumnType="VARCHAR2"
      SQLType="VARCHAR"
      TableName="XXSIFY_LMS_PAYMENT_INVOICE_TAB" >
      <DesignTime>
         <Attr Name="_DisplaySize" Value="240" />
      </DesignTime>
   </Attribute>
   <Attribute
      Name="ChargeAccount"
      Precision="240"
      ColumnName="CHARGE_ACCOUNT"
      Type="java.lang.String"
      ColumnType="VARCHAR2"
      SQLType="VARCHAR"
      TableName="XXSIFY_LMS_PAYMENT_INVOICE_TAB" >
      <DesignTime>
         <Attr Name="_DisplaySize" Value="240" />
      </DesignTime>
   </Attribute>
   <Attribute
      Name="CircuitId"
      Precision="240"
      ColumnName="CIRCUIT_ID"
      Type="java.lang.String"
      ColumnType="VARCHAR2"
      SQLType="VARCHAR"
      TableName="XXSIFY_LMS_PAYMENT_INVOICE_TAB" >
      <DesignTime>
         <Attr Name="_DisplaySize" Value="240" />
      </DesignTime>
   </Attribute>
   <Attribute
      Name="CommissionedDate"
      ColumnName="COMMISSIONED_DATE"
      Type="oracle.jbo.domain.Date"
      ColumnType="DATE"
      SQLType="TIMESTAMP"
      TableName="XXSIFY_LMS_PAYMENT_INVOICE_TAB" >
      <DesignTime>
         <Attr Name="_DisplaySize" Value="7" />
      </DesignTime>
   </Attribute>
   <Attribute
      Name="ConversionRate"
      ColumnName="CONVERSION_RATE"
      Type="oracle.jbo.domain.Number"
      ColumnType="NUMBER"
      SQLType="NUMERIC"
      TableName="XXSIFY_LMS_PAYMENT_INVOICE_TAB" >
      <DesignTime>
         <Attr Name="_DisplaySize" Value="22" />
      </DesignTime>
   </Attribute>
   <Attribute
      Name="DistCodeCombinationId"
      ColumnName="DIST_CODE_COMBINATION_ID"
      Type="oracle.jbo.domain.Number"
      ColumnType="NUMBER"
      SQLType="NUMERIC"
      TableName="XXSIFY_LMS_PAYMENT_INVOICE_TAB" >
      <DesignTime>
         <Attr Name="_DisplaySize" Value="22" />
      </DesignTime>
   </Attribute>
   <Attribute
      Name="EbsPoNumber"
      ColumnName="EBS_PO_NUMBER"
      Type="oracle.jbo.domain.Number"
      ColumnType="NUMBER"
      SQLType="NUMERIC"
      TableName="XXSIFY_LMS_PAYMENT_INVOICE_TAB" >
      <DesignTime>
         <Attr Name="_DisplaySize" Value="22" />
      </DesignTime>
   </Attribute>
   <Attribute
      Name="FinalStatus"
      Precision="80"
      ColumnName="FINAL_STATUS"
      Type="java.lang.String"
      ColumnType="VARCHAR2"
      SQLType="VARCHAR"
      TableName="XXSIFY_LMS_PAYMENT_INVOICE_TAB" >
      <DesignTime>
         <Attr Name="_DisplaySize" Value="80" />
      </DesignTime>
   </Attribute>
   <Attribute
      Name="FromLocSno"
      ColumnName="FROM_LOC_SNO"
      Type="oracle.jbo.domain.Number"
      ColumnType="NUMBER"
      SQLType="NUMERIC"
      TableName="XXSIFY_LMS_PAYMENT_INVOICE_TAB" >
      <DesignTime>
         <Attr Name="_DisplaySize" Value="22" />
      </DesignTime>
   </Attribute>
   <Attribute
      Name="InvoiceType"
      Precision="100"
      ColumnName="INVOICE_TYPE"
      Type="java.lang.String"
      ColumnType="VARCHAR2"
      SQLType="VARCHAR"
      TableName="XXSIFY_LMS_PAYMENT_INVOICE_TAB" >
      <DesignTime>
         <Attr Name="_DisplaySize" Value="100" />
      </DesignTime>
   </Attribute>
   <Attribute
      Name="ItemCode"
      Precision="240"
      ColumnName="ITEM_CODE"
      Type="java.lang.String"
      ColumnType="VARCHAR2"
      SQLType="VARCHAR"
      TableName="XXSIFY_LMS_PAYMENT_INVOICE_TAB" >
      <DesignTime>
         <Attr Name="_DisplaySize" Value="240" />
      </DesignTime>
   </Attribute>
   <Attribute
      Name="ItemId"
      ColumnName="ITEM_ID"
      Type="oracle.jbo.domain.Number"
      ColumnType="NUMBER"
      SQLType="NUMERIC"
      TableName="XXSIFY_LMS_PAYMENT_INVOICE_TAB" >
      <DesignTime>
         <Attr Name="_DisplaySize" Value="22" />
      </DesignTime>
   </Attribute>
   <Attribute
      Name="ItemType"
      Precision="100"
      ColumnName="ITEM_TYPE"
      Type="java.lang.String"
      ColumnType="VARCHAR2"
      SQLType="VARCHAR"
      TableName="XXSIFY_LMS_PAYMENT_INVOICE_TAB" >
      <DesignTime>
         <Attr Name="_DisplaySize" Value="100" />
      </DesignTime>
   </Attribute>
   <Attribute
      Name="LastInvoiceDate"
      ColumnName="LAST_INVOICE_DATE"
      Type="oracle.jbo.domain.Date"
      ColumnType="DATE"
      SQLType="TIMESTAMP"
      TableName="XXSIFY_LMS_PAYMENT_INVOICE_TAB" >
      <DesignTime>
         <Attr Name="_DisplaySize" Value="7" />
      </DesignTime>
   </Attribute>
   <Attribute
      Name="LinkType"
      Precision="240"
      ColumnName="LINK_TYPE"
      Type="java.lang.String"
      ColumnType="VARCHAR2"
      SQLType="VARCHAR"
      TableName="XXSIFY_LMS_PAYMENT_INVOICE_TAB" >
      <DesignTime>
         <Attr Name="_DisplaySize" Value="240" />
      </DesignTime>
   </Attribute>
   <Attribute
      Name="LmsCreationDate"
      ColumnName="LMS_CREATION_DATE"
      Type="oracle.jbo.domain.Date"
      ColumnType="DATE"
      SQLType="TIMESTAMP"
      TableName="XXSIFY_LMS_PAYMENT_INVOICE_TAB" >
      <DesignTime>
         <Attr Name="_DisplaySize" Value="7" />
      </DesignTime>
   </Attribute>
   <Attribute
      Name="LmsPoNumber"
      ColumnName="LMS_PO_NUMBER"
      Type="oracle.jbo.domain.Number"
      ColumnType="NUMBER"
      SQLType="NUMERIC"
      TableName="XXSIFY_LMS_PAYMENT_INVOICE_TAB" >
      <DesignTime>
         <Attr Name="_DisplaySize" Value="22" />
      </DesignTime>
   </Attribute>
   <Attribute
      Name="PaidDate"
      ColumnName="PAID_DATE"
      Type="oracle.jbo.domain.Date"
      ColumnType="DATE"
      SQLType="TIMESTAMP"
      TableName="XXSIFY_LMS_PAYMENT_INVOICE_TAB" >
      <DesignTime>
         <Attr Name="_DisplaySize" Value="7" />
      </DesignTime>
   </Attribute>
   <Attribute
      Name="PaymentDetails"
      Precision="200"
      ColumnName="PAYMENT_DETAILS"
      Type="java.lang.String"
      ColumnType="VARCHAR2"
      SQLType="VARCHAR"
      TableName="XXSIFY_LMS_PAYMENT_INVOICE_TAB" >
      <DesignTime>
         <Attr Name="_DisplaySize" Value="200" />
      </DesignTime>
   </Attribute>
   <Attribute
      Name="PaymentId"
      ColumnName="PAYMENT_ID"
      Type="oracle.jbo.domain.Number"
      ColumnType="NUMBER"
      SQLType="NUMERIC"
      TableName="XXSIFY_LMS_PAYMENT_INVOICE_TAB" >
      <DesignTime>
         <Attr Name="_DisplaySize" Value="22" />
      </DesignTime>
   </Attribute>
   <Attribute
      Name="PaymentStatus"
      Precision="100"
      ColumnName="PAYMENT_STATUS"
      Type="java.lang.String"
      ColumnType="VARCHAR2"
      SQLType="VARCHAR"
      TableName="XXSIFY_LMS_PAYMENT_INVOICE_TAB" >
      <DesignTime>
         <Attr Name="_DisplaySize" Value="100" />
      </DesignTime>
   </Attribute>
   <Attribute
      Name="PoAmount"
      Precision="15"
      Scale="2"
      ColumnName="PO_AMOUNT"
      Type="oracle.jbo.domain.Number"
      ColumnType="NUMBER"
      SQLType="NUMERIC"
      TableName="XXSIFY_LMS_PAYMENT_INVOICE_TAB" >
      <DesignTime>
         <Attr Name="_DisplaySize" Value="22" />
      </DesignTime>
   </Attribute>
   <Attribute
      Name="PoLineAmount"
      Precision="15"
      Scale="2"
      ColumnName="PO_LINE_AMOUNT"
      Type="oracle.jbo.domain.Number"
      ColumnType="NUMBER"
      SQLType="NUMERIC"
      TableName="XXSIFY_LMS_PAYMENT_INVOICE_TAB" >
      <DesignTime>
         <Attr Name="_DisplaySize" Value="22" />
      </DesignTime>
   </Attribute>
   <Attribute
      Name="PoTax"
      Precision="10"
      Scale="2"
      ColumnName="PO_TAX"
      Type="oracle.jbo.domain.Number"
      ColumnType="NUMBER"
      SQLType="NUMERIC"
      TableName="XXSIFY_LMS_PAYMENT_INVOICE_TAB" >
      <DesignTime>
         <Attr Name="_DisplaySize" Value="22" />
      </DesignTime>
   </Attribute>
   <Attribute
      Name="PoUom"
      Precision="80"
      ColumnName="PO_UOM"
      Type="java.lang.String"
      ColumnType="VARCHAR2"
      SQLType="VARCHAR"
      TableName="XXSIFY_LMS_PAYMENT_INVOICE_TAB" >
      <DesignTime>
         <Attr Name="_DisplaySize" Value="80" />
      </DesignTime>
   </Attribute>
   <Attribute
      Name="PoValidFrom"
      ColumnName="PO_VALID_FROM"
      Type="oracle.jbo.domain.Date"
      ColumnType="DATE"
      SQLType="TIMESTAMP"
      TableName="XXSIFY_LMS_PAYMENT_INVOICE_TAB" >
      <DesignTime>
         <Attr Name="_DisplaySize" Value="7" />
      </DesignTime>
   </Attribute>
   <Attribute
      Name="PoValidTo"
      ColumnName="PO_VALID_TO"
      Type="oracle.jbo.domain.Date"
      ColumnType="DATE"
      SQLType="TIMESTAMP"
      TableName="XXSIFY_LMS_PAYMENT_INVOICE_TAB" >
      <DesignTime>
         <Attr Name="_DisplaySize" Value="7" />
      </DesignTime>
   </Attribute>
   <Attribute
      Name="ProCommissionedDate"
      ColumnName="PRO_COMMISSIONED_DATE"
      Type="oracle.jbo.domain.Date"
      ColumnType="DATE"
      SQLType="TIMESTAMP"
      TableName="XXSIFY_LMS_PAYMENT_INVOICE_TAB" >
      <DesignTime>
         <Attr Name="_DisplaySize" Value="7" />
      </DesignTime>
   </Attribute>
   <Attribute
      Name="Qty"
      ColumnName="QTY"
      Type="oracle.jbo.domain.Number"
      ColumnType="NUMBER"
      SQLType="NUMERIC"
      TableName="XXSIFY_LMS_PAYMENT_INVOICE_TAB" >
      <DesignTime>
         <Attr Name="_DisplaySize" Value="22" />
      </DesignTime>
   </Attribute>
   <Attribute
      Name="Remarks"
      Precision="2000"
      ColumnName="REMARKS"
      Type="java.lang.String"
      ColumnType="VARCHAR2"
      SQLType="VARCHAR"
      TableName="XXSIFY_LMS_PAYMENT_INVOICE_TAB" >
      <DesignTime>
         <Attr Name="_DisplaySize" Value="2000" />
      </DesignTime>
   </Attribute>
   <Attribute
      Name="Supplier"
      Precision="240"
      ColumnName="SUPPLIER"
      Type="java.lang.String"
      ColumnType="VARCHAR2"
      SQLType="VARCHAR"
      TableName="XXSIFY_LMS_PAYMENT_INVOICE_TAB" >
      <DesignTime>
         <Attr Name="_DisplaySize" Value="240" />
      </DesignTime>
   </Attribute>
   <Attribute
      Name="SupplierSite"
      Precision="240"
      ColumnName="SUPPLIER_SITE"
      Type="java.lang.String"
      ColumnType="VARCHAR2"
      SQLType="VARCHAR"
      TableName="XXSIFY_LMS_PAYMENT_INVOICE_TAB" >
      <DesignTime>
         <Attr Name="_DisplaySize" Value="240" />
      </DesignTime>
   </Attribute>
   <Attribute
      Name="SurrenderedDate"
      ColumnName="SURRENDERED_DATE"
      Type="oracle.jbo.domain.Date"
      ColumnType="DATE"
      SQLType="TIMESTAMP"
      TableName="XXSIFY_LMS_PAYMENT_INVOICE_TAB" >
      <DesignTime>
         <Attr Name="_DisplaySize" Value="7" />
      </DesignTime>
   </Attribute>
   <Attribute
      Name="ToLocSno"
      ColumnName="TO_LOC_SNO"
      Type="oracle.jbo.domain.Number"
      ColumnType="NUMBER"
      SQLType="NUMERIC"
      TableName="XXSIFY_LMS_PAYMENT_INVOICE_TAB" >
      <DesignTime>
         <Attr Name="_DisplaySize" Value="22" />
      </DesignTime>
   </Attribute>
   <Attribute
      Name="VendorId"
      ColumnName="VENDOR_ID"
      Type="oracle.jbo.domain.Number"
      ColumnType="NUMBER"
      SQLType="NUMERIC"
      TableName="XXSIFY_LMS_PAYMENT_INVOICE_TAB" >
      <DesignTime>
         <Attr Name="_DisplaySize" Value="22" />
      </DesignTime>
   </Attribute>
   <Attribute
      Name="VendorSiteCurrencyCode"
      Precision="5"
      ColumnName="VENDOR_SITE_CURRENCY_CODE"
      Type="java.lang.String"
      ColumnType="VARCHAR2"
      SQLType="VARCHAR"
      TableName="XXSIFY_LMS_PAYMENT_INVOICE_TAB" >
      <DesignTime>
         <Attr Name="_DisplaySize" Value="5" />
      </DesignTime>
   </Attribute>
   <Attribute
      Name="VendorSiteId"
      ColumnName="VENDOR_SITE_ID"
      Type="oracle.jbo.domain.Number"
      ColumnType="NUMBER"
      SQLType="NUMERIC"
      TableName="XXSIFY_LMS_PAYMENT_INVOICE_TAB" >
      <DesignTime>
         <Attr Name="_DisplaySize" Value="22" />
      </DesignTime>
   </Attribute>
   <Attribute
      Name="EbsPoHeaderId"
      ColumnName="EBS_PO_HEADER_ID"
      Type="oracle.jbo.domain.Number"
      ColumnType="NUMBER"
      SQLType="NUMERIC"
      TableName="XXSIFY_LMS_PAYMENT_INVOICE_TAB" >
      <DesignTime>
         <Attr Name="_DisplaySize" Value="22" />
      </DesignTime>
   </Attribute>
   <Attribute
      Name="EbsPoLineId"
      ColumnName="EBS_PO_LINE_ID"
      Type="oracle.jbo.domain.Number"
      ColumnType="NUMBER"
      SQLType="NUMERIC"
      TableName="XXSIFY_LMS_PAYMENT_INVOICE_TAB" >
      <DesignTime>
         <Attr Name="_DisplaySize" Value="22" />
      </DesignTime>
   </Attribute>
   <Attribute
      Name="ItemDesc"
      Precision="240"
      ColumnName="ITEM_DESC"
      Type="java.lang.String"
      ColumnType="VARCHAR2"
      SQLType="VARCHAR"
      TableName="XXSIFY_LMS_PAYMENT_INVOICE_TAB" >
      <DesignTime>
         <Attr Name="_DisplaySize" Value="240" />
      </DesignTime>
   </Attribute>
   <Attribute
      Name="PaymentTerm"
      Precision="100"
      ColumnName="PAYMENT_TERM"
      Type="java.lang.String"
      ColumnType="VARCHAR2"
      SQLType="VARCHAR"
      TableName="XXSIFY_LMS_PAYMENT_INVOICE_TAB" >
      <DesignTime>
         <Attr Name="_DisplaySize" Value="100" />
      </DesignTime>
   </Attribute>
   <Attribute
      Name="InvAmtRef"
      Precision="15"
      Scale="2"
      ColumnName="INV_AMT_REF"
      Type="oracle.jbo.domain.Number"
      ColumnType="NUMBER"
      SQLType="NUMERIC"
      TableName="XXSIFY_LMS_PAYMENT_INVOICE_TAB" >
      <DesignTime>
         <Attr Name="_DisplaySize" Value="22" />
      </DesignTime>
   </Attribute>
   <Attribute
      Name="BatchNo"
      ColumnName="BATCH_NO"
      Type="oracle.jbo.domain.Number"
      ColumnType="NUMBER"
      SQLType="NUMERIC"
      TableName="XXSIFY_LMS_PAYMENT_INVOICE_TAB" >
      <DesignTime>
         <Attr Name="_DisplaySize" Value="22" />
      </DesignTime>
   </Attribute>
   <Attribute
      Name="CgstTaxCode"
      Precision="100"
      ColumnName="CGST_TAX_CODE"
      Type="java.lang.String"
      ColumnType="VARCHAR2"
      SQLType="VARCHAR"
      TableName="XXSIFY_LMS_PAYMENT_INVOICE_TAB" >
      <DesignTime>
         <Attr Name="_DisplaySize" Value="100" />
      </DesignTime>
   </Attribute>
   <Attribute
      Name="CgstTaxPer"
      Precision="15"
      Scale="2"
      ColumnName="CGST_TAX_PER"
      Type="oracle.jbo.domain.Number"
      ColumnType="NUMBER"
      SQLType="NUMERIC"
      TableName="XXSIFY_LMS_PAYMENT_INVOICE_TAB" >
      <DesignTime>
         <Attr Name="_DisplaySize" Value="22" />
      </DesignTime>
   </Attribute>
   <Attribute
      Name="IgstTaxCode"
      Precision="100"
      ColumnName="IGST_TAX_CODE"
      Type="java.lang.String"
      ColumnType="VARCHAR2"
      SQLType="VARCHAR"
      TableName="XXSIFY_LMS_PAYMENT_INVOICE_TAB" >
      <DesignTime>
         <Attr Name="_DisplaySize" Value="100" />
      </DesignTime>
   </Attribute>
   <Attribute
      Name="IgstTaxPer"
      Precision="15"
      Scale="2"
      ColumnName="IGST_TAX_PER"
      Type="oracle.jbo.domain.Number"
      ColumnType="NUMBER"
      SQLType="NUMERIC"
      TableName="XXSIFY_LMS_PAYMENT_INVOICE_TAB" >
      <DesignTime>
         <Attr Name="_DisplaySize" Value="22" />
      </DesignTime>
   </Attribute>
   <Attribute
      Name="SgstTaxCode"
      Precision="100"
      ColumnName="SGST_TAX_CODE"
      Type="java.lang.String"
      ColumnType="VARCHAR2"
      SQLType="VARCHAR"
      TableName="XXSIFY_LMS_PAYMENT_INVOICE_TAB" >
      <DesignTime>
         <Attr Name="_DisplaySize" Value="100" />
      </DesignTime>
   </Attribute>
   <Attribute
      Name="SgstTaxPer"
      Precision="15"
      Scale="2"
      ColumnName="SGST_TAX_PER"
      Type="oracle.jbo.domain.Number"
      ColumnType="NUMBER"
      SQLType="NUMERIC"
      TableName="XXSIFY_LMS_PAYMENT_INVOICE_TAB" >
      <DesignTime>
         <Attr Name="_DisplaySize" Value="22" />
      </DesignTime>
   </Attribute>
   <Attribute
      Name="CgstTaxAmt"
      Precision="15"
      Scale="2"
      ColumnName="CGST_TAX_AMT"
      Type="oracle.jbo.domain.Number"
      ColumnType="NUMBER"
      SQLType="NUMERIC"
      TableName="XXSIFY_LMS_PAYMENT_INVOICE_TAB" >
      <DesignTime>
         <Attr Name="_DisplaySize" Value="22" />
      </DesignTime>
   </Attribute>
   <Attribute
      Name="IgstTaxAmt"
      Precision="15"
      Scale="2"
      ColumnName="IGST_TAX_AMT"
      Type="oracle.jbo.domain.Number"
      ColumnType="NUMBER"
      SQLType="NUMERIC"
      TableName="XXSIFY_LMS_PAYMENT_INVOICE_TAB" >
      <DesignTime>
         <Attr Name="_DisplaySize" Value="22" />
      </DesignTime>
   </Attribute>
   <Attribute
      Name="SgstTaxAmt"
      Precision="15"
      Scale="2"
      ColumnName="SGST_TAX_AMT"
      Type="oracle.jbo.domain.Number"
      ColumnType="NUMBER"
      SQLType="NUMERIC"
      TableName="XXSIFY_LMS_PAYMENT_INVOICE_TAB" >
      <DesignTime>
         <Attr Name="_DisplaySize" Value="22" />
      </DesignTime>
   </Attribute>
   <Attribute
      Name="StgBatchId"
      ColumnName="STG_BATCH_ID"
      Type="oracle.jbo.domain.Number"
      ColumnType="NUMBER"
      SQLType="NUMERIC"
      TableName="XXSIFY_LMS_PAYMENT_INVOICE_TAB" >
      <DesignTime>
         <Attr Name="_DisplaySize" Value="22" />
      </DesignTime>
   </Attribute>
   <Attribute
      Name="InvoiceTolerance"
      ColumnName="INVOICE_TOLERANCE"
      Type="oracle.jbo.domain.Number"
      ColumnType="NUMBER"
      SQLType="NUMERIC"
      TableName="XXSIFY_LMS_PAYMENT_INVOICE_TAB" >
      <DesignTime>
         <Attr Name="_DisplaySize" Value="22" />
      </DesignTime>
   </Attribute>
   <Attribute
      Name="InvoiceCycleStatus"
      Precision="10"
      ColumnName="INVOICE_CYCLE_STATUS"
      Type="java.lang.String"
      ColumnType="VARCHAR2"
      SQLType="VARCHAR"
      TableName="XXSIFY_LMS_PAYMENT_INVOICE_TAB" >
      <DesignTime>
         <Attr Name="_DisplaySize" Value="10" />
      </DesignTime>
   </Attribute>
   <Attribute
      Name="InvoicePayCycle"
      ColumnName="INVOICE_PAY_CYCLE"
      Type="oracle.jbo.domain.Number"
      ColumnType="NUMBER"
      SQLType="NUMERIC"
      TableName="XXSIFY_LMS_PAYMENT_INVOICE_TAB" >
      <DesignTime>
         <Attr Name="_DisplaySize" Value="22" />
      </DesignTime>
   </Attribute>
   <Attribute
      Name="RejectionReason"
      Precision="1000"
      ColumnName="REJECTION_REASON"
      Type="java.lang.String"
      ColumnType="VARCHAR2"
      SQLType="VARCHAR"
      TableName="XXSIFY_LMS_PAYMENT_INVOICE_TAB" >
      <DesignTime>
         <Attr Name="_DisplaySize" Value="1000" />
      </DesignTime>
   </Attribute>
</Entity>
