<?xml version = '1.0' encoding = 'UTF-8'?>
<page xmlns:jrad="http://xmlns.oracle.com/jrad" xmlns:oa="http://xmlns.oracle.com/oa" xmlns:ui="http://xmlns.oracle.com/uix/ui" version="10.1.3_" xml:lang="en-US" xmlns:user="http://xmlns.oracle.com/jrad/user" xmlns="http://xmlns.oracle.com/jrad" file-version="$Header$">
   <content>
      <oa:pageLayout id="pageLayoutRN" controllerClass="oracle.apps.sfc.clm.InvoiceBulkUpload.webui.XXSifyCLMInvCreditBulkUploadHomePGCO" amDefName="oracle.apps.sfc.clm.InvoiceBulkUpload.server.XXSifyCLMInvCreditBulkUploadAM" windowTitle="Sify CLM Credit  Invoice Bulkload" title="Sify CLM Credit  Invoice Bulkload">
         <ui:corporateBranding>
            <oa:image id="corporateBrandingImage" source="/OA_MEDIA/FNDSSCORP.gif"/>
         </ui:corporateBranding>
         <ui:contents>
            <oa:messageComponentLayout id="region10">
               <ui:contents>
                  <oa:messageLayout id="messageLayout1">
                     <ui:contents>
                        <oa:messageTextInput id="batchNoItem" prompt="Batch Number"/>
                        <oa:messageLovInput id="vendorSearch" prompt="Supplier">
                           <lovContents>
                              <oa:listOfValues id="region9">
                                 <ui:contents>
                                    <oa:table name="region9" id="CLMSuppLovVO1">
                                       <ui:contents>
                                          <oa:messageStyledText id="SupplierName" dataType="VARCHAR2" prompt="SupplierName" viewName="CLMSuppLovVO1" viewAttr="SupplierName" maximumLength="240" queryable="true"/>
                                       </ui:contents>
                                    </oa:table>
                                 </ui:contents>
                              </oa:listOfValues>
                           </lovContents>
                           <lovMappings>
                              <lovMap id="lovMap1" lovItem="SupplierName" resultTo="vendorSearch" criteriaFrom="vendorSearch"/>
                           </lovMappings>
                        </oa:messageLovInput>
                        <oa:messageTextInput id="fromDateSearch" dataType="DATE" prompt="From Date"/>
                        <oa:messageTextInput id="toDateSearch" dataType="DATE" prompt="To Date"/>
                        <oa:rowLayout id="region11">
                           <ui:contents>
                              <oa:spacer id="item1" width="600" height="5"/>
                              <oa:submitButton id="SearchBtn" text="Go" prompt="Go"/>
                           </ui:contents>
                        </oa:rowLayout>
                     </ui:contents>
                  </oa:messageLayout>
               </ui:contents>
            </oa:messageComponentLayout>
            <oa:table id="CreditInvocieHomeVO" width="100%">
               <ui:contents>
                  <oa:messageStyledText id="StgBatchId" dataType="NUMBER" prompt="Batch Number" viewName="CLMCreditInvoiceHomeVO1" viewAttr="StgBatchId" queryable="true"/>
                  <oa:messageStyledText id="BandWidhReqNo" dataType="VARCHAR2" prompt="BandWidth Request Number" viewName="CLMCreditInvoiceHomeVO1" viewAttr="BandWidhReqNo" maximumLength="100"/>
                  <oa:messageStyledText id="LmsId" dataType="NUMBER" prompt="LMS ID" viewName="CLMCreditInvoiceHomeVO1" viewAttr="ClmId" sortState="descending"/>
                  <oa:messageStyledText id="PoNumber" dataType="VARCHAR2" prompt="PO Number" viewName="CLMCreditInvoiceHomeVO1" viewAttr="PoNumber" maximumLength="240"/>
                  <oa:messageStyledText id="Supplier" dataType="VARCHAR2" prompt="Supplier" viewName="CLMCreditInvoiceHomeVO1" viewAttr="Supplier" maximumLength="240"/>
                  <oa:messageStyledText id="SupplierSite" dataType="VARCHAR2" prompt="Supplier Site" viewName="CLMCreditInvoiceHomeVO1" viewAttr="SupplierSite" maximumLength="240"/>
                  <oa:messageStyledText id="CommissionedDate" dataType="DATE" prompt="Commissioned Date" viewName="CLMCreditInvoiceHomeVO1" viewAttr="CommissionedDate"/>
                  <oa:messageStyledText id="FromLocation" dataType="VARCHAR2" prompt="From Location" viewName="CLMCreditInvoiceHomeVO1" viewAttr="FromLocation" maximumLength="240"/>
                  <oa:messageStyledText id="ToLocation" dataType="VARCHAR2" prompt="To Location" viewName="CLMCreditInvoiceHomeVO1" viewAttr="ToLocation" maximumLength="240"/>
                  <oa:messageStyledText id="PoAmount" dataType="NUMBER" prompt="PO Amount" viewName="CLMCreditInvoiceHomeVO1" viewAttr="PoAmount" maximumLength="15"/>
                  <oa:messageStyledText id="LmsInvoiceNumber" dataType="VARCHAR2" prompt="LMS Invoice Number" viewName="CLMCreditInvoiceHomeVO1" viewAttr="ClmInvoiceNumber" maximumLength="240"/>
                  <oa:messageStyledText id="InvoiceType" dataType="VARCHAR2" prompt="Invoice Type" viewName="CLMCreditInvoiceHomeVO1" viewAttr="InvoiceType" maximumLength="100"/>
                  <oa:messageStyledText id="InvoiceDate" dataType="DATE" prompt="Invoice Date" viewName="CLMCreditInvoiceHomeVO1" viewAttr="InvoiceDate"/>
                  <oa:messageStyledText id="InvPeriodFromDate" dataType="DATE" prompt="Invoice Period From Date" viewName="CLMCreditInvoiceHomeVO1" viewAttr="InvPeriodFromDate" queryable="true"/>
                  <oa:messageStyledText id="InvPeriodToDate" dataType="DATE" prompt="Invoice Period To Date" viewName="CLMCreditInvoiceHomeVO1" viewAttr="InvPeriodToDate" queryable="true"/>
                  <oa:messageStyledText id="InvoiceAmount" dataType="NUMBER" prompt="Invoice Amount" viewName="CLMCreditInvoiceHomeVO1" viewAttr="InvoiceAmount" maximumLength="15"/>
                  <oa:messageStyledText id="InvoiceWfStatus" dataType="VARCHAR2" prompt="Invoice Status" viewName="CLMCreditInvoiceHomeVO1" viewAttr="InvoiceWfStatus" maximumLength="240"/>
               </ui:contents>
               <ui:tableActions>
                  <oa:flowLayout id="region8">
                     <ui:contents>
                        <oa:submitButton id="CreditInvoiceBtn" text="Credit Invoices Bulkload" prompt="Credit Invoices Bulkload"/>
                        <oa:exportButton id="ExportBtn" exportAllRows="true" text="Export Data" viewName="CLMCreditInvoiceHomeVO1"/>
                     </ui:contents>
                  </oa:flowLayout>
               </ui:tableActions>
            </oa:table>
            <oa:pageButtonBar id="region7">
               <ui:contents>
                  <oa:submitButton id="cancelBtn" text="Back To Home" prompt="Back To Home"/>
               </ui:contents>
            </oa:pageButtonBar>
         </ui:contents>
      </oa:pageLayout>
   </content>
</page>
