<project name="PDA" default="cvs-changelog" basedir=".">

	<!-- ==========Name of porperty file ======== -->
	<property file="cvs-changelog-build.properties" />


	<target name="cvs-changelog" description="cvs commits" 
		>
		
		<!--
		<input message="Please enter number of days:" addproperty="cvs.days" />
		-->
		<mkdir dir="${basedirpda}/src"/>
		<cvspass cvsroot="${cvspath}" password="${cvspasswd}" />
		
		<cvs  command="checkout -d Configurations GPS/TAB/Configurations"  cvsroot="${cvspath}"  dest="${basedirpda}/src" failonerror="off" />
		<cvs  command="checkout -d ClientTools GPS/TAB/ClientTools"  cvsroot="${cvspath}"  dest="${basedirpda}/src" failonerror="off" />
		<cvs  command="checkout -d ServerTools GPS/TAB/ServerTools"  cvsroot="${cvspath}"  dest="${basedirpda}/src" failonerror="off" />
		<cvs  command="checkout -d Tas GPS/TAB/Tas"  cvsroot="${cvspath}"  dest="${basedirpda}/src" failonerror="off" />
		<cvs  command="checkout -d Fdt GPS/TAB/Fdt"  cvsroot="${cvspath}"  dest="${basedirpda}/src" failonerror="off" />
		<cvs  command="checkout -d scheduler Scheduler/scheduler"  cvsroot="${cvspath}"  dest="${basedirpda}/src" failonerror="off" />
		<cvs  command="checkout -d GpsDataClasses GPS/TAB/GpsDataClasses"  cvsroot="${cvspath}"  dest="${basedirpda}/src" failonerror="off" />
              <cvs  command="checkout -d Gps GPS/TAB/Gps"  cvsroot="${cvspath}"  dest="${basedirpda}/src" failonerror="off" />
		<cvs  command="checkout -d GpsAdmin GPS/TAB/GpsAdmin"  cvsroot="${cvspath}"  dest="${basedirpda}/src" failonerror="off" />
		<cvs  command="checkout -d GpsImpl GPS/TAB/GpsImpl"  cvsroot="${cvspath}"  dest="${basedirpda}/src" failonerror="off" />
		<cvs  command="checkout -d Viewer GPS/TAB/Viewer"  cvsroot="${cvspath}"  dest="${basedirpda}/src" failonerror="off" />
		<cvs  command="checkout -d ETK3 ETK/ETK3.5/ETK3"  cvsroot="${cvspath}"  dest="${basedirpda}/src" failonerror="off" />
		<cvs  command="checkout -d ETK_COMMON ETK/ETK3.5/ETK_COMMON"  cvsroot="${cvspath}"  dest="${basedirpda}/src" failonerror="off" />
		<cvs  command="checkout -d TRi2V3 Tri2/TRi2V3"  cvsroot="${cvspath}"  dest="${basedirpda}/src" failonerror="off" />
		<cvs  command="checkout -d TTT_Reloaded TTT_Reloaded"  cvsroot="${cvspath}"  dest="${basedirpda}/src" failonerror="off" />
		<cvs  command="checkout -d tpda1.0 PDA/tpda1.0"  cvsroot="${cvspath}"  dest="${basedirpda}/src" failonerror="off" />
		<cvs  command="checkout -d TrinitiFrameWork GPS/TrinitiFrameWork"  cvsroot="${cvspath}"  dest="${basedirpda}/src" failonerror="off" />

<!--
		<cvs  command="checkout -d Gps GPS/TAB/Gps"  cvsroot="${cvspath}"  dest="${basedirpda}/src" failonerror="off" />
		<cvs  command="checkout -d Gps GPS/TAB/Gps"  cvsroot="${cvspath}"  dest="${basedirpda}/src" failonerror="off" />
		<cvs  command="checkout -d Gps GPS/TAB/Gps"  cvsroot="${cvspath}"  dest="${basedirpda}/src" failonerror="off" />
		<cvs  command="checkout -d Gps GPS/TAB/Gps"  cvsroot="${cvspath}"  dest="${basedirpda}/src" failonerror="off" />
		<cvs  command="checkout -d Gps GPS/TAB/Gps"  cvsroot="${cvspath}"  dest="${basedirpda}/src" failonerror="off" />
		<cvs  command="checkout -d Gps GPS/TAB/Gps"  cvsroot="${cvspath}"  dest="${basedirpda}/src" failonerror="off" />
-->

		<echo message="path is ${basedirpda}/"/>
             
		<echo message="after the cvs check out"/>

		<cvschangelog dir="${basedirpda}/src" destfile="cvs-change-log-xml.xml" 
			daysinpast="${noofdays}" cvsRoot="${cvspath}">
		</cvschangelog>

		<echo message="Success"/>	
		
		<xslt in="cvs-change-log-xml.xml" out="${copytodir}/cvs-change-log-csv.csv"
			style="cvs-changelog-csv.xsl">
			<param name="title" expression="Ant ChangeLog" />
			<param name="module" expression="ant" />
			<param name="cvsweb" expression="http://cvs.apache.org/viewcvs/" />
		</xslt>
	</target>
</project>
