<?xml version='1.0' encoding='windows-1252' ?>
<!DOCTYPE AppModule SYSTEM "jbo_03_01.dtd">

<AppModule
   Name="XXSifyCLMInvCreditBulkUploadAM"
   ComponentClass="oracle.apps.sfc.clm.InvoiceBulkUpload.server.XXSifyCLMInvCreditBulkUploadAMImpl" >
   <DesignTime>
      <Attr Name="_isCodegen" Value="true" />
      <Attr Name="_version" Value="10.1.3.43.6" />
      <Attr Name="_deployType" Value="0" />
   </DesignTime>
   <ViewUsage
      Name="CLMSuppLovVO1"
      ViewObjectName="oracle.apps.sfc.clm.InvoiceBulkUpload.server.CLMSuppLovVO" >
   </ViewUsage>
   <ViewUsage
      Name="CLMCreditInvoiceHomeVO1"
      ViewObjectName="oracle.apps.sfc.clm.InvoiceBulkUpload.server.CLMCreditInvoiceHomeVO" >
   </ViewUsage>
   <ViewUsage
      Name="CLMCreditErrVO1"
      ViewObjectName="oracle.apps.sfc.clm.InvoiceBulkUpload.server.CLMCreditErrVO" >
   </ViewUsage>
   <ViewUsage
      Name="InvoiceCreditReportVO1_1"
      ViewObjectName="oracle.apps.sfc.clm.InvoiceBulkUpload.server.InvoiceCreditReportVO_Old" >
   </ViewUsage>
   <ViewUsage
      Name="CLMInvBulkUploadStgEOVO1"
      ViewObjectName="oracle.apps.sfc.clm.InvoiceBulkUpload.server.CLMInvBulkUploadStgEOVO" >
   </ViewUsage>
   <ViewUsage
      Name="InvoiceCreditReportVO1"
      ViewObjectName="oracle.apps.sfc.clm.InvoiceBulkUpload.server.InvoiceCreditReportVO_Old" >
   </ViewUsage>
</AppModule>
