<?xml version='1.0' encoding='windows-1252' ?>
<!DOCTYPE AppModule SYSTEM "jbo_03_01.dtd">

<AppModule
   Name="xxsifyPaymentApprovalAM"
   ComponentClass="oracle.apps.sfc.clm.PaymentApproval.server.xxsifyPaymentApprovalAMImpl" >
   <DesignTime>
      <Attr Name="_isCodegen" Value="true" />
      <Attr Name="_version" Value="10.1.3.43.6" />
      <Attr Name="_deployType" Value="0" />
   </DesignTime>
   <ViewUsage
      Name="CLMApprovalStatusLovVO"
      ViewObjectName="oracle.apps.sfc.clm.PaymentApproval.server.CLMApprovalStatusLovVO" >
   </ViewUsage>
   <ViewUsage
      Name="CLMInvDetailsVO"
      ViewObjectName="oracle.apps.sfc.clm.PaymentApproval.server.CLMInvDetailsVO" >
   </ViewUsage>
   <ViewUsage
      Name="CLMSearchNewVO1"
      ViewObjectName="oracle.apps.sfc.clm.PaymentApproval.server.CLMSearchNewVO" >
   </ViewUsage>
   <ViewUsage
      Name="CLMSearchVO"
      ViewObjectName="oracle.apps.sfc.clm.PaymentApproval.server.CLMSearchVO" >
   </ViewUsage>
</AppModule>
