<?xml version = '1.0' encoding = 'UTF-8'?>
<page xmlns:jrad="http://xmlns.oracle.com/jrad" xmlns:oa="http://xmlns.oracle.com/oa" xmlns:ui="http://xmlns.oracle.com/uix/ui" version="10.1.3_" xml:lang="en-US" xmlns:user="http://xmlns.oracle.com/jrad/user" xmlns="http://xmlns.oracle.com/jrad" file-version="$Header$">
   <content>
      <oa:pageLayout id="region1" amDefName="oracle.apps.sfc.clm.poform.server.CLMCreatePoAM" windowTitle="Approval Summary" title="Approval Summary" controllerClass="oracle.apps.sfc.clm.poform.webui.CLMApprovalSummaryCO">
         <ui:corporateBranding>
            <oa:image id="corporateBrandingImage" source="/OA_MEDIA/FNDSSCORP.gif"/>
         </ui:corporateBranding>
         <ui:contents>
            <oa:table id="CLMApprovalSummaryVO" width="60%">
               <ui:contents>
                  <oa:messageStyledText id="Team" dataType="VARCHAR2" prompt="From" viewName="CLMApprovalSummaryVO" viewAttr="Team" maximumLength="240"/>
                  <oa:messageStyledText id="Status" dataType="VARCHAR2" prompt="Status" viewName="CLMApprovalSummaryVO" viewAttr="Status" maximumLength="50"/>
                  <oa:messageStyledText id="ApproveDate" dataType="DATE" prompt="Action Date" viewName="CLMApprovalSummaryVO" viewAttr="ApproveDate"/>
                  <oa:messageStyledText id="nextApprover" dataType="NUMBER" prompt="Next Approver" viewName="CLMApprovalSummaryVO" viewAttr="NextApprover"/>
               </ui:contents>
            </oa:table>
            <oa:pageButtonBar id="region2">
               <ui:contents>
                  <oa:submitButton id="CloseBtn" text="Back" prompt="Back"/>
               </ui:contents>
            </oa:pageButtonBar>
         </ui:contents>
      </oa:pageLayout>
   </content>
</page>
