<?xml version = '1.0' encoding = 'UTF-8'?>
<page xmlns:jrad="http://xmlns.oracle.com/jrad" xmlns:oa="http://xmlns.oracle.com/oa" xmlns:ui="http://xmlns.oracle.com/uix/ui" version="10.1.3_" xml:lang="en-US" xmlns:user="http://xmlns.oracle.com/jrad/user" xmlns="http://xmlns.oracle.com/jrad" file-version="$Header$">
   <content>
      <oa:pageLayout id="MainRN" amDefName="oracle.apps.sfc.clm.poform.server.CLMCreatePoAM" controllerClass="oracle.apps.sfc.clm.poform.webui.CLMPoMainViewCO" windowTitle="PO Creation Home Page" title="PO Creation Home Page">
         <ui:corporateBranding>
            <oa:image id="corporateBrandingImage" source="/OA_MEDIA/FNDSSCORP.gif"/>
         </ui:corporateBranding>
         <ui:contents>
            <oa:query id="BwSearchRN" mode="resultsBasedSearch">
               <ui:contents>
                  <oa:table id="CLMPoSearchVO" text="" width="100%" blockSize="30">
                     <ui:contents>
                        <oa:messageStyledText id="BandWidhReqNo1" dataType="NUMBER" prompt="Request No" viewName="CLMPoSearchVO" viewAttr="BandWidhReqNo" queryable="true" sortState="yes"/>
                        <oa:messageStyledText id="BandWidhReqType" dataType="VARCHAR2" prompt="Request Type" viewName="CLMPoSearchVO" viewAttr="BandWidhReqType" maximumLength="100"/>
                        <oa:messageStyledText id="BandWidhReqDate" dataType="DATE" prompt="Request Date" viewName="CLMPoSearchVO" viewAttr="BandWidhReqDate"/>
                        <oa:messageStyledText id="Company1" dataType="VARCHAR2" prompt="Company" viewName="CLMPoSearchVO" viewAttr="Company" maximumLength="240"/>
                        <oa:messageStyledText id="FromLocation1" dataType="VARCHAR2" prompt="From Location" viewName="CLMPoSearchVO" viewAttr="FromLocation" maximumLength="240"/>
                        <oa:messageStyledText id="ToLocation1" dataType="VARCHAR2" prompt="To Location" viewName="CLMPoSearchVO" viewAttr="ToLocation" maximumLength="240"/>
                        <oa:messageStyledText id="Activity1" dataType="VARCHAR2" prompt="Activity" viewName="CLMPoSearchVO" viewAttr="Activity" maximumLength="50"/>
                        <oa:messageStyledText id="LinkType" dataType="VARCHAR2" prompt="Link Type" viewName="CLMPoSearchVO" viewAttr="LinkType" maximumLength="240"/>
                        <oa:image id="ViewBtn1" source="create_enabled.gif" use="/oracle/apps/fnd/attributesets/Buttons/Create">
                           <ui:primaryClientAction>
                              <ui:fireAction event="VIEWREQ" id="fireAction11">
                                 <ui:parameters>
                                    <ui:parameter key="BwReqId" value="${oa.CLMPoSearchVO.BandWidhReqId}"/>
                                    <ui:parameter key="BwActivity" value="${oa.CLMPoSearchVO.Activity}"/>
                                    <ui:parameter key="BwClmID" value="${oa.CLMPoSearchVO.ClmId}"/>
                                 </ui:parameters>
                              </ui:fireAction>
                           </ui:primaryClientAction>
                        </oa:image>
                     </ui:contents>
                     <ui:tableActions>
                        <oa:flowLayout id="region3">
                           <ui:contents>
                              <oa:submitButton id="ViewRequestsButton" text="View Link Requests" prompt="View Link Requests" hAlign="start"/>
                           </ui:contents>
                        </oa:flowLayout>
                     </ui:tableActions>
                  </oa:table>
               </ui:contents>
            </oa:query>
            <oa:pageButtonBar id="region1" rendered="false">
               <ui:contents>
                  <oa:submitButton id="HomeBtn" text="Home" prompt="Home"/>
               </ui:contents>
            </oa:pageButtonBar>
         </ui:contents>
      </oa:pageLayout>
   </content>
</page>
