<?xml version='1.0' encoding='windows-1252' ?>
<!DOCTYPE ViewObject SYSTEM "jbo_03_01.dtd">

<ViewObject
   Name="CLMFromAddressLovVO"
   BindingStyle="OracleName"
   CustomQuery="true"
   RowClass="oracle.apps.sfc.clm.PaymentForm.server.CLMFromAddressLovVORowImpl"
   ComponentClass="oracle.apps.sfc.clm.PaymentForm.server.CLMFromAddressLovVOImpl"
   UseGlueCode="false" >
   <SQLQuery><![CDATA[
select
location 	,	address 	,	region_code
from xxsify_clm_from_loc_det_v
   ]]></SQLQuery>
   <DesignTime>
      <Attr Name="_isCodegen" Value="true" />
      <Attr Name="_isExpertMode" Value="true" />
      <Attr Name="_version" Value="10.1.3.43.6" />
      <Attr Name="_codeGenFlag2" Value="Access|Coll|VarAccess" />
   </DesignTime>
   <ViewAttribute
      Name="Location"
      IsPersistent="false"
      Precision="301"
      Type="java.lang.String"
      ColumnType="VARCHAR2"
      AliasName="LOCATION"
      Expression="LOCATION"
      SQLType="VARCHAR" >
      <DesignTime>
         <Attr Name="_DisplaySize" Value="301" />
      </DesignTime>
   </ViewAttribute>
   <ViewAttribute
      Name="Address"
      IsPersistent="false"
      Precision="3844"
      Type="java.lang.String"
      ColumnType="VARCHAR2"
      AliasName="ADDRESS"
      Expression="ADDRESS"
      SQLType="VARCHAR" >
      <DesignTime>
         <Attr Name="_DisplaySize" Value="3844" />
      </DesignTime>
   </ViewAttribute>
   <ViewAttribute
      Name="RegionCode"
      IsPersistent="false"
      Precision="5"
      Type="java.lang.String"
      ColumnType="VARCHAR2"
      AliasName="REGION_CODE"
      Expression="REGION_CODE"
      SQLType="VARCHAR" >
      <DesignTime>
         <Attr Name="_DisplaySize" Value="5" />
      </DesignTime>
   </ViewAttribute>
</ViewObject>
