<?xml version='1.0' encoding='windows-1252' ?>
<!DOCTYPE ViewObject SYSTEM "jbo_03_01.dtd">

<ViewObject
   Name="CLMPaymentInvoiceEOVO"
   BindingStyle="OracleName"
   CustomQuery="true"
   RowClass="oracle.apps.sfc.clm.PaymentForm.server.CLMPaymentInvoiceEOVORowImpl"
   ComponentClass="oracle.apps.sfc.clm.PaymentForm.server.CLMPaymentInvoiceEOVOImpl"
   UseGlueCode="false" >
   <SQLQuery><![CDATA[
select
row_id						,
		band_widh_req_id 			, 	clm_id 						, 	po_hdr_id 					, 	po_number 					, 
		po_line_id 					, 	po_line_number 				, 	invoice_date 				, 	invoice_amount 				, 
		tax_amt 					, 	total_amount 				, 	attribute1 					, 	attribute2 					, 
		attribute3 					, 	attribute4 					, 	attribute5 					, 	attribute6 					, 
		attribute7 					, 	attribute8 					, 	attribute9 					, 	attribute10 				, 
		attribute11 				, 	attribute12 				, 	attribute13 				, 	attribute14 				, 
		attribute15 				, 	creation_date 				, 	created_by 					, 	last_update_date 			, 
		last_updated_by 			, 	last_update_login 			, 	po_approval_status 			, 	invoice_status 				, 
		invoice_wf_status 			, 	clm_invoice_id 				, 	clm_invoice_number 			, 	ebs_invoice_number 			, 
		ebs_invoice_id 				, 	clm_payment_hdr_id 			, 	clm_invoice_line_no 		, 	from_location 				, 
		to_location 				, 	item_key 					, 	approver1 					, 	approver2 					, 
		save_flag 					, 	error_msg 					, 	conc_program_id 			, 	invoice_hdr_id 				, 
		inv_period_from_date 		, 	inv_period_to_date 			, 	circuit_id 					, 	po_uom 						, 
		po_tax 						, 	item_code 					, 	supplier 					, 	supplier_site 				, 
		item_id 					, 	item_type 					, 	vendor_id 					, 	vendor_site_id 				, 
		po_valid_from 				, 	po_valid_to 				, 	commissioned_date 			, 	capacity 					, 
		conversion_rate 			, 	charge_account 				, 	po_amount 					, 	po_line_amount 				, 
		amount_paid 				, 	bal_amt 					, 	invoice_type 				, 	adv_period 					, 
		adv_amount 					, 	adv_currency 				, 	adv_sup_invoice_no 			, 	adv_sup_invoice_date 		, 
		adv_verified 				, 	adv_create_invoice 			, 	adv_invoice_no 				, 	activity 					, 
		link_type 					, 	surrendered_date 			, 	pro_commissioned_date 		, 	remarks 					, 
		dist_code_combination_id 	, 	adv_tax_percent 			, 	from_loc_sno 				, 	to_loc_sno 					, 
		adv_remarks 				, 	last_invoice_date 			, 	final_status 				, 	clm_creation_date 			, 
		vendor_site_currency_code 	, 	approved_date 				, 	bw_distance 				, 	band_widh_req_no 			, 
		qty 						, 	adv_status 					, 	payment_status 				, 	paid_date 					, 
		payment_details 			, 	payment_id 					, 	ebs_po_number 				, 	clm_po_number 				, 
		ebs_po_header_id 			, 	ebs_po_line_id 				, 	item_desc 					, 	payment_term 				, 
		inv_amt_ref 				, 	batch_no 					, 	cgst_tax_code 				, 	sgst_tax_code 				, 
		igst_tax_code 				, 	cgst_tax_per 				, 	sgst_tax_per 				, 	igst_tax_per 				, 
		cgst_tax_amt 				, 	sgst_tax_amt 				, 	igst_tax_amt 				, 	stg_batch_id 				, 
		invoice_tolerance 			, 	invoice_pay_cycle 			, 	invoice_cycle_status 		, 	rejection_reason 			, 
		approver1_date 				, 	approver2_date 				, 	file_id 					, 	attached_file_name 			, 
		attached_file 				, 	contenttype 				, 	fa_creation_date 			, 	fa_created_by 				, 
		fa_last_update_date 		, 	fa_last_updated_by 			, 	fa_last_update_login
from xxsify_clm_payment_inv_tab_v
   ]]></SQLQuery>
   <DesignTime>
      <Attr Name="_isCodegen" Value="true" />
      <Attr Name="_isExpertMode" Value="true" />
      <Attr Name="_version" Value="10.1.3.43.6" />
      <Attr Name="_codeGenFlag2" Value="Access|Coll|VarAccess" />
   </DesignTime>
   <EntityUsage
      Name="CLMPaymentInvoiceEO"
      Entity="oracle.apps.sfc.clm.PaymentForm.schema.server.CLMPaymentInvoiceEO" >
      <DesignTime>
         <Attr Name="_queryClause" Value="false" />
      </DesignTime>
   </EntityUsage>
   <ViewAttribute
      Name="RowID"
      IsUpdateable="false"
      EntityAttrName="RowID"
      EntityUsage="CLMPaymentInvoiceEO"
      AliasName="ROWID" >
   </ViewAttribute>
   <ViewAttribute
      Name="BandWidhReqId"
      EntityAttrName="BandWidhReqId"
      EntityUsage="CLMPaymentInvoiceEO"
      AliasName="BAND_WIDH_REQ_ID" >
   </ViewAttribute>
   <ViewAttribute
      Name="ClmId"
      EntityAttrName="ClmId"
      EntityUsage="CLMPaymentInvoiceEO"
      AliasName="CLM_ID" >
   </ViewAttribute>
   <ViewAttribute
      Name="PoHdrId"
      EntityAttrName="PoHdrId"
      EntityUsage="CLMPaymentInvoiceEO"
      AliasName="PO_HDR_ID" >
   </ViewAttribute>
   <ViewAttribute
      Name="PoNumber"
      EntityAttrName="PoNumber"
      EntityUsage="CLMPaymentInvoiceEO"
      AliasName="PO_NUMBER" >
   </ViewAttribute>
   <ViewAttribute
      Name="PoLineId"
      EntityAttrName="PoLineId"
      EntityUsage="CLMPaymentInvoiceEO"
      AliasName="PO_LINE_ID" >
   </ViewAttribute>
   <ViewAttribute
      Name="PoLineNumber"
      EntityAttrName="PoLineNumber"
      EntityUsage="CLMPaymentInvoiceEO"
      AliasName="PO_LINE_NUMBER" >
   </ViewAttribute>
   <ViewAttribute
      Name="InvoiceDate"
      EntityAttrName="InvoiceDate"
      EntityUsage="CLMPaymentInvoiceEO"
      AliasName="INVOICE_DATE" >
   </ViewAttribute>
   <ViewAttribute
      Name="InvoiceAmount"
      EntityAttrName="InvoiceAmount"
      EntityUsage="CLMPaymentInvoiceEO"
      AliasName="INVOICE_AMOUNT" >
   </ViewAttribute>
   <ViewAttribute
      Name="TaxAmt"
      EntityAttrName="TaxAmt"
      EntityUsage="CLMPaymentInvoiceEO"
      AliasName="TAX_AMT" >
   </ViewAttribute>
   <ViewAttribute
      Name="TotalAmount"
      EntityAttrName="TotalAmount"
      EntityUsage="CLMPaymentInvoiceEO"
      AliasName="TOTAL_AMOUNT" >
   </ViewAttribute>
   <ViewAttribute
      Name="Attribute1"
      EntityAttrName="Attribute1"
      EntityUsage="CLMPaymentInvoiceEO"
      AliasName="ATTRIBUTE1" >
   </ViewAttribute>
   <ViewAttribute
      Name="Attribute2"
      EntityAttrName="Attribute2"
      EntityUsage="CLMPaymentInvoiceEO"
      AliasName="ATTRIBUTE2" >
   </ViewAttribute>
   <ViewAttribute
      Name="Attribute3"
      EntityAttrName="Attribute3"
      EntityUsage="CLMPaymentInvoiceEO"
      AliasName="ATTRIBUTE3" >
   </ViewAttribute>
   <ViewAttribute
      Name="Attribute4"
      EntityAttrName="Attribute4"
      EntityUsage="CLMPaymentInvoiceEO"
      AliasName="ATTRIBUTE4" >
   </ViewAttribute>
   <ViewAttribute
      Name="Attribute5"
      EntityAttrName="Attribute5"
      EntityUsage="CLMPaymentInvoiceEO"
      AliasName="ATTRIBUTE5" >
   </ViewAttribute>
   <ViewAttribute
      Name="Attribute6"
      EntityAttrName="Attribute6"
      EntityUsage="CLMPaymentInvoiceEO"
      AliasName="ATTRIBUTE6" >
   </ViewAttribute>
   <ViewAttribute
      Name="Attribute7"
      EntityAttrName="Attribute7"
      EntityUsage="CLMPaymentInvoiceEO"
      AliasName="ATTRIBUTE7" >
   </ViewAttribute>
   <ViewAttribute
      Name="Attribute8"
      EntityAttrName="Attribute8"
      EntityUsage="CLMPaymentInvoiceEO"
      AliasName="ATTRIBUTE8" >
   </ViewAttribute>
   <ViewAttribute
      Name="Attribute9"
      EntityAttrName="Attribute9"
      EntityUsage="CLMPaymentInvoiceEO"
      AliasName="ATTRIBUTE9" >
   </ViewAttribute>
   <ViewAttribute
      Name="Attribute10"
      EntityAttrName="Attribute10"
      EntityUsage="CLMPaymentInvoiceEO"
      AliasName="ATTRIBUTE10" >
   </ViewAttribute>
   <ViewAttribute
      Name="Attribute11"
      EntityAttrName="Attribute11"
      EntityUsage="CLMPaymentInvoiceEO"
      AliasName="ATTRIBUTE11" >
   </ViewAttribute>
   <ViewAttribute
      Name="Attribute12"
      EntityAttrName="Attribute12"
      EntityUsage="CLMPaymentInvoiceEO"
      AliasName="ATTRIBUTE12" >
   </ViewAttribute>
   <ViewAttribute
      Name="Attribute13"
      EntityAttrName="Attribute13"
      EntityUsage="CLMPaymentInvoiceEO"
      AliasName="ATTRIBUTE13" >
   </ViewAttribute>
   <ViewAttribute
      Name="Attribute14"
      EntityAttrName="Attribute14"
      EntityUsage="CLMPaymentInvoiceEO"
      AliasName="ATTRIBUTE14" >
   </ViewAttribute>
   <ViewAttribute
      Name="Attribute15"
      EntityAttrName="Attribute15"
      EntityUsage="CLMPaymentInvoiceEO"
      AliasName="ATTRIBUTE15" >
   </ViewAttribute>
   <ViewAttribute
      Name="CreationDate"
      EntityAttrName="CreationDate"
      EntityUsage="CLMPaymentInvoiceEO"
      AliasName="CREATION_DATE" >
   </ViewAttribute>
   <ViewAttribute
      Name="CreatedBy"
      EntityAttrName="CreatedBy"
      EntityUsage="CLMPaymentInvoiceEO"
      AliasName="CREATED_BY" >
   </ViewAttribute>
   <ViewAttribute
      Name="LastUpdateDate"
      EntityAttrName="LastUpdateDate"
      EntityUsage="CLMPaymentInvoiceEO"
      AliasName="LAST_UPDATE_DATE" >
   </ViewAttribute>
   <ViewAttribute
      Name="LastUpdatedBy"
      EntityAttrName="LastUpdatedBy"
      EntityUsage="CLMPaymentInvoiceEO"
      AliasName="LAST_UPDATED_BY" >
   </ViewAttribute>
   <ViewAttribute
      Name="LastUpdateLogin"
      EntityAttrName="LastUpdateLogin"
      EntityUsage="CLMPaymentInvoiceEO"
      AliasName="LAST_UPDATE_LOGIN" >
   </ViewAttribute>
   <ViewAttribute
      Name="PoApprovalStatus"
      EntityAttrName="PoApprovalStatus"
      EntityUsage="CLMPaymentInvoiceEO"
      AliasName="PO_APPROVAL_STATUS" >
   </ViewAttribute>
   <ViewAttribute
      Name="InvoiceStatus"
      EntityAttrName="InvoiceStatus"
      EntityUsage="CLMPaymentInvoiceEO"
      AliasName="INVOICE_STATUS" >
   </ViewAttribute>
   <ViewAttribute
      Name="InvoiceWfStatus"
      EntityAttrName="InvoiceWfStatus"
      EntityUsage="CLMPaymentInvoiceEO"
      AliasName="INVOICE_WF_STATUS" >
   </ViewAttribute>
   <ViewAttribute
      Name="ClmInvoiceId"
      EntityAttrName="ClmInvoiceId"
      EntityUsage="CLMPaymentInvoiceEO"
      AliasName="CLM_INVOICE_ID" >
   </ViewAttribute>
   <ViewAttribute
      Name="ClmInvoiceNumber"
      EntityAttrName="ClmInvoiceNumber"
      EntityUsage="CLMPaymentInvoiceEO"
      AliasName="CLM_INVOICE_NUMBER" >
   </ViewAttribute>
   <ViewAttribute
      Name="EbsInvoiceNumber"
      EntityAttrName="EbsInvoiceNumber"
      EntityUsage="CLMPaymentInvoiceEO"
      AliasName="EBS_INVOICE_NUMBER" >
   </ViewAttribute>
   <ViewAttribute
      Name="EbsInvoiceId"
      EntityAttrName="EbsInvoiceId"
      EntityUsage="CLMPaymentInvoiceEO"
      AliasName="EBS_INVOICE_ID" >
   </ViewAttribute>
   <ViewAttribute
      Name="ClmPaymentHdrId"
      EntityAttrName="ClmPaymentHdrId"
      EntityUsage="CLMPaymentInvoiceEO"
      AliasName="CLM_PAYMENT_HDR_ID" >
   </ViewAttribute>
   <ViewAttribute
      Name="ClmInvoiceLineNo"
      EntityAttrName="ClmInvoiceLineNo"
      EntityUsage="CLMPaymentInvoiceEO"
      AliasName="CLM_INVOICE_LINE_NO" >
   </ViewAttribute>
   <ViewAttribute
      Name="FromLocation"
      EntityAttrName="FromLocation"
      EntityUsage="CLMPaymentInvoiceEO"
      AliasName="FROM_LOCATION" >
   </ViewAttribute>
   <ViewAttribute
      Name="ToLocation"
      EntityAttrName="ToLocation"
      EntityUsage="CLMPaymentInvoiceEO"
      AliasName="TO_LOCATION" >
   </ViewAttribute>
   <ViewAttribute
      Name="ItemKey"
      EntityAttrName="ItemKey"
      EntityUsage="CLMPaymentInvoiceEO"
      AliasName="ITEM_KEY" >
   </ViewAttribute>
   <ViewAttribute
      Name="Approver1"
      EntityAttrName="Approver1"
      EntityUsage="CLMPaymentInvoiceEO"
      AliasName="APPROVER1" >
   </ViewAttribute>
   <ViewAttribute
      Name="Approver2"
      EntityAttrName="Approver2"
      EntityUsage="CLMPaymentInvoiceEO"
      AliasName="APPROVER2" >
   </ViewAttribute>
   <ViewAttribute
      Name="SaveFlag"
      EntityAttrName="SaveFlag"
      EntityUsage="CLMPaymentInvoiceEO"
      AliasName="SAVE_FLAG" >
   </ViewAttribute>
   <ViewAttribute
      Name="ErrorMsg"
      EntityAttrName="ErrorMsg"
      EntityUsage="CLMPaymentInvoiceEO"
      AliasName="ERROR_MSG" >
   </ViewAttribute>
   <ViewAttribute
      Name="ConcProgramId"
      EntityAttrName="ConcProgramId"
      EntityUsage="CLMPaymentInvoiceEO"
      AliasName="CONC_PROGRAM_ID" >
   </ViewAttribute>
   <ViewAttribute
      Name="InvoiceHdrId"
      EntityAttrName="InvoiceHdrId"
      EntityUsage="CLMPaymentInvoiceEO"
      AliasName="INVOICE_HDR_ID" >
   </ViewAttribute>
   <ViewAttribute
      Name="InvPeriodFromDate"
      EntityAttrName="InvPeriodFromDate"
      EntityUsage="CLMPaymentInvoiceEO"
      AliasName="INV_PERIOD_FROM_DATE" >
   </ViewAttribute>
   <ViewAttribute
      Name="InvPeriodToDate"
      EntityAttrName="InvPeriodToDate"
      EntityUsage="CLMPaymentInvoiceEO"
      AliasName="INV_PERIOD_TO_DATE" >
   </ViewAttribute>
   <ViewAttribute
      Name="CircuitId"
      EntityAttrName="CircuitId"
      EntityUsage="CLMPaymentInvoiceEO"
      AliasName="CIRCUIT_ID" >
   </ViewAttribute>
   <ViewAttribute
      Name="PoUom"
      EntityAttrName="PoUom"
      EntityUsage="CLMPaymentInvoiceEO"
      AliasName="PO_UOM" >
   </ViewAttribute>
   <ViewAttribute
      Name="PoTax"
      EntityAttrName="PoTax"
      EntityUsage="CLMPaymentInvoiceEO"
      AliasName="PO_TAX" >
   </ViewAttribute>
   <ViewAttribute
      Name="ItemCode"
      EntityAttrName="ItemCode"
      EntityUsage="CLMPaymentInvoiceEO"
      AliasName="ITEM_CODE" >
   </ViewAttribute>
   <ViewAttribute
      Name="Supplier"
      EntityAttrName="Supplier"
      EntityUsage="CLMPaymentInvoiceEO"
      AliasName="SUPPLIER" >
   </ViewAttribute>
   <ViewAttribute
      Name="SupplierSite"
      EntityAttrName="SupplierSite"
      EntityUsage="CLMPaymentInvoiceEO"
      AliasName="SUPPLIER_SITE" >
   </ViewAttribute>
   <ViewAttribute
      Name="ItemId"
      EntityAttrName="ItemId"
      EntityUsage="CLMPaymentInvoiceEO"
      AliasName="ITEM_ID" >
   </ViewAttribute>
   <ViewAttribute
      Name="ItemType"
      EntityAttrName="ItemType"
      EntityUsage="CLMPaymentInvoiceEO"
      AliasName="ITEM_TYPE" >
   </ViewAttribute>
   <ViewAttribute
      Name="VendorId"
      EntityAttrName="VendorId"
      EntityUsage="CLMPaymentInvoiceEO"
      AliasName="VENDOR_ID" >
   </ViewAttribute>
   <ViewAttribute
      Name="VendorSiteId"
      EntityAttrName="VendorSiteId"
      EntityUsage="CLMPaymentInvoiceEO"
      AliasName="VENDOR_SITE_ID" >
   </ViewAttribute>
   <ViewAttribute
      Name="PoValidFrom"
      EntityAttrName="PoValidFrom"
      EntityUsage="CLMPaymentInvoiceEO"
      AliasName="PO_VALID_FROM" >
   </ViewAttribute>
   <ViewAttribute
      Name="PoValidTo"
      EntityAttrName="PoValidTo"
      EntityUsage="CLMPaymentInvoiceEO"
      AliasName="PO_VALID_TO" >
   </ViewAttribute>
   <ViewAttribute
      Name="CommissionedDate"
      EntityAttrName="CommissionedDate"
      EntityUsage="CLMPaymentInvoiceEO"
      AliasName="COMMISSIONED_DATE" >
   </ViewAttribute>
   <ViewAttribute
      Name="Capacity"
      EntityAttrName="Capacity"
      EntityUsage="CLMPaymentInvoiceEO"
      AliasName="CAPACITY" >
   </ViewAttribute>
   <ViewAttribute
      Name="ConversionRate"
      EntityAttrName="ConversionRate"
      EntityUsage="CLMPaymentInvoiceEO"
      AliasName="CONVERSION_RATE" >
   </ViewAttribute>
   <ViewAttribute
      Name="ChargeAccount"
      EntityAttrName="ChargeAccount"
      EntityUsage="CLMPaymentInvoiceEO"
      AliasName="CHARGE_ACCOUNT" >
   </ViewAttribute>
   <ViewAttribute
      Name="PoAmount"
      EntityAttrName="PoAmount"
      EntityUsage="CLMPaymentInvoiceEO"
      AliasName="PO_AMOUNT" >
   </ViewAttribute>
   <ViewAttribute
      Name="PoLineAmount"
      EntityAttrName="PoLineAmount"
      EntityUsage="CLMPaymentInvoiceEO"
      AliasName="PO_LINE_AMOUNT" >
   </ViewAttribute>
   <ViewAttribute
      Name="AmountPaid"
      EntityAttrName="AmountPaid"
      EntityUsage="CLMPaymentInvoiceEO"
      AliasName="AMOUNT_PAID" >
   </ViewAttribute>
   <ViewAttribute
      Name="BalAmt"
      EntityAttrName="BalAmt"
      EntityUsage="CLMPaymentInvoiceEO"
      AliasName="BAL_AMT" >
   </ViewAttribute>
   <ViewAttribute
      Name="InvoiceType"
      EntityAttrName="InvoiceType"
      EntityUsage="CLMPaymentInvoiceEO"
      AliasName="INVOICE_TYPE" >
   </ViewAttribute>
   <ViewAttribute
      Name="AdvPeriod"
      EntityAttrName="AdvPeriod"
      EntityUsage="CLMPaymentInvoiceEO"
      AliasName="ADV_PERIOD" >
   </ViewAttribute>
   <ViewAttribute
      Name="AdvAmount"
      EntityAttrName="AdvAmount"
      EntityUsage="CLMPaymentInvoiceEO"
      AliasName="ADV_AMOUNT" >
   </ViewAttribute>
   <ViewAttribute
      Name="AdvCurrency"
      EntityAttrName="AdvCurrency"
      EntityUsage="CLMPaymentInvoiceEO"
      AliasName="ADV_CURRENCY" >
   </ViewAttribute>
   <ViewAttribute
      Name="AdvSupInvoiceNo"
      EntityAttrName="AdvSupInvoiceNo"
      EntityUsage="CLMPaymentInvoiceEO"
      AliasName="ADV_SUP_INVOICE_NO" >
   </ViewAttribute>
   <ViewAttribute
      Name="AdvSupInvoiceDate"
      EntityAttrName="AdvSupInvoiceDate"
      EntityUsage="CLMPaymentInvoiceEO"
      AliasName="ADV_SUP_INVOICE_DATE" >
   </ViewAttribute>
   <ViewAttribute
      Name="AdvVerified"
      EntityAttrName="AdvVerified"
      EntityUsage="CLMPaymentInvoiceEO"
      AliasName="ADV_VERIFIED" >
   </ViewAttribute>
   <ViewAttribute
      Name="AdvCreateInvoice"
      EntityAttrName="AdvCreateInvoice"
      EntityUsage="CLMPaymentInvoiceEO"
      AliasName="ADV_CREATE_INVOICE" >
   </ViewAttribute>
   <ViewAttribute
      Name="AdvInvoiceNo"
      EntityAttrName="AdvInvoiceNo"
      EntityUsage="CLMPaymentInvoiceEO"
      AliasName="ADV_INVOICE_NO" >
   </ViewAttribute>
   <ViewAttribute
      Name="Activity"
      EntityAttrName="Activity"
      EntityUsage="CLMPaymentInvoiceEO"
      AliasName="ACTIVITY" >
   </ViewAttribute>
   <ViewAttribute
      Name="LinkType"
      EntityAttrName="LinkType"
      EntityUsage="CLMPaymentInvoiceEO"
      AliasName="LINK_TYPE" >
   </ViewAttribute>
   <ViewAttribute
      Name="SurrenderedDate"
      EntityAttrName="SurrenderedDate"
      EntityUsage="CLMPaymentInvoiceEO"
      AliasName="SURRENDERED_DATE" >
   </ViewAttribute>
   <ViewAttribute
      Name="ProCommissionedDate"
      EntityAttrName="ProCommissionedDate"
      EntityUsage="CLMPaymentInvoiceEO"
      AliasName="PRO_COMMISSIONED_DATE" >
   </ViewAttribute>
   <ViewAttribute
      Name="Remarks"
      EntityAttrName="Remarks"
      EntityUsage="CLMPaymentInvoiceEO"
      AliasName="REMARKS" >
   </ViewAttribute>
   <ViewAttribute
      Name="DistCodeCombinationId"
      EntityAttrName="DistCodeCombinationId"
      EntityUsage="CLMPaymentInvoiceEO"
      AliasName="DIST_CODE_COMBINATION_ID" >
   </ViewAttribute>
   <ViewAttribute
      Name="AdvTaxPercent"
      EntityAttrName="AdvTaxPercent"
      EntityUsage="CLMPaymentInvoiceEO"
      AliasName="ADV_TAX_PERCENT" >
   </ViewAttribute>
   <ViewAttribute
      Name="FromLocSno"
      EntityAttrName="FromLocSno"
      EntityUsage="CLMPaymentInvoiceEO"
      AliasName="FROM_LOC_SNO" >
   </ViewAttribute>
   <ViewAttribute
      Name="ToLocSno"
      EntityAttrName="ToLocSno"
      EntityUsage="CLMPaymentInvoiceEO"
      AliasName="TO_LOC_SNO" >
   </ViewAttribute>
   <ViewAttribute
      Name="AdvRemarks"
      EntityAttrName="AdvRemarks"
      EntityUsage="CLMPaymentInvoiceEO"
      AliasName="ADV_REMARKS" >
   </ViewAttribute>
   <ViewAttribute
      Name="LastInvoiceDate"
      EntityAttrName="LastInvoiceDate"
      EntityUsage="CLMPaymentInvoiceEO"
      AliasName="LAST_INVOICE_DATE" >
   </ViewAttribute>
   <ViewAttribute
      Name="FinalStatus"
      EntityAttrName="FinalStatus"
      EntityUsage="CLMPaymentInvoiceEO"
      AliasName="FINAL_STATUS" >
   </ViewAttribute>
   <ViewAttribute
      Name="ClmCreationDate"
      EntityAttrName="ClmCreationDate"
      EntityUsage="CLMPaymentInvoiceEO"
      AliasName="CLM_CREATION_DATE" >
   </ViewAttribute>
   <ViewAttribute
      Name="VendorSiteCurrencyCode"
      EntityAttrName="VendorSiteCurrencyCode"
      EntityUsage="CLMPaymentInvoiceEO"
      AliasName="VENDOR_SITE_CURRENCY_CODE" >
   </ViewAttribute>
   <ViewAttribute
      Name="ApprovedDate"
      EntityAttrName="ApprovedDate"
      EntityUsage="CLMPaymentInvoiceEO"
      AliasName="APPROVED_DATE" >
   </ViewAttribute>
   <ViewAttribute
      Name="BwDistance"
      EntityAttrName="BwDistance"
      EntityUsage="CLMPaymentInvoiceEO"
      AliasName="BW_DISTANCE" >
   </ViewAttribute>
   <ViewAttribute
      Name="BandWidhReqNo"
      EntityAttrName="BandWidhReqNo"
      EntityUsage="CLMPaymentInvoiceEO"
      AliasName="BAND_WIDH_REQ_NO" >
   </ViewAttribute>
   <ViewAttribute
      Name="Qty"
      EntityAttrName="Qty"
      EntityUsage="CLMPaymentInvoiceEO"
      AliasName="QTY" >
   </ViewAttribute>
   <ViewAttribute
      Name="AdvStatus"
      EntityAttrName="AdvStatus"
      EntityUsage="CLMPaymentInvoiceEO"
      AliasName="ADV_STATUS" >
   </ViewAttribute>
   <ViewAttribute
      Name="PaymentStatus"
      EntityAttrName="PaymentStatus"
      EntityUsage="CLMPaymentInvoiceEO"
      AliasName="PAYMENT_STATUS" >
   </ViewAttribute>
   <ViewAttribute
      Name="PaidDate"
      EntityAttrName="PaidDate"
      EntityUsage="CLMPaymentInvoiceEO"
      AliasName="PAID_DATE" >
   </ViewAttribute>
   <ViewAttribute
      Name="PaymentDetails"
      EntityAttrName="PaymentDetails"
      EntityUsage="CLMPaymentInvoiceEO"
      AliasName="PAYMENT_DETAILS" >
   </ViewAttribute>
   <ViewAttribute
      Name="PaymentId"
      EntityAttrName="PaymentId"
      EntityUsage="CLMPaymentInvoiceEO"
      AliasName="PAYMENT_ID" >
   </ViewAttribute>
   <ViewAttribute
      Name="EbsPoNumber"
      EntityAttrName="EbsPoNumber"
      EntityUsage="CLMPaymentInvoiceEO"
      AliasName="EBS_PO_NUMBER" >
   </ViewAttribute>
   <ViewAttribute
      Name="ClmPoNumber"
      EntityAttrName="ClmPoNumber"
      EntityUsage="CLMPaymentInvoiceEO"
      AliasName="CLM_PO_NUMBER" >
   </ViewAttribute>
   <ViewAttribute
      Name="EbsPoHeaderId"
      EntityAttrName="EbsPoHeaderId"
      EntityUsage="CLMPaymentInvoiceEO"
      AliasName="EBS_PO_HEADER_ID" >
   </ViewAttribute>
   <ViewAttribute
      Name="EbsPoLineId"
      EntityAttrName="EbsPoLineId"
      EntityUsage="CLMPaymentInvoiceEO"
      AliasName="EBS_PO_LINE_ID" >
   </ViewAttribute>
   <ViewAttribute
      Name="ItemDesc"
      EntityAttrName="ItemDesc"
      EntityUsage="CLMPaymentInvoiceEO"
      AliasName="ITEM_DESC" >
   </ViewAttribute>
   <ViewAttribute
      Name="PaymentTerm"
      EntityAttrName="PaymentTerm"
      EntityUsage="CLMPaymentInvoiceEO"
      AliasName="PAYMENT_TERM" >
   </ViewAttribute>
   <ViewAttribute
      Name="InvAmtRef"
      EntityAttrName="InvAmtRef"
      EntityUsage="CLMPaymentInvoiceEO"
      AliasName="INV_AMT_REF" >
   </ViewAttribute>
   <ViewAttribute
      Name="BatchNo"
      EntityAttrName="BatchNo"
      EntityUsage="CLMPaymentInvoiceEO"
      AliasName="BATCH_NO" >
   </ViewAttribute>
   <ViewAttribute
      Name="CgstTaxCode"
      EntityAttrName="CgstTaxCode"
      EntityUsage="CLMPaymentInvoiceEO"
      AliasName="CGST_TAX_CODE" >
   </ViewAttribute>
   <ViewAttribute
      Name="SgstTaxCode"
      EntityAttrName="SgstTaxCode"
      EntityUsage="CLMPaymentInvoiceEO"
      AliasName="SGST_TAX_CODE" >
   </ViewAttribute>
   <ViewAttribute
      Name="IgstTaxCode"
      EntityAttrName="IgstTaxCode"
      EntityUsage="CLMPaymentInvoiceEO"
      AliasName="IGST_TAX_CODE" >
   </ViewAttribute>
   <ViewAttribute
      Name="CgstTaxPer"
      EntityAttrName="CgstTaxPer"
      EntityUsage="CLMPaymentInvoiceEO"
      AliasName="CGST_TAX_PER" >
   </ViewAttribute>
   <ViewAttribute
      Name="SgstTaxPer"
      EntityAttrName="SgstTaxPer"
      EntityUsage="CLMPaymentInvoiceEO"
      AliasName="SGST_TAX_PER" >
   </ViewAttribute>
   <ViewAttribute
      Name="IgstTaxPer"
      EntityAttrName="IgstTaxPer"
      EntityUsage="CLMPaymentInvoiceEO"
      AliasName="IGST_TAX_PER" >
   </ViewAttribute>
   <ViewAttribute
      Name="CgstTaxAmt"
      EntityAttrName="CgstTaxAmt"
      EntityUsage="CLMPaymentInvoiceEO"
      AliasName="CGST_TAX_AMT" >
   </ViewAttribute>
   <ViewAttribute
      Name="SgstTaxAmt"
      EntityAttrName="SgstTaxAmt"
      EntityUsage="CLMPaymentInvoiceEO"
      AliasName="SGST_TAX_AMT" >
   </ViewAttribute>
   <ViewAttribute
      Name="IgstTaxAmt"
      EntityAttrName="IgstTaxAmt"
      EntityUsage="CLMPaymentInvoiceEO"
      AliasName="IGST_TAX_AMT" >
   </ViewAttribute>
   <ViewAttribute
      Name="StgBatchId"
      EntityAttrName="StgBatchId"
      EntityUsage="CLMPaymentInvoiceEO"
      AliasName="STG_BATCH_ID" >
   </ViewAttribute>
   <ViewAttribute
      Name="InvoiceTolerance"
      EntityAttrName="InvoiceTolerance"
      EntityUsage="CLMPaymentInvoiceEO"
      AliasName="INVOICE_TOLERANCE" >
   </ViewAttribute>
   <ViewAttribute
      Name="InvoicePayCycle"
      EntityAttrName="InvoicePayCycle"
      EntityUsage="CLMPaymentInvoiceEO"
      AliasName="INVOICE_PAY_CYCLE" >
   </ViewAttribute>
   <ViewAttribute
      Name="InvoiceCycleStatus"
      EntityAttrName="InvoiceCycleStatus"
      EntityUsage="CLMPaymentInvoiceEO"
      AliasName="INVOICE_CYCLE_STATUS" >
   </ViewAttribute>
   <ViewAttribute
      Name="RejectionReason"
      EntityAttrName="RejectionReason"
      EntityUsage="CLMPaymentInvoiceEO"
      AliasName="REJECTION_REASON" >
   </ViewAttribute>
   <ViewAttribute
      Name="Approver1Date"
      EntityAttrName="Approver1Date"
      EntityUsage="CLMPaymentInvoiceEO"
      AliasName="APPROVER1_DATE" >
   </ViewAttribute>
   <ViewAttribute
      Name="Approver2Date"
      EntityAttrName="Approver2Date"
      EntityUsage="CLMPaymentInvoiceEO"
      AliasName="APPROVER2_DATE" >
   </ViewAttribute>
   <ViewAttribute
      Name="FileId"
      EntityAttrName="FileId"
      EntityUsage="CLMPaymentInvoiceEO"
      AliasName="FILE_ID" >
   </ViewAttribute>
   <ViewAttribute
      Name="AttachedFileName"
      EntityAttrName="AttachedFileName"
      EntityUsage="CLMPaymentInvoiceEO"
      AliasName="ATTACHED_FILE_NAME" >
   </ViewAttribute>
   <ViewAttribute
      Name="AttachedFile"
      IsQueriable="false"
      EntityAttrName="AttachedFile"
      EntityUsage="CLMPaymentInvoiceEO"
      AliasName="ATTACHED_FILE" >
   </ViewAttribute>
   <ViewAttribute
      Name="Contenttype"
      EntityAttrName="Contenttype"
      EntityUsage="CLMPaymentInvoiceEO"
      AliasName="CONTENTTYPE" >
   </ViewAttribute>
   <ViewAttribute
      Name="FaCreationDate"
      EntityAttrName="FaCreationDate"
      EntityUsage="CLMPaymentInvoiceEO"
      AliasName="FA_CREATION_DATE" >
   </ViewAttribute>
   <ViewAttribute
      Name="FaCreatedBy"
      EntityAttrName="FaCreatedBy"
      EntityUsage="CLMPaymentInvoiceEO"
      AliasName="FA_CREATED_BY" >
   </ViewAttribute>
   <ViewAttribute
      Name="FaLastUpdateDate"
      EntityAttrName="FaLastUpdateDate"
      EntityUsage="CLMPaymentInvoiceEO"
      AliasName="FA_LAST_UPDATE_DATE" >
   </ViewAttribute>
   <ViewAttribute
      Name="FaLastUpdatedBy"
      EntityAttrName="FaLastUpdatedBy"
      EntityUsage="CLMPaymentInvoiceEO"
      AliasName="FA_LAST_UPDATED_BY" >
   </ViewAttribute>
   <ViewAttribute
      Name="FaLastUpdateLogin"
      EntityAttrName="FaLastUpdateLogin"
      EntityUsage="CLMPaymentInvoiceEO"
      AliasName="FA_LAST_UPDATE_LOGIN" >
   </ViewAttribute>
</ViewObject>
