<?xml version='1.0' encoding='windows-1252' ?>
<!DOCTYPE ViewObject SYSTEM "jbo_03_01.dtd">

<ViewObject
   Name="LmsPaymentHdrEOVO"
   SelectList="LmsPaymentHdrEO.BAND_WIDH_REQ_ID, 
       LmsPaymentHdrEO.LMS_ID, 
       LmsPaymentHdrEO.PO_HDR_ID, 
       LmsPaymentHdrEO.PO_NUMBER, 
       LmsPaymentHdrEO.PO_LINE_ID, 
       LmsPaymentHdrEO.PO_LINE_NUMBER, 
       LmsPaymentHdrEO.FROM_LOCATION, 
       LmsPaymentHdrEO.TO_LOCATION, 
       LmsPaymentHdrEO.CIRCUIT_ID, 
       LmsPaymentHdrEO.PO_UOM, 
       LmsPaymentHdrEO.PO_TAX, 
       LmsPaymentHdrEO.PO_LINE_NO, 
       LmsPaymentHdrEO.ITEM_CODE, 
       LmsPaymentHdrEO.SUPPLIER, 
       LmsPaymentHdrEO.SUPPLIER_SITE, 
       LmsPaymentHdrEO.ITEM_ID, 
       LmsPaymentHdrEO.VENDOR_ID, 
       LmsPaymentHdrEO.VENDOR_SITE_ID, 
       LmsPaymentHdrEO.VENDOR_NO, 
       LmsPaymentHdrEO.VENDOR_SITE_CODE, 
       LmsPaymentHdrEO.PO_VALID_FROM, 
       LmsPaymentHdrEO.PO_VALID_TO, 
       LmsPaymentHdrEO.COMMISSIONED_DATE, 
       LmsPaymentHdrEO.INV_PERIOD_FROM_DATE, 
       LmsPaymentHdrEO.INV_PERIOD_TO_DATE, 
       LmsPaymentHdrEO.CAPACITY, 
       LmsPaymentHdrEO.CONVERSION_RATE, 
       LmsPaymentHdrEO.CHARGE_ACCOUNT, 
       LmsPaymentHdrEO.PO_AMOUNT, 
       LmsPaymentHdrEO.AMOUNT_PAID, 
       LmsPaymentHdrEO.BAL_AMT, 
       LmsPaymentHdrEO.INVOICE_TYPE, 
       LmsPaymentHdrEO.ADV_PERIOD, 
       LmsPaymentHdrEO.ADV_AMOUNT, 
       LmsPaymentHdrEO.ADV_CURRENCY, 
       LmsPaymentHdrEO.ADV_SUP_INVOICE_NO, 
       LmsPaymentHdrEO.ADV_SUP_INVOICE_DATE, 
       LmsPaymentHdrEO.ADV_VERIFIED, 
       LmsPaymentHdrEO.ADV_CREATE_INVOICE, 
       LmsPaymentHdrEO.ADV_INVOICE_NO, 
       LmsPaymentHdrEO.ACTIVITY, 
       LmsPaymentHdrEO.LINK_TYPE, 
       LmsPaymentHdrEO.SURRENDERED_DATE, 
       LmsPaymentHdrEO.PRO_COMMISSIONED_DATE, 
       LmsPaymentHdrEO.REMARKS, 
       LmsPaymentHdrEO.DIST_CODE_COMBINATION_ID, 
       LmsPaymentHdrEO.ATTRIBUTE1, 
       LmsPaymentHdrEO.ATTRIBUTE2, 
       LmsPaymentHdrEO.ATTRIBUTE3, 
       LmsPaymentHdrEO.ATTRIBUTE4, 
       LmsPaymentHdrEO.ATTRIBUTE5, 
       LmsPaymentHdrEO.ATTRIBUTE6, 
       LmsPaymentHdrEO.ATTRIBUTE7, 
       LmsPaymentHdrEO.ATTRIBUTE8, 
       LmsPaymentHdrEO.ATTRIBUTE9, 
       LmsPaymentHdrEO.ATTRIBUTE10, 
       LmsPaymentHdrEO.ATTRIBUTE11, 
       LmsPaymentHdrEO.ATTRIBUTE12, 
       LmsPaymentHdrEO.ATTRIBUTE13, 
       LmsPaymentHdrEO.ATTRIBUTE14, 
       LmsPaymentHdrEO.ATTRIBUTE15, 
       LmsPaymentHdrEO.CREATION_DATE, 
       LmsPaymentHdrEO.CREATED_BY, 
       LmsPaymentHdrEO.LAST_UPDATE_DATE, 
       LmsPaymentHdrEO.LAST_UPDATED_BY, 
       LmsPaymentHdrEO.LAST_UPDATE_LOGIN, 
       LmsPaymentHdrEO.ADV_TAX_PERCENT, 
       LmsPaymentHdrEO.FROM_LOC_SNO, 
       LmsPaymentHdrEO.TO_LOC_SNO, 
       LmsPaymentHdrEO.ADV_REMARKS, 
       LmsPaymentHdrEO.LAST_INVOICE_DATE, 
       LmsPaymentHdrEO.FINAL_STATUS, 
       LmsPaymentHdrEO.LMS_CREATION_DATE, 
       LmsPaymentHdrEO.VENDOR_SITE_CURRENCY_CODE, 
       LmsPaymentHdrEO.ERROR_MSG, 
       LmsPaymentHdrEO.APPROVED_DATE, 
       LmsPaymentHdrEO.DISTANCE, 
       LmsPaymentHdrEO.SAVE_FLAG, 
       LmsPaymentHdrEO.BAND_WIDH_REQ_NO, 
       LmsPaymentHdrEO.QTY, 
       LmsPaymentHdrEO.ROWID, 
       LmsPaymentHdrEO.ADV_STATUS, 
       LmsPaymentHdrEO.PAID_DATE, 
       LmsPaymentHdrEO.PAYMENT_DETAILS, 
       LmsPaymentHdrEO.PAYMENT_STATUS, 
       LmsPaymentHdrEO.PAYMENT_ID, 
       LmsPaymentHdrEO.EBS_PO_NUMBER, 
       LmsPaymentHdrEO.LMS_PAYMENT_HDR_ID, 
       LmsPaymentHdrEO.LMS_PO_NUMBER"
   FromList="XXSIFY_LMS_PAYMENT_HDR_TAB LmsPaymentHdrEO"
   BindingStyle="OracleName"
   CustomQuery="false"
   RowClass="oracle.apps.sfc.clm.PaymentForm.server.LmsPaymentHdrEOVORowImpl"
   ComponentClass="oracle.apps.sfc.clm.PaymentForm.server.LmsPaymentHdrEOVOImpl"
   UseGlueCode="false" >
   <DesignTime>
      <Attr Name="_isCodegen" Value="true" />
      <Attr Name="_version" Value="10.1.3.43.6" />
      <Attr Name="_codeGenFlag2" Value="Access|Coll|VarAccess" />
   </DesignTime>
   <EntityUsage
      Name="LmsPaymentHdrEO"
      Entity="oracle.apps.sfc.clm.PaymentForm.schema.server.LmsPaymentHdrEO" >
      <DesignTime>
         <Attr Name="_queryClause" Value="false" />
      </DesignTime>
   </EntityUsage>
   <ViewAttribute
      Name="BandWidhReqId"
      EntityAttrName="BandWidhReqId"
      EntityUsage="LmsPaymentHdrEO"
      AliasName="BAND_WIDH_REQ_ID" >
   </ViewAttribute>
   <ViewAttribute
      Name="LmsId"
      EntityAttrName="LmsId"
      EntityUsage="LmsPaymentHdrEO"
      AliasName="LMS_ID" >
   </ViewAttribute>
   <ViewAttribute
      Name="PoHdrId"
      EntityAttrName="PoHdrId"
      EntityUsage="LmsPaymentHdrEO"
      AliasName="PO_HDR_ID" >
   </ViewAttribute>
   <ViewAttribute
      Name="PoNumber"
      EntityAttrName="PoNumber"
      EntityUsage="LmsPaymentHdrEO"
      AliasName="PO_NUMBER" >
   </ViewAttribute>
   <ViewAttribute
      Name="PoLineId"
      EntityAttrName="PoLineId"
      EntityUsage="LmsPaymentHdrEO"
      AliasName="PO_LINE_ID" >
   </ViewAttribute>
   <ViewAttribute
      Name="PoLineNumber"
      EntityAttrName="PoLineNumber"
      EntityUsage="LmsPaymentHdrEO"
      AliasName="PO_LINE_NUMBER" >
   </ViewAttribute>
   <ViewAttribute
      Name="FromLocation"
      EntityAttrName="FromLocation"
      EntityUsage="LmsPaymentHdrEO"
      AliasName="FROM_LOCATION" >
   </ViewAttribute>
   <ViewAttribute
      Name="ToLocation"
      EntityAttrName="ToLocation"
      EntityUsage="LmsPaymentHdrEO"
      AliasName="TO_LOCATION" >
   </ViewAttribute>
   <ViewAttribute
      Name="CircuitId"
      EntityAttrName="CircuitId"
      EntityUsage="LmsPaymentHdrEO"
      AliasName="CIRCUIT_ID" >
   </ViewAttribute>
   <ViewAttribute
      Name="PoUom"
      EntityAttrName="PoUom"
      EntityUsage="LmsPaymentHdrEO"
      AliasName="PO_UOM" >
   </ViewAttribute>
   <ViewAttribute
      Name="PoTax"
      EntityAttrName="PoTax"
      EntityUsage="LmsPaymentHdrEO"
      AliasName="PO_TAX" >
   </ViewAttribute>
   <ViewAttribute
      Name="PoLineNo"
      EntityAttrName="PoLineNo"
      EntityUsage="LmsPaymentHdrEO"
      AliasName="PO_LINE_NO" >
   </ViewAttribute>
   <ViewAttribute
      Name="ItemCode"
      EntityAttrName="ItemCode"
      EntityUsage="LmsPaymentHdrEO"
      AliasName="ITEM_CODE" >
   </ViewAttribute>
   <ViewAttribute
      Name="Supplier"
      EntityAttrName="Supplier"
      EntityUsage="LmsPaymentHdrEO"
      AliasName="SUPPLIER" >
   </ViewAttribute>
   <ViewAttribute
      Name="SupplierSite"
      EntityAttrName="SupplierSite"
      EntityUsage="LmsPaymentHdrEO"
      AliasName="SUPPLIER_SITE" >
   </ViewAttribute>
   <ViewAttribute
      Name="ItemId"
      EntityAttrName="ItemId"
      EntityUsage="LmsPaymentHdrEO"
      AliasName="ITEM_ID" >
   </ViewAttribute>
   <ViewAttribute
      Name="VendorId"
      EntityAttrName="VendorId"
      EntityUsage="LmsPaymentHdrEO"
      AliasName="VENDOR_ID" >
   </ViewAttribute>
   <ViewAttribute
      Name="VendorSiteId"
      EntityAttrName="VendorSiteId"
      EntityUsage="LmsPaymentHdrEO"
      AliasName="VENDOR_SITE_ID" >
   </ViewAttribute>
   <ViewAttribute
      Name="VendorNo"
      EntityAttrName="VendorNo"
      EntityUsage="LmsPaymentHdrEO"
      AliasName="VENDOR_NO" >
   </ViewAttribute>
   <ViewAttribute
      Name="VendorSiteCode"
      EntityAttrName="VendorSiteCode"
      EntityUsage="LmsPaymentHdrEO"
      AliasName="VENDOR_SITE_CODE" >
   </ViewAttribute>
   <ViewAttribute
      Name="PoValidFrom"
      EntityAttrName="PoValidFrom"
      EntityUsage="LmsPaymentHdrEO"
      AliasName="PO_VALID_FROM" >
   </ViewAttribute>
   <ViewAttribute
      Name="PoValidTo"
      EntityAttrName="PoValidTo"
      EntityUsage="LmsPaymentHdrEO"
      AliasName="PO_VALID_TO" >
   </ViewAttribute>
   <ViewAttribute
      Name="CommissionedDate"
      EntityAttrName="CommissionedDate"
      EntityUsage="LmsPaymentHdrEO"
      AliasName="COMMISSIONED_DATE" >
   </ViewAttribute>
   <ViewAttribute
      Name="InvPeriodFromDate"
      EntityAttrName="InvPeriodFromDate"
      EntityUsage="LmsPaymentHdrEO"
      AliasName="INV_PERIOD_FROM_DATE" >
   </ViewAttribute>
   <ViewAttribute
      Name="InvPeriodToDate"
      EntityAttrName="InvPeriodToDate"
      EntityUsage="LmsPaymentHdrEO"
      AliasName="INV_PERIOD_TO_DATE" >
   </ViewAttribute>
   <ViewAttribute
      Name="Capacity"
      EntityAttrName="Capacity"
      EntityUsage="LmsPaymentHdrEO"
      AliasName="CAPACITY" >
   </ViewAttribute>
   <ViewAttribute
      Name="ConversionRate"
      EntityAttrName="ConversionRate"
      EntityUsage="LmsPaymentHdrEO"
      AliasName="CONVERSION_RATE" >
   </ViewAttribute>
   <ViewAttribute
      Name="ChargeAccount"
      EntityAttrName="ChargeAccount"
      EntityUsage="LmsPaymentHdrEO"
      AliasName="CHARGE_ACCOUNT" >
   </ViewAttribute>
   <ViewAttribute
      Name="PoAmount"
      EntityAttrName="PoAmount"
      EntityUsage="LmsPaymentHdrEO"
      AliasName="PO_AMOUNT" >
   </ViewAttribute>
   <ViewAttribute
      Name="AmountPaid"
      EntityAttrName="AmountPaid"
      EntityUsage="LmsPaymentHdrEO"
      AliasName="AMOUNT_PAID" >
   </ViewAttribute>
   <ViewAttribute
      Name="BalAmt"
      EntityAttrName="BalAmt"
      EntityUsage="LmsPaymentHdrEO"
      AliasName="BAL_AMT" >
   </ViewAttribute>
   <ViewAttribute
      Name="InvoiceType"
      EntityAttrName="InvoiceType"
      EntityUsage="LmsPaymentHdrEO"
      AliasName="INVOICE_TYPE" >
   </ViewAttribute>
   <ViewAttribute
      Name="AdvPeriod"
      EntityAttrName="AdvPeriod"
      EntityUsage="LmsPaymentHdrEO"
      AliasName="ADV_PERIOD" >
   </ViewAttribute>
   <ViewAttribute
      Name="AdvAmount"
      EntityAttrName="AdvAmount"
      EntityUsage="LmsPaymentHdrEO"
      AliasName="ADV_AMOUNT" >
   </ViewAttribute>
   <ViewAttribute
      Name="AdvCurrency"
      EntityAttrName="AdvCurrency"
      EntityUsage="LmsPaymentHdrEO"
      AliasName="ADV_CURRENCY" >
   </ViewAttribute>
   <ViewAttribute
      Name="AdvSupInvoiceNo"
      EntityAttrName="AdvSupInvoiceNo"
      EntityUsage="LmsPaymentHdrEO"
      AliasName="ADV_SUP_INVOICE_NO" >
   </ViewAttribute>
   <ViewAttribute
      Name="AdvSupInvoiceDate"
      EntityAttrName="AdvSupInvoiceDate"
      EntityUsage="LmsPaymentHdrEO"
      AliasName="ADV_SUP_INVOICE_DATE" >
   </ViewAttribute>
   <ViewAttribute
      Name="AdvVerified"
      EntityAttrName="AdvVerified"
      EntityUsage="LmsPaymentHdrEO"
      AliasName="ADV_VERIFIED" >
   </ViewAttribute>
   <ViewAttribute
      Name="AdvCreateInvoice"
      EntityAttrName="AdvCreateInvoice"
      EntityUsage="LmsPaymentHdrEO"
      AliasName="ADV_CREATE_INVOICE" >
   </ViewAttribute>
   <ViewAttribute
      Name="AdvInvoiceNo"
      EntityAttrName="AdvInvoiceNo"
      EntityUsage="LmsPaymentHdrEO"
      AliasName="ADV_INVOICE_NO" >
   </ViewAttribute>
   <ViewAttribute
      Name="Activity"
      EntityAttrName="Activity"
      EntityUsage="LmsPaymentHdrEO"
      AliasName="ACTIVITY" >
   </ViewAttribute>
   <ViewAttribute
      Name="LinkType"
      EntityAttrName="LinkType"
      EntityUsage="LmsPaymentHdrEO"
      AliasName="LINK_TYPE" >
   </ViewAttribute>
   <ViewAttribute
      Name="SurrenderedDate"
      EntityAttrName="SurrenderedDate"
      EntityUsage="LmsPaymentHdrEO"
      AliasName="SURRENDERED_DATE" >
   </ViewAttribute>
   <ViewAttribute
      Name="ProCommissionedDate"
      EntityAttrName="ProCommissionedDate"
      EntityUsage="LmsPaymentHdrEO"
      AliasName="PRO_COMMISSIONED_DATE" >
   </ViewAttribute>
   <ViewAttribute
      Name="Remarks"
      EntityAttrName="Remarks"
      EntityUsage="LmsPaymentHdrEO"
      AliasName="REMARKS" >
   </ViewAttribute>
   <ViewAttribute
      Name="DistCodeCombinationId"
      EntityAttrName="DistCodeCombinationId"
      EntityUsage="LmsPaymentHdrEO"
      AliasName="DIST_CODE_COMBINATION_ID" >
   </ViewAttribute>
   <ViewAttribute
      Name="Attribute1"
      EntityAttrName="Attribute1"
      EntityUsage="LmsPaymentHdrEO"
      AliasName="ATTRIBUTE1" >
   </ViewAttribute>
   <ViewAttribute
      Name="Attribute2"
      EntityAttrName="Attribute2"
      EntityUsage="LmsPaymentHdrEO"
      AliasName="ATTRIBUTE2" >
   </ViewAttribute>
   <ViewAttribute
      Name="Attribute3"
      EntityAttrName="Attribute3"
      EntityUsage="LmsPaymentHdrEO"
      AliasName="ATTRIBUTE3" >
   </ViewAttribute>
   <ViewAttribute
      Name="Attribute4"
      EntityAttrName="Attribute4"
      EntityUsage="LmsPaymentHdrEO"
      AliasName="ATTRIBUTE4" >
   </ViewAttribute>
   <ViewAttribute
      Name="Attribute5"
      EntityAttrName="Attribute5"
      EntityUsage="LmsPaymentHdrEO"
      AliasName="ATTRIBUTE5" >
   </ViewAttribute>
   <ViewAttribute
      Name="Attribute6"
      EntityAttrName="Attribute6"
      EntityUsage="LmsPaymentHdrEO"
      AliasName="ATTRIBUTE6" >
   </ViewAttribute>
   <ViewAttribute
      Name="Attribute7"
      EntityAttrName="Attribute7"
      EntityUsage="LmsPaymentHdrEO"
      AliasName="ATTRIBUTE7" >
   </ViewAttribute>
   <ViewAttribute
      Name="Attribute8"
      EntityAttrName="Attribute8"
      EntityUsage="LmsPaymentHdrEO"
      AliasName="ATTRIBUTE8" >
   </ViewAttribute>
   <ViewAttribute
      Name="Attribute9"
      EntityAttrName="Attribute9"
      EntityUsage="LmsPaymentHdrEO"
      AliasName="ATTRIBUTE9" >
   </ViewAttribute>
   <ViewAttribute
      Name="Attribute10"
      EntityAttrName="Attribute10"
      EntityUsage="LmsPaymentHdrEO"
      AliasName="ATTRIBUTE10" >
   </ViewAttribute>
   <ViewAttribute
      Name="Attribute11"
      EntityAttrName="Attribute11"
      EntityUsage="LmsPaymentHdrEO"
      AliasName="ATTRIBUTE11" >
   </ViewAttribute>
   <ViewAttribute
      Name="Attribute12"
      EntityAttrName="Attribute12"
      EntityUsage="LmsPaymentHdrEO"
      AliasName="ATTRIBUTE12" >
   </ViewAttribute>
   <ViewAttribute
      Name="Attribute13"
      EntityAttrName="Attribute13"
      EntityUsage="LmsPaymentHdrEO"
      AliasName="ATTRIBUTE13" >
   </ViewAttribute>
   <ViewAttribute
      Name="Attribute14"
      EntityAttrName="Attribute14"
      EntityUsage="LmsPaymentHdrEO"
      AliasName="ATTRIBUTE14" >
   </ViewAttribute>
   <ViewAttribute
      Name="Attribute15"
      EntityAttrName="Attribute15"
      EntityUsage="LmsPaymentHdrEO"
      AliasName="ATTRIBUTE15" >
   </ViewAttribute>
   <ViewAttribute
      Name="CreationDate"
      EntityAttrName="CreationDate"
      EntityUsage="LmsPaymentHdrEO"
      AliasName="CREATION_DATE" >
   </ViewAttribute>
   <ViewAttribute
      Name="CreatedBy"
      EntityAttrName="CreatedBy"
      EntityUsage="LmsPaymentHdrEO"
      AliasName="CREATED_BY" >
   </ViewAttribute>
   <ViewAttribute
      Name="LastUpdateDate"
      EntityAttrName="LastUpdateDate"
      EntityUsage="LmsPaymentHdrEO"
      AliasName="LAST_UPDATE_DATE" >
   </ViewAttribute>
   <ViewAttribute
      Name="LastUpdatedBy"
      EntityAttrName="LastUpdatedBy"
      EntityUsage="LmsPaymentHdrEO"
      AliasName="LAST_UPDATED_BY" >
   </ViewAttribute>
   <ViewAttribute
      Name="LastUpdateLogin"
      EntityAttrName="LastUpdateLogin"
      EntityUsage="LmsPaymentHdrEO"
      AliasName="LAST_UPDATE_LOGIN" >
   </ViewAttribute>
   <ViewAttribute
      Name="AdvTaxPercent"
      EntityAttrName="AdvTaxPercent"
      EntityUsage="LmsPaymentHdrEO"
      AliasName="ADV_TAX_PERCENT" >
   </ViewAttribute>
   <ViewAttribute
      Name="FromLocSno"
      EntityAttrName="FromLocSno"
      EntityUsage="LmsPaymentHdrEO"
      AliasName="FROM_LOC_SNO" >
   </ViewAttribute>
   <ViewAttribute
      Name="ToLocSno"
      EntityAttrName="ToLocSno"
      EntityUsage="LmsPaymentHdrEO"
      AliasName="TO_LOC_SNO" >
   </ViewAttribute>
   <ViewAttribute
      Name="AdvRemarks"
      EntityAttrName="AdvRemarks"
      EntityUsage="LmsPaymentHdrEO"
      AliasName="ADV_REMARKS" >
   </ViewAttribute>
   <ViewAttribute
      Name="LastInvoiceDate"
      EntityAttrName="LastInvoiceDate"
      EntityUsage="LmsPaymentHdrEO"
      AliasName="LAST_INVOICE_DATE" >
   </ViewAttribute>
   <ViewAttribute
      Name="FinalStatus"
      EntityAttrName="FinalStatus"
      EntityUsage="LmsPaymentHdrEO"
      AliasName="FINAL_STATUS" >
   </ViewAttribute>
   <ViewAttribute
      Name="LmsCreationDate"
      EntityAttrName="LmsCreationDate"
      EntityUsage="LmsPaymentHdrEO"
      AliasName="LMS_CREATION_DATE" >
   </ViewAttribute>
   <ViewAttribute
      Name="VendorSiteCurrencyCode"
      EntityAttrName="VendorSiteCurrencyCode"
      EntityUsage="LmsPaymentHdrEO"
      AliasName="VENDOR_SITE_CURRENCY_CODE" >
   </ViewAttribute>
   <ViewAttribute
      Name="ErrorMsg"
      EntityAttrName="ErrorMsg"
      EntityUsage="LmsPaymentHdrEO"
      AliasName="ERROR_MSG" >
   </ViewAttribute>
   <ViewAttribute
      Name="ApprovedDate"
      EntityAttrName="ApprovedDate"
      EntityUsage="LmsPaymentHdrEO"
      AliasName="APPROVED_DATE" >
   </ViewAttribute>
   <ViewAttribute
      Name="Distance"
      EntityAttrName="Distance"
      EntityUsage="LmsPaymentHdrEO"
      AliasName="DISTANCE" >
   </ViewAttribute>
   <ViewAttribute
      Name="SaveFlag"
      EntityAttrName="SaveFlag"
      EntityUsage="LmsPaymentHdrEO"
      AliasName="SAVE_FLAG" >
   </ViewAttribute>
   <ViewAttribute
      Name="BandWidhReqNo"
      EntityAttrName="BandWidhReqNo"
      EntityUsage="LmsPaymentHdrEO"
      AliasName="BAND_WIDH_REQ_NO" >
   </ViewAttribute>
   <ViewAttribute
      Name="Qty"
      EntityAttrName="Qty"
      EntityUsage="LmsPaymentHdrEO"
      AliasName="QTY" >
   </ViewAttribute>
   <ViewAttribute
      Name="RowID"
      IsUpdateable="false"
      EntityAttrName="RowID"
      EntityUsage="LmsPaymentHdrEO"
      AliasName="ROWID" >
   </ViewAttribute>
   <ViewAttribute
      Name="HdrSelectFlag"
      IsSelected="false"
      IsPersistent="false"
      Type="java.lang.String"
      ColumnType="VARCHAR2"
      AliasName="VIEW_ATTR"
      SQLType="VARCHAR" >
   </ViewAttribute>
   <ViewAttribute
      Name="AdvStatus"
      EntityAttrName="AdvStatus"
      EntityUsage="LmsPaymentHdrEO"
      AliasName="ADV_STATUS" >
   </ViewAttribute>
   <ViewAttribute
      Name="PaidDate"
      EntityAttrName="PaidDate"
      EntityUsage="LmsPaymentHdrEO"
      AliasName="PAID_DATE" >
   </ViewAttribute>
   <ViewAttribute
      Name="PaymentDetails"
      EntityAttrName="PaymentDetails"
      EntityUsage="LmsPaymentHdrEO"
      AliasName="PAYMENT_DETAILS" >
   </ViewAttribute>
   <ViewAttribute
      Name="PaymentStatus"
      EntityAttrName="PaymentStatus"
      EntityUsage="LmsPaymentHdrEO"
      AliasName="PAYMENT_STATUS" >
   </ViewAttribute>
   <ViewAttribute
      Name="PaymentId"
      IsNotNull="true"
      EntityAttrName="PaymentId"
      EntityUsage="LmsPaymentHdrEO"
      AliasName="PAYMENT_ID" >
   </ViewAttribute>
   <ViewAttribute
      Name="EbsPoNumber"
      EntityAttrName="EbsPoNumber"
      EntityUsage="LmsPaymentHdrEO"
      AliasName="EBS_PO_NUMBER" >
   </ViewAttribute>
   <ViewAttribute
      Name="LmsPaymentHdrId"
      EntityAttrName="LmsPaymentHdrId"
      EntityUsage="LmsPaymentHdrEO"
      AliasName="LMS_PAYMENT_HDR_ID" >
   </ViewAttribute>
   <ViewAttribute
      Name="LmsPoNumber"
      EntityAttrName="LmsPoNumber"
      EntityUsage="LmsPaymentHdrEO"
      AliasName="LMS_PO_NUMBER" >
   </ViewAttribute>
</ViewObject>
