<?xml version='1.0' encoding='windows-1252' ?>
<!DOCTYPE JboPackage SYSTEM "jbo_03_01.dtd">

<JboPackage
   Name="server"
   SeparateXMLFiles="true"
   PackageName="oracle.apps.sfc.clm.PaymentForm.server" >
   <DesignTime>
      <Attr Name="_ejbPackage" Value="false" />
      <Attr Name="_version" Value="10.1.3.43.6" />
   </DesignTime>
   <Containee
      Name="CLMAdvancePaymentVO"
      FullName="oracle.apps.sfc.clm.PaymentForm.server.CLMAdvancePaymentVO"
      ObjectType="ViewObject" >
   </Containee>
   <Containee
      Name="CLMAdvancePaySearchVO"
      FullName="oracle.apps.sfc.clm.PaymentForm.server.CLMAdvancePaySearchVO"
      ObjectType="ViewObject" >
   </Containee>
   <Containee
      Name="CLMCreditInvHistVO"
      FullName="oracle.apps.sfc.clm.PaymentForm.server.CLMCreditInvHistVO"
      ObjectType="ViewObject" >
   </Containee>
   <Containee
      Name="CLMCreditMemoVO"
      FullName="oracle.apps.sfc.clm.PaymentForm.server.CLMCreditMemoVO"
      ObjectType="ViewObject" >
   </Containee>
   <Containee
      Name="CLMDebitInvHistVO"
      FullName="oracle.apps.sfc.clm.PaymentForm.server.CLMDebitInvHistVO"
      ObjectType="ViewObject" >
   </Containee>
   <Containee
      Name="CLMDebitMemoVO"
      FullName="oracle.apps.sfc.clm.PaymentForm.server.CLMDebitMemoVO"
      ObjectType="ViewObject" >
   </Containee>
   <Containee
      Name="CLMFromAddressLovVO"
      FullName="oracle.apps.sfc.clm.PaymentForm.server.CLMFromAddressLovVO"
      ObjectType="ViewObject" >
   </Containee>
   <Containee
      Name="CLMIdLovVO"
      FullName="oracle.apps.sfc.clm.PaymentForm.server.CLMIdLovVO"
      ObjectType="ViewObject" >
   </Containee>
   <Containee
      Name="CLMIdSearchVO"
      FullName="oracle.apps.sfc.clm.PaymentForm.server.CLMIdSearchVO"
      ObjectType="ViewObject" >
   </Containee>
   <Containee
      Name="CLMInvCheckDetailsVO"
      FullName="oracle.apps.sfc.clm.PaymentForm.server.CLMInvCheckDetailsVO"
      ObjectType="ViewObject" >
   </Containee>
   <Containee
      Name="CLMInvHistoryAM"
      FullName="oracle.apps.sfc.clm.PaymentForm.server.CLMInvHistoryAM"
      ObjectType="AppModule" >
   </Containee>
   <Containee
      Name="CLMInvoiceHistoryVO"
      FullName="oracle.apps.sfc.clm.PaymentForm.server.CLMInvoiceHistoryVO"
      ObjectType="ViewObject" >
   </Containee>
   <Containee
      Name="CLMInvPopupVO"
      FullName="oracle.apps.sfc.clm.PaymentForm.server.CLMInvPopupVO"
      ObjectType="ViewObject" >
   </Containee>
   <Containee
      Name="CLMPaymentAM"
      FullName="oracle.apps.sfc.clm.PaymentForm.server.CLMPaymentAM"
      ObjectType="AppModule" >
   </Containee>
   <Containee
      Name="CLMPaymentHdrEOVO"
      FullName="oracle.apps.sfc.clm.PaymentForm.server.CLMPaymentHdrEOVO"
      ObjectType="ViewObject" >
   </Containee>
   <Containee
      Name="CLMPaymentInvoiceEOVO"
      FullName="oracle.apps.sfc.clm.PaymentForm.server.CLMPaymentInvoiceEOVO"
      ObjectType="ViewObject" >
   </Containee>
   <Containee
      Name="CLMPaymentPPRVO"
      FullName="oracle.apps.sfc.clm.PaymentForm.server.CLMPaymentPPRVO"
      ObjectType="ViewObject" >
   </Containee>
   <Containee
      Name="CLMPaymentTypesLovVO"
      FullName="oracle.apps.sfc.clm.PaymentForm.server.CLMPaymentTypesLovVO"
      ObjectType="ViewObject" >
   </Containee>
   <Containee
      Name="CLMRecurringOrOneTimePayVO"
      FullName="oracle.apps.sfc.clm.PaymentForm.server.CLMRecurringOrOneTimePayVO"
      ObjectType="ViewObject" >
   </Containee>
   <Containee
      Name="CLMToAddressLovVO"
      FullName="oracle.apps.sfc.clm.PaymentForm.server.CLMToAddressLovVO"
      ObjectType="ViewObject" >
   </Containee>
</JboPackage>
