<?xml version='1.0' encoding='windows-1252' ?>
<!DOCTYPE AppModule SYSTEM "jbo_03_01.dtd">

<AppModule
   Name="xxsifyLmsPaymentPGAM"
   ComponentClass="oracle.apps.sfc.clm.PaymentForm.server.xxsifyLmsPaymentPGAMImpl" >
   <DesignTime>
      <Attr Name="_isCodegen" Value="true" />
      <Attr Name="_version" Value="10.1.3.43.6" />
      <Attr Name="_deployType" Value="0" />
   </DesignTime>
   <ViewUsage
      Name="CLMInvPopupVO"
      ViewObjectName="oracle.apps.sfc.clm.PaymentForm.server.CLMInvPopupVO" >
   </ViewUsage>
   <ViewUsage
      Name="CLMCreditInvHistVO"
      ViewObjectName="oracle.apps.sfc.clm.PaymentForm.server.CLMCreditInvHistVO" >
   </ViewUsage>
   <ViewUsage
      Name="CLMPaymentPPRVO"
      ViewObjectName="oracle.apps.sfc.clm.PaymentForm.server.CLMPaymentPPRVO" >
   </ViewUsage>
   <ViewUsage
      Name="CLMInvCheckDetailsVO"
      ViewObjectName="oracle.apps.sfc.clm.PaymentForm.server.CLMInvCheckDetailsVO" >
   </ViewUsage>
   <ViewUsage
      Name="CLMCreditMemoVO"
      ViewObjectName="oracle.apps.sfc.clm.PaymentForm.server.CLMCreditMemoVO" >
   </ViewUsage>
   <ViewUsage
      Name="CLMAdvancePaymentVO"
      ViewObjectName="oracle.apps.sfc.clm.PaymentForm.server.CLMAdvancePaymentVO" >
   </ViewUsage>
   <ViewUsage
      Name="CLMToAddressLovVO"
      ViewObjectName="oracle.apps.sfc.clm.PaymentForm.server.CLMToAddressLovVO" >
   </ViewUsage>
   <ViewUsage
      Name="CLMFromAddressLovVO"
      ViewObjectName="oracle.apps.sfc.clm.PaymentForm.server.CLMFromAddressLovVO" >
   </ViewUsage>
   <ViewUsage
      Name="CLMDebitInvHistVO"
      ViewObjectName="oracle.apps.sfc.clm.PaymentForm.server.CLMDebitInvHistVO" >
   </ViewUsage>
   <ViewUsage
      Name="CLMInvoiceHistoryVO"
      ViewObjectName="oracle.apps.sfc.clm.PaymentForm.server.CLMInvoiceHistoryVO" >
   </ViewUsage>
   <ViewUsage
      Name="CLMInvoiceHistoryVO1"
      ViewObjectName="oracle.apps.sfc.clm.PaymentForm.server.CLMInvoiceHistoryVO" >
   </ViewUsage>
   <ViewUsage
      Name="CLMIdLovVO"
      ViewObjectName="oracle.apps.sfc.clm.PaymentForm.server.CLMIdLovVO" >
   </ViewUsage>
   <ViewUsage
      Name="CLMAdvancePaySearchVO"
      ViewObjectName="oracle.apps.sfc.clm.PaymentForm.server.CLMAdvancePaySearchVO" >
   </ViewUsage>
   <ViewUsage
      Name="CLMIdSearchVO"
      ViewObjectName="oracle.apps.sfc.clm.PaymentForm.server.CLMIdSearchVO" >
   </ViewUsage>
   <ViewUsage
      Name="CLMPaymentTypesLovVO"
      ViewObjectName="oracle.apps.sfc.clm.PaymentForm.server.CLMPaymentTypesLovVO" >
   </ViewUsage>
   <ViewUsage
      Name="CLMRecurringOrOneTimePayVO"
      ViewObjectName="oracle.apps.sfc.clm.PaymentForm.server.CLMRecurringOrOneTimePayVO" >
   </ViewUsage>
   <ViewUsage
      Name="CLMDebitMemoVO"
      ViewObjectName="oracle.apps.sfc.clm.PaymentForm.server.CLMDebitMemoVO" >
   </ViewUsage>
   <ViewUsage
      Name="CLMPaymentInvoiceEOVO"
      ViewObjectName="oracle.apps.sfc.clm.PaymentForm.server.CLMPaymentInvoiceEOVO" >
   </ViewUsage>
   <ViewUsage
      Name="CLMPaymentInvoiceEOVO1"
      ViewObjectName="oracle.apps.sfc.clm.PaymentForm.server.CLMPaymentInvoiceEOVO" >
   </ViewUsage>
   <ViewUsage
      Name="CLMPaymentInvoiceEOVO2"
      ViewObjectName="oracle.apps.sfc.clm.PaymentForm.server.CLMPaymentInvoiceEOVO" >
   </ViewUsage>
   <ViewUsage
      Name="CLMPaymentHdrEOVO"
      ViewObjectName="oracle.apps.sfc.clm.PaymentForm.server.CLMPaymentHdrEOVO" >
   </ViewUsage>
</AppModule>
