<?xml version='1.0'?>
<project name="tri2-gps" default="CHECKOUT_CVS_MODULE" basedir="">
	<property file="buildCVS.properties"/>
	<taskdef resource="net/sf/antcontrib/antlib.xml">
		     <classpath>
		         <fileset dir="${antcontribPath}" includes="antcontrib.jar"/>
		     </classpath>
		</taskdef>
	
	<macrodef  name="set.timestamp">
	  <sequential>
	    <tstamp>
	      <format property="current.time" pattern="yyyy_MM_dd_hh_mm_ss"/>
	    </tstamp>
	  </sequential>
	</macrodef>
	<set.timestamp/>

	<record name= "${localcheckoutpath}/logs/${current.time}_CompleteLog.log" append="false" loglevel= "info" />	

	<target name="DELETELOGS" description="Deleting buildLogs folder">

		<delete dir="${localcheckoutpath}/logs"/>
		<mkdir dir="${localcheckoutpath}/logs"/>

	</target>

	<target name="ADD_CVS_MODULE" description="Adding file to cvs" >

		<record name= "${localcheckoutpath}/logs/CVSADDModuleLog.log" loglevel= "info" />
		<cvspass cvsroot=":${cvs_conn_type}:${cvsadminusername}@${cvs_host}:${rep_path}" password="${cvsadminpasswd}" />
		<mkdir dir="${projectName}" />
		<cvs  command=" add ${projectName}" cvsroot=":${cvs_conn_type}:${cvsadminusername}@${cvs_host}:${rep_path}"  dest="${cvscheckinpatchpath}" failonerror="yes" error="${localcheckoutpath}/logs/ADD_CVS_MODULE.log"/>
		<antcall target="copy_cvsoperations_build" inheritall="true">
		</antcall>

	</target>

	<target name="CHECKOUT_CVS_MODULE" description="checkout files">

		<record name= "${localcheckoutpath}/logs/CVSCheckOutModule.log" loglevel= "info" />

		<cvspass cvsroot=":${cvs_conn_type}:${cvsadminusername}@${cvs_host}:${rep_path}" password="${cvsadminpasswd}" />

		<cvs  command="checkout -d ${projectName}" cvsroot=":${cvs_conn_type}:${cvsadminusername}@${cvs_host}:${rep_path}" package="&quot;${cvspatchmodule}${projectName}&quot;"  dest="${cvscheckinpatchpath}" failonerror="yes" error="${localcheckoutpath}/logs/CHECKOUT_CVS_MODULE_cvs.log"/>

		<antcall target="copy_cvsoperations_build" inheritall="true">
		</antcall>

	</target>

	<target name="CHECKOUT_DEV_CVS_MODULE" description="checkout files">
	 <trycatch property="error.message">
	 	<try>
		
		<record name= "${localcheckoutpath}/logs/${current.time}_CHECKOUT_DEV_CVS_MODULE_target.log" loglevel= "info" />

		<cvspass cvsroot=":${dev_cvs_conn_type}:${dev_cvsadminusername}@${dev_cvs_host}:${dev_rep_path}" password="${dev_cvsadminpasswd}" />

		<cvs  command="checkout" cvsroot=":${dev_cvs_conn_type}:${dev_cvsadminusername}@${dev_cvs_host}:${dev_rep_path}" package="&quot;${projectName}&quot;"  dest="${cvscheckinpatchpath}" failonerror="yes" error="${localcheckoutpath}/logs/${current.time}_CHECKOUT_DEV_CVS_MODULE_cvs.log"/>

	 		<echo message="MODULE CHECKOUT COMPLETED SUCCESSFULLY"/>	
		<antcall target="copy_cvsoperations_build" inheritall="true">
		</antcall>
	 		</try>
	 	
	 	</trycatch>
	</target>

	<target name="copy_cvsoperations_build" description="Copy required files with cvsoperationsbuild.xml">

		<copy todir="${cvscheckinpatchpath}${projectName}" overwrite="yes" failonerror="yes">
			<fileset dir="${cvscheckinpatchpath}" includes="cvsoperationsbuild.xml" />
			<fileset dir="${cvscheckinpatchpath}" includes="buildCVS.properties" />
		</copy>

	</target>

	<target name="CVSADD" description="Adding file to cvs" >

		<record name= "${localcheckoutpath}/logs/CVSADDLog1.log" loglevel= "info" />
		<!-- copy file at server side to project module directory and then commit -->
		<copy file="${serversidepath}${zipName}" todir="${cvscheckinpatchpath}${projectName}" overwrite="yes" failonerror="yes" />

		<cvspass cvsroot=":${cvs_conn_type}:${cvsusername}@${cvs_host}:${rep_path}" password="${cvspasswd}" />

		<cvs  command=" add -kb &quot;${zipName}&quot;" cvsroot=":${cvs_conn_type}:${cvsusername}@${cvs_host}:${rep_path}"  dest="${cvscheckinpatchpath}${projectName}" failonerror="yes" error="${localcheckoutpath}/logs/CVSADD_add.log"/>
		<cvs  command=" commit -m ${comment} &quot;${zipName}&quot;" cvsroot=":${cvs_conn_type}:${cvsusername}@${cvs_host}:${rep_path}"  dest="${cvscheckinpatchpath}${projectName}" failonerror="yes" error="${localcheckoutpath}/logs/CVSADD_commit.log"/>

	</target>

	<target name="CVSADD_BINARY" description="Adding file to cvs" >

		<record name= "${localcheckoutpath}/logs/CVSADDBinaryLog.log" loglevel= "info" />
		<!-- copy file at server side to project module directory and then commit -->
		<!--<copy todir="${cvscheckinpatchpath}${projectName}" overwrite="yes" failonerror="yes">
			<fileset dir="${serversidepath}" includes="${zipName}" />
		</copy> -->
		<copy todir="${cvscheckinpatchpath}${projectName}" verbose="true" overwrite="yes" failonerror="no">
				<fileset dir="${serversidepath}">
            <include name="${zipName}" />
        </fileset>
			</copy>

		<cvspass cvsroot=":${cvs_conn_type}:${cvsusername}@${cvs_host}:${rep_path}" password="${cvspasswd}" />

		<cvs  command=" add -kb &quot;${zipName}&quot;" cvsroot=":${cvs_conn_type}:${cvsusername}@${cvs_host}:${rep_path}"  dest="${cvscheckinpatchpath}${projectName}" failonerror="yes" error="${localcheckoutpath}/logs/CVSADD_BINARY_add.log"/>

		<cvs  command=" commit -m ${comment} &quot;${zipName}&quot;" cvsroot=":${cvs_conn_type}:${cvsusername}@${cvs_host}:${rep_path}"  dest="${cvscheckinpatchpath}${projectName}" failonerror="yes" error="${localcheckoutpath}/logs/CVSADD_BINARY_commit.log"/>
		
	</target>

	<target name="DELETE" description="Deleting folder">
		<delete >
			<fileset dir="${cvscheckinpatchpath}${projectName}" includes="${zipName}" />
		</delete> 
	</target>

	<target name="CVSCHECKOUT" description="checkout files" >

		<record name= "${localcheckoutpath}/logs/CVSCheckOut1.log" loglevel= "info" />

		<delete >
			<fileset dir="${cvscheckinpatchpath}${projectName}" includes="&quot;${zipName}&quot;" />
		</delete>

		<cvspass cvsroot=":${cvs_conn_type}:${cvsadminusername}@${cvs_host}:${rep_path}" password="${cvsadminpasswd}" />

		<cvs  command=" -d :${cvs_conn_type}:${cvsadminusername}@${cvs_host}:${rep_path} -t update -r ${objectVersion} &quot;${zipName}&quot; "  failonerror="yes" error="${localcheckoutpath}/logs/CVSCHECKOUT.log"/>

		<!-- this below tag is added for avoid the hidden files checkout in migration process -->

		<defaultexcludes  remove="**/.#*"/>

		<delete >
			<fileset dir="${localcheckoutpath}/UploadPatch" includes="**/.#*">
			</fileset>
		</delete>

		<defaultexcludes add="**/.#*"/>

		<!-- end of adding..added by sreenivas-->


	</target>


	<target name="DEVCVSCHECKOUT" description="checkout files" >



		<record name= "${localcheckoutpath}/logs/CVSdevCheckOut1.log" loglevel= "info" />
		<delete >
			<fileset dir="${cvscheckinpatchpath}${projectName}" includes="${zipName}" />
		</delete>


		<cvspass cvsroot=":${dev_cvs_conn_type}:${dev_cvsadminusername}@${dev_cvs_host}:${dev_rep_path}" password="${dev_cvsadminpasswd}" />

		<cvs  command=" -t update -r ${objectVersion} &quot;${zipName}&quot; "  failonerror="yes" error="${localcheckoutpath}/logs/DEVCVSCHECKOUT.log"/>

		<!-- this below tag is added for avoid the hidden files checkout in migration process -->


		<defaultexcludes  remove="**/.#*"/>

		<delete >

			<fileset dir="${localcheckoutpath}/UploadPatch" includes="**/.#*">

			</fileset>

		</delete>

		<defaultexcludes add="**/.#*"/>

		<!-- end of adding..added by sreenivas-->


	</target>




	<target name="CVSUPDATEVERSION" description="checkout files" depends="DELETE" >
		<record name= "${localcheckoutpath}/logs/CVSVersionLog1.log" loglevel= "info" />

		<cvspass cvsroot=":${cvs_conn_type}:${cvsusername}@${cvs_host}:${rep_path}" password="${cvspasswd}" />

		<!-- To checkout latest version and reset if any sticky tags are present -->
		<cvs  command=" -d :${cvs_conn_type}:${cvsusername}@${cvs_host}:${rep_path} -t update -A &quot;${zipName}&quot; "  failonerror="yes" error="${localcheckoutpath}/logs/CVSUPDATEVERSION.log"/>

		<copy file="${serversidepath}${zipName}" todir="${cvscheckinpatchpath}${projectName}" overwrite="yes" failonerror="no" />
		
		<!-- Modifying file format to binary as getting error while migrating patches -->
		<cvs  command=" admin -kb &quot;${zipName}&quot;" cvsroot=":${cvs_conn_type}:${cvsusername}@${cvs_host}:${rep_path}"  dest="${cvscheckinpatchpath}${projectName}" failonerror="yes" error="CVSUPDATEVERSION_admin_add.log"/>

		<!-- Creating version on the latest checked out version -->
		<cvs  command=" commit -m ${comment} -l &quot;${zipName}&quot;" cvsroot=":${cvs_conn_type}:${cvsusername}@${cvs_host}:${rep_path}"  dest="${cvscheckinpatchpath}${projectName}" failonerror="yes" error="${localcheckoutpath}/logs/CVSUPDATEVERSION_commit.log"/>
	</target>




	<target name="SPACK_CHECKOUT" description="Checkout Files from AOM CVS" >

		<record name= "${localcheckoutpath}/logs/ServicePacklog.log" append="false" loglevel= "info" />

		<cvspass cvsroot=":${cvs_conn_type}:${cvsadminusername}@${cvs_host}:${rep_path}" password="${cvsadminpasswd}" />

		<cvs  command=" -d :${cvs_conn_type}:${cvsadminusername}@${cvs_host}:${rep_path} -t update -r ${objectVersion} &quot;${objectName}&quot; "  failonerror="yes" error="${localcheckoutpath}/logs/SPACK_CHECKOUT.log"/>

		<!--  <mkdir dir="${cvscheckinpatchpath}${objectDir}"/> -->
		<!--  IS089200 - Upgrade pack execution should consider only those SQL objects whose database type matches with the database type on which the execution is happening. -->
		 	
		<copy file="${objectName}" todir="${cvscheckinpatchpath}${objectDir}/${databaseType}/${objectNameFolder}" overwrite="yes" failonerror="no" />


		<!-- Here objectDir is same as objectType bt without double quotes -->


		<echo message="deleting CVS directory...."/>
		<echo message="${cvscheckinpatchpath}${objectDir}/CVS"/>
		<delete dir="${cvscheckinpatchpath}${objectDir}/CVS"/>

	</target>

	<!-- @author schigurupati, to download Service Pack for the objects mapped from DEV CVS-->
	<target name="SPACK_CHECKOUT_DEV" description="Checkout Files from DEV CVS" >

		<record name= "${localcheckoutpath}/logs/ServicePacklog.log" append="false" loglevel= "info" />

		<cvspass cvsroot=":${dev_cvs_conn_type}:${dev_cvsadminusername}@${dev_cvs_host}:${dev_rep_path}" password="${dev_cvsadminpasswd}" />

		<cvs  command=" -d :${dev_cvs_conn_type}:${dev_cvsadminusername}@${dev_cvs_host}:${dev_rep_path} -t update -r ${objectVersion} &quot;${objectName}&quot; "  failonerror="yes" error="${localcheckoutpath}/logs/SPACK_CHECKOUT_DEV.log"/>

		<!--
		 	<mkdir dir="${cvscheckinpatchpath}${objectDir}"/> 
		 	-->
		<!-- IS089200 - Upgrade pack execution should consider only those SQL objects whose database type matches with the database type on which the execution is happening. -->	
		<copy todir="${cvscheckinpatchpath}${objectDir}/${databaseType}/${objectNameFolder}" overwrite="yes" failonerror="no">
			<fileset dir=".">
				<include name="${objectName}"/>
			</fileset>
		</copy>

		<!-- Here objectDir is same as objectType bt without double quotes -->
		<echo message="deleting CVS directory...."/>
		<echo message="${cvscheckinpatchpath}${objectDir}/CVS"/>
		<delete dir="${cvscheckinpatchpath}${objectDir}/CVS"/>

	</target>

	<target name="SPACK_ZIP" description="create zip file" >

		<record name= "${localcheckoutpath}/logs/ServicePacklog.log" append="true" loglevel= "info" />
		<mkdir dir="${cvscheckinpatchpath}/META-INF"/>
		<manifest file="${cvscheckinpatchpath}/META-INF/MANIFEST.MF">
		<!-- modified by adevisetty -->
			<!--<attribute name="Class-Path" value="Tri2Build/ant.jar Tri2Build/ant-antlr.jar Tri2Build/ant-launcher.jar Tri2Build/poi-3.0.2.jar Tri2Build/ojdbc5.jar"/>-->
				 <!--<attribute name="Class-Path" value="Tri2Build/poi-3.0.2.jar"/> -->
			<attribute name="Class-Path" value="Tri2Build/poi-3.11-20141221.jar"/>
			<attribute name="Main-Class" value="ServicePackMain"/>
		</manifest>
		<!-- copying Aboutme.dtd file to servicepack objects download directory, for DTD validation-->
		<copy todir="${cvscheckinpatchpath}" overwrite="yes" failonerror="no">
			<fileset dir="${spObjectsDir}" includes="Aboutme.dtd" />
		</copy>

		<zip destfile="${cvscheckinpatchpath}/${servicepackname}" >
			<fileset dir="${cvscheckinpatchpath}" />
			<fileset dir="${spObjectsDir}" includes="*.class"/>
			<fileset dir="${spObjectsDir}" includes="*.jar"/>
			<fileset dir="${spObjectsDir}" includes="*.properties"/>
		</zip>

	</target>
	
	<!--
     IS069112- 1.Make service pack execution as silent mode, without prompting for confirmation at the execution time (Ex: connection details and overridden properties)
     		   2.Include shell script in the zip file along with service pack to run service pack without connecting to putty.
     		   Modified the target to include batch file also in the cumulative service pack zip
     -->
	<target name="createZipWithSupportedFiles" description="Creating Zip with Servicpack, ShellScript, Batch File and Property file" >
			<record name= "${localcheckoutpath}/logs/createZipWithSupportedFiles.log" append="true" loglevel= "info" />
			<mkdir dir="${servicepackdir}/SilentMode"/>
			<zip destfile="${servicepackdir}/SilentMode/${servicepackZipName}" >
				<fileset dir="${servicepackdir}" includes="${servicepackname}"/>
				<fileset dir="${servicepackdir}" includes="${propertiesFile}"/>
				<fileset dir="${servicepackdir}" includes="${shellScriptFile}"/>
				<fileset dir="${servicepackdir}" includes="${batchFile}"/>
			</zip>
	</target>
	

</project>