<?xml version='1.0'?>
<project name="tri2-gps" default="DEVSVNCHECKOUT" basedir="">
	<property file="buildSVN.properties" />

	<!-- For Testing standalone
	<path id="svnant.classpath">
		<fileset dir="D:/TrinitiApps28/common/">
			<include name="**/*.jar"/>
		</fileset>
	</path>
	<typedef resource="org/tigris/subversion/svnant/svnantlib.xml" classpathref="svnant.classpath" />
	-->
	<!-- load the svn task -->
	<!-- IS079704-Unable to migrate objects by mapping from SVN repository if TrinitiApps is deployed on Glassfish server
	     Unalbe to load the SvnTask from Ant classloader, so intentionally mentioning class path to load -->
	<taskdef name="svn" classname="org.tigris.subversion.svnant.SvnTask">
		<classpath>
			<fileset dir="${svnantPath}" includes="svnant.jar" />
			<fileset dir="${svnantPath}" includes="svnClientAdapter.jar" />
			<fileset dir="${svnantPath}" includes="svnjavahl.jar" />
		</classpath>
	</taskdef>
	<record name="${migobjectsvnpath}/logs/CompleteLog.log" append="false" loglevel="info" />

	<!-- TARGETS USED TO PERFORM OPERATIONS WITH DEV SVN STARTS -->

	<target name="copy_svnoperations_build" description="Copy required files with cvsoperationsbuild.xml">

		<record name="${migobjectsvnpath}/logs/copy_svnoperations_build.log" loglevel="info" />

		<echo>Copying svnoperationsbuild.xml,buildSVN.properties to ${svncheckinpatchpath}/${projectName}</echo>

		<copy todir="${svncheckinpatchpath}/${projectName}" overwrite="yes" failonerror="yes">

			<fileset dir="${svncheckinpatchpath}" includes="svnoperationsbuild.xml" />

			<fileset dir="${svncheckinpatchpath}" includes="buildSVN.properties" />

		</copy>

	</target>

	<target name="CHECKOUT_DEV_SVN_MODULE" description="checkout files">

		<record name="${migobjectsvnpath}/logs/CHECKOUT_DEV_SVN_MODULE.log" loglevel="info" />

		<echo>Checking '${projectName}' module to '${svncheckinpatchpath}/${projectName}'</echo>

		<svn username="${dev_svn_username}" password="${dev_svn_password}">

			<checkout url="${dev_svn_repository_url}/${projectName}" destPath="${svncheckinpatchpath}/${projectName}" />

		</svn>

		<antcall target="copy_svnoperations_build" inheritall="true" />

	</target>

	<target name="DEVSVNCHECKOUT" description="checkout files">

		<record name="${migobjectsvnpath}/logs/DEVSVNCHECKOUT.log" loglevel="info" />

		<echo>URL  : ${dev_svn_repository_url}/${projectName}/${zipName}, destFile : ${svncheckinpatchpath}/${projectName}/${zipName} </echo>

		<echo>User : ${dev_svn_username}</echo>

		<svn username="${dev_svn_username}" password="${dev_svn_password}">

			<cat url="${dev_svn_repository_url}/${projectName}/${zipName}" destFile="${svncheckinpatchpath}/${projectName}/${zipName}" revision="${objectVersion}" />

		</svn>

	</target>

	<!-- To download Service Pack for the objects mapped from DEV SVN-->
	<target name="SPACK_CHECKOUT_DEV_SVN" description="Checkout Files from DEV SVN">

		<echo> Entered into target SPACK_CHECKOUT_DEV_SVN </echo>

		<record name="${migobjectsvnpath}/logs/SPACK_CHECKOUT_DEV_SVN.log" append="false" loglevel="info" />

		<echo>objectName ===== ${objectName}</echo>

		<echo>URL  : ${dev_svn_repository_url}/${projectName}/${objectName}, destFile : ${svncheckinpatchpath}/${projectName}/${objectName} </echo>

		<svn username="${dev_svn_username}" password="${dev_svn_password}">

			<cat url="${dev_svn_repository_url}/${projectName}/${objectName}" destFile="${svncheckinpatchpath}/${projectName}/${objectName}" revision="${objectVersion}" />

		</svn>
		
		<!-- IS089200 - Upgrade pack execution should consider only those SQL objects whose database type matches with the database type on which the execution is happening. -->	
		<copy file="${objectName}" todir="${spObjectsDir}/${objectDir}/${databaseType}/${objectNameFolder}" overwrite="yes" failonerror="no">



		</copy>

		<!-- Here objectDir is same as objectType bt without double quotes -->

		<echo message="deleting .svn directories...." />

		<echo message="${svncheckinpatchpath}/${objectDir}/.svn" />

		<delete dir="${svncheckinpatchpath}/${objectDir}/.svn" />

		<echo> Exiting target SPACK_CHECKOUT_DEV_SVN</echo>

	</target>

	<!-- TARGETS USED TO PERFORM OPERATIONS WITH DEV SVN ENDS -->

	<target name="DELETELOGS" description="Deleting buildLogs folder">

		<delete dir="${migobjectsvnpath}/logs" />
		<mkdir dir="${migobjectsvnpath}/logs" />

	</target>

	<!-- TARGETS USED TO PERFORM OPERATIONS WITH AOM SVN(Not Implemented Yet) -->

	<target name="ADD_SVN_MODULE" description="Adding file to svn">

		<record name="${migobjectsvnpath}/logs/SVNADDModuleLog.log" loglevel="info" />

		<cvs command=" add ${projectName}" cvsroot=":${cvs_conn_type}:${cvsadminusername}@${cvs_host}:${rep_path}" dest="${cvscheckinpatchpath}" failonerror="yes" error="${localcheckoutpath}/logs/ADD_CVS_MODULE.log" />

		<antcall target="copy_svnoperations_build" inheritall="true">
		</antcall>

	</target>

	<target name="CHECKOUT_SVN_MODULE" description="checkout files">

		<record name="${migobjectsvnpath}/logs/SVNCheckOutModule.log" loglevel="info" />

		<cvs command="checkout -d ${projectName}" cvsroot=":${cvs_conn_type}:${cvsadminusername}@${cvs_host}:${rep_path}" package="&quot;${cvspatchmodule}${projectName}&quot;" dest="${svncheckinpatchpath}" failonerror="yes" error="${migobjectsvnpath}/logs/CHECKOUT_CVS_MODULE.log" />

		<antcall target="copy_svnoperations_build" inheritall="true">
		</antcall>

	</target>

	<target name="SVNADD" description="Adding file to cvs">

		<record name="${migobjectsvnpath}/logs/CVSADDLog1.log" loglevel="info" />
		<!-- copy file at server side to project module directory and then commit -->
		<copy todir="${svncheckinpatchpath}${projectName}" overwrite="yes" failonerror="no">
			<fileset dir="${serversidepath}" includes="${zipName}" />
		</copy>

		<cvs command=" add ${zipName}" cvsroot=":${cvs_conn_type}:${cvsusername}@${cvs_host}:${rep_path}" dest="${svncheckinpatchpath}${projectName}" failonerror="yes" error="${migobjectsvnpath}/logs/CVSADD_add.log" />
		<cvs command=" commit -m ${comment} ${zipName}" cvsroot=":${cvs_conn_type}:${cvsusername}@${cvs_host}:${rep_path}" dest="${svncheckinpatchpath}${projectName}" failonerror="yes" error="${migobjectsvnpath}/logs/CVSADD_commit.log" />

	</target>

	<target name="CVSADD_BINARY" description="Adding file to cvs">

		<record name="${migobjectsvnpath}/logs/CVSADDBinaryLog.log" loglevel="info" />
		<!-- copy file at server side to project module directory and then commit -->
		<copy todir="${svncheckinpatchpath}${projectName}" overwrite="yes" failonerror="no">
			<fileset dir="${serversidepath}" includes="${zipName}" />
		</copy>

		<cvs command=" add -kb ${zipName}" cvsroot=":${cvs_conn_type}:${cvsusername}@${cvs_host}:${rep_path}" dest="${svncheckinpatchpath}${projectName}" failonerror="yes" error="${migobjectsvnpath}/logs/CVSADD_BINARY_add.log" />
		<cvs command=" commit -m ${comment} ${zipName}" cvsroot=":${cvs_conn_type}:${cvsusername}@${cvs_host}:${rep_path}" dest="${svncheckinpatchpath}${projectName}" failonerror="yes" error="${migobjectsvnpath}/logs/CVSADD_BINARY_commit.log" />

	</target>

	<target name="DELETE" description="Deleting folder">
		<delete>
			<fileset dir="${svncheckinpatchpath}${projectName}" includes="${zipName}" />
		</delete>
	</target>

	<target name="CVSCHECKOUT" description="checkout files">

		<record name="${migobjectsvnpath}/logs/CVSCheckOut1.log" loglevel="info" />

		<delete>
			<fileset dir="${svncheckinpatchpath}${projectName}" includes="${zipName}" />
		</delete>

		<cvs command=" -d :${cvs_conn_type}:${cvsadminusername}@${cvs_host}:${rep_path} -t update -r ${objectVersion} ${zipName} " failonerror="yes" error="${migobjectsvnpath}/logs/CVSCHECKOUT.log" />

		<!-- this below tag is added for avoid the hidden files checkout in migration process -->

		<defaultexcludes remove="**/.#*" />

		<delete>
			<fileset dir="${migobjectsvnpath}/UploadPatch" includes="**/.#*">
			</fileset>
		</delete>

		<defaultexcludes add="**/.#*" />

		<!-- end of adding..added by sreenivas-->


	</target>


	<target name="DEVCVSCHECKOUT" description="checkout files">

		<record name="${migobjectsvnpath}/logs/CVSdevCheckOut1.log" loglevel="info" />
		<delete>
			<fileset dir="${svncheckinpatchpath}${projectName}" includes="${zipName}" />
		</delete>

		<cvs command=" -t update -r ${objectVersion} &quot;${zipName}&quot; " failonerror="yes" error="${migobjectsvnpath}/logs/DEVCVSCHECKOUT.log" />

		<!-- this below tag is added for avoid the hidden files checkout in migration process -->

		<defaultexcludes remove="**/.#*" />

		<delete>

			<fileset dir="${migobjectsvnpath}/UploadPatch" includes="**/.#*">

			</fileset>

		</delete>

		<defaultexcludes add="**/.#*" />

		<!-- end of adding..added by sreenivas-->

	</target>

	<target name="CVSUPDATEVERSION" description="checkout files" depends="DELETE">
		<record name="${migobjectsvnpath}/logs/CVSVersionLog1.log" loglevel="info" />

		<!-- To checkout latest version and reset if any sticky tags are present -->
		<cvs command=" -d :${cvs_conn_type}:${cvsusername}@${cvs_host}:${rep_path} -t update -A ${zipName} " failonerror="yes" error="${migobjectsvnpath}/logs/CVSUPDATEVERSION.log" />

		<copy todir="${svncheckinpatchpath}${projectName}" overwrite="yes" failonerror="no">
			<fileset dir="${serversidepath}" includes="${zipName}" />
		</copy>

		<!-- Creating version on the latest checked out version -->
		<cvs command=" commit -m ${comment} -l ${zipName}" cvsroot=":${cvs_conn_type}:${cvsusername}@${cvs_host}:${rep_path}" dest="${svncheckinpatchpath}${projectName}" failonerror="yes" error="${migobjectsvnpath}/logs/CVSUPDATEVERSION_commit.log" />
	</target>

	<target name="SPACK_CHECKOUT" description="Checkout Files from AOM CVS">

		<record name="${migobjectsvnpath}/logs/ServicePacklog.log" append="false" loglevel="info" />

		<cvs command=" -d :${cvs_conn_type}:${cvsadminusername}@${cvs_host}:${rep_path} -t update -r ${objectVersion} ${objectName} " failonerror="yes" error="${migobjectsvnpath}/logs/SPACK_CHECKOUT.log" />

		<!--
		 	<mkdir dir="${svncheckinpatchpath}${objectDir}"/> 
		 	-->
		<copy todir="${svncheckinpatchpath}${objectDir}/${objectNameFolder}" overwrite="yes" failonerror="no">
			<fileset dir="." includes="${objectName}" />
		</copy>

		<!-- Here objectDir is same as objectType bt without double quotes -->


		<echo message="deleting CVS directory...." />
		<echo message="${svncheckinpatchpath}${objectDir}/CVS" />
		<delete dir="${svncheckinpatchpath}${objectDir}/CVS" />

	</target>

	<target name="SPACK_ZIP" description="create zip file">

		<record name="${migobjectsvnpath}/logs/ServicePacklog.log" append="true" loglevel="info" />
		<mkdir dir="${svncheckinpatchpath}/META-INF" />
		<manifest file="${svncheckinpatchpath}/META-INF/MANIFEST.MF">
			<attribute name="Class-Path" value="Tri2Build/ant.jar Tri2Build/ant-antlr.jar Tri2Build/ant-launcher.jar Tri2Build/poi-3.0.2.jar Tri2Build/ojdbc5.jar" />
			<!--	 <attribute name="Class-Path" value="Tri2Build/poi-3.0.2.jar"/>  -->
			<attribute name="Main-Class" value="ServicePackMain" />
		</manifest>
		<!-- copying Aboutme.dtd file to servicepack objects download directory, for DTD validation-->
		<copy todir="${svncheckinpatchpath}" overwrite="yes" failonerror="no">
			<fileset dir="${spObjectsDir}" includes="Aboutme.dtd" />
		</copy>

		<zip destfile="${svncheckinpatchpath}/${servicepackname}">
			<fileset dir="${svncheckinpatchpath}" />
			<fileset dir="${spObjectsDir}" includes="*.class" />
			<fileset dir="${spObjectsDir}" includes="*.jar" />
			<fileset dir="${spObjectsDir}" includes="*.properties" />
		</zip>

	</target>

</project>