<?xml version='1.0' encoding='windows-1252' ?>
<!DOCTYPE ViewObject SYSTEM "jbo_03_01.dtd">

<ViewObject
   Name="CLMPayUomVO"
   BindingStyle="OracleName"
   CustomQuery="true"
   RowClass="oracle.apps.fnd.framework.server.OAViewRowImpl"
   ComponentClass="oracle.apps.sfc.clm.poform.lov.server.CLMPayUomVOImpl"
   UseGlueCode="false" >
   <SQLQuery><![CDATA[
select uom_code    ,   uom_desc
from xxsify_clm_po_pay_uom_v
   ]]></SQLQuery>
   <DesignTime>
      <Attr Name="_isExpertMode" Value="true" />
      <Attr Name="_version" Value="10.1.3.43.6" />
      <Attr Name="_codeGenFlag2" Value="Access|Coll|VarAccess" />
   </DesignTime>
   <ViewAttribute
      Name="UomCode"
      IsPersistent="false"
      IsNotNull="true"
      Precision="3"
      Type="java.lang.String"
      ColumnType="VARCHAR2"
      AliasName="UOM_CODE"
      Expression="UOM_CODE"
      SQLType="VARCHAR" >
      <DesignTime>
         <Attr Name="_DisplaySize" Value="3" />
      </DesignTime>
   </ViewAttribute>
   <ViewAttribute
      Name="UomDesc"
      IsPersistent="false"
      IsNotNull="true"
      Precision="25"
      Type="java.lang.String"
      ColumnType="VARCHAR2"
      AliasName="UOM_DESC"
      Expression="UOM_DESC"
      SQLType="VARCHAR" >
      <DesignTime>
         <Attr Name="_DisplaySize" Value="25" />
      </DesignTime>
   </ViewAttribute>
</ViewObject>
