<?xml version='1.0' encoding='windows-1252' ?>
<!DOCTYPE JboPackage SYSTEM "jbo_03_01.dtd">

<JboPackage
   Name="server"
   SeparateXMLFiles="true"
   PackageName="oracle.apps.sfc.clm.poform.lov.server" >
   <DesignTime>
      <Attr Name="_ejbPackage" Value="false" />
      <Attr Name="_version" Value="10.1.3.43.6" />
   </DesignTime>
   <Containee
      Name="SupplierLovVO"
      FullName="oracle.apps.sfc.clm.poform.lov.server.SupplierLovVO"
      ObjectType="ViewObject" >
   </Containee>
   <Containee
      Name="XxsifyLmsAttachCategoryVO"
      FullName="oracle.apps.sfc.clm.poform.lov.server.XxsifyLmsAttachCategoryVO"
      ObjectType="ViewObject" >
   </Containee>
   <Containee
      Name="XxSifyLmsBuNameVO"
      FullName="oracle.apps.sfc.clm.poform.lov.server.XxSifyLmsBuNameVO"
      ObjectType="ViewObject" >
   </Containee>
   <Containee
      Name="XXSifyLmsConvTypeVO"
      FullName="oracle.apps.sfc.clm.poform.lov.server.XXSifyLmsConvTypeVO"
      ObjectType="ViewObject" >
   </Containee>
   <Containee
      Name="XxSifyLmsCostCenterVO"
      FullName="oracle.apps.sfc.clm.poform.lov.server.XxSifyLmsCostCenterVO"
      ObjectType="ViewObject" >
   </Containee>
   <Containee
      Name="XxsifyLmsCurrencyCodeVO"
      FullName="oracle.apps.sfc.clm.poform.lov.server.XxsifyLmsCurrencyCodeVO"
      ObjectType="ViewObject" >
   </Containee>
   <Containee
      Name="XxSifyLmsOrderTypeVO"
      FullName="oracle.apps.sfc.clm.poform.lov.server.XxSifyLmsOrderTypeVO"
      ObjectType="ViewObject" >
   </Containee>
   <Containee
      Name="XxSifyLmsPayTermVO"
      FullName="oracle.apps.sfc.clm.poform.lov.server.XxSifyLmsPayTermVO"
      ObjectType="ViewObject" >
   </Containee>
   <Containee
      Name="XxSifyLmsPayUomVO"
      FullName="oracle.apps.sfc.clm.poform.lov.server.XxSifyLmsPayUomVO"
      ObjectType="ViewObject" >
   </Containee>
   <Containee
      Name="XxSifyLmsPoClassVO"
      FullName="oracle.apps.sfc.clm.poform.lov.server.XxSifyLmsPoClassVO"
      ObjectType="ViewObject" >
   </Containee>
   <Containee
      Name="XxsifyLmsPoInterfaceTypeVO"
      FullName="oracle.apps.sfc.clm.poform.lov.server.XxsifyLmsPoInterfaceTypeVO"
      ObjectType="ViewObject" >
   </Containee>
</JboPackage>
