<?xml version='1.0' encoding='windows-1252' ?>
<!DOCTYPE ViewObject SYSTEM "jbo_03_01.dtd">

<ViewObject
   Name="InvoiceStandardReportVO_old"
   BindingStyle="OracleName"
   CustomQuery="true"
   RowClass="oracle.apps.fnd.framework.server.OAViewRowImpl"
   ComponentClass="oracle.apps.sfc.clm.InvoiceBulkUpload.server.InvoiceStandardReportVO_oldImpl"
   UseGlueCode="false" >
   <SQLQuery><![CDATA[
SELECT BAND_WIDH_REQ_NO,
         LMS_ID,
         (ebs_po_num||' ') po_number,
         sify_supplier_name,
         sify_supplier_site,
         commissioned_date,
         from_location,
         to_location,
         currency,
         link_status,
         ITEM_CODE,
         ITEM_TYPE,
         rate po_amount,
         '' invoice_number,
         '' invoice_date,
         INVOICE_AMOUNT,
         INV_PERIOD_FROM_DATE,
        INV_PERIOD_TO_DATE
   FROM XXSIFY_LMS_INV_BULKLOAD_V
   WHERE     lms_id = NVL (:1, lms_id)
         AND sify_supplier_name = NVL (:2, sify_supplier_name)
         AND from_location = NVL (:3, from_location)
         AND to_location = NVL (:4, to_location)
ORDER BY lms_id DESC
   ]]></SQLQuery>
   <DesignTime>
      <Attr Name="_isExpertMode" Value="true" />
      <Attr Name="_version" Value="10.1.3.43.6" />
      <Attr Name="_codeGenFlag2" Value="Access|Coll|VarAccess" />
   </DesignTime>
   <ViewAttribute
      Name="BandWidhReqNo"
      IsUpdateable="false"
      IsPersistent="false"
      Type="oracle.jbo.domain.Number"
      ColumnType="NUMBER"
      AliasName="BAND_WIDH_REQ_NO"
      Expression="BAND_WIDH_REQ_NO"
      SQLType="NUMERIC" >
      <DesignTime>
         <Attr Name="_DisplaySize" Value="22" />
      </DesignTime>
   </ViewAttribute>
   <ViewAttribute
      Name="LmsId"
      IsUpdateable="false"
      IsPersistent="false"
      Type="oracle.jbo.domain.Number"
      ColumnType="NUMBER"
      AliasName="LMS_ID"
      Expression="LMS_ID"
      SQLType="NUMERIC" >
      <DesignTime>
         <Attr Name="_DisplaySize" Value="22" />
      </DesignTime>
   </ViewAttribute>
   <ViewAttribute
      Name="PoNumber"
      IsPersistent="false"
      Precision="101"
      Type="java.lang.String"
      ColumnType="VARCHAR2"
      AliasName="PO_NUMBER"
      Expression="PO_NUMBER"
      SQLType="VARCHAR" >
      <DesignTime>
         <Attr Name="_DisplaySize" Value="101" />
      </DesignTime>
   </ViewAttribute>
   <ViewAttribute
      Name="SifySupplierName"
      IsUpdateable="false"
      IsPersistent="false"
      Precision="240"
      Type="java.lang.String"
      ColumnType="VARCHAR2"
      AliasName="SIFY_SUPPLIER_NAME"
      Expression="SIFY_SUPPLIER_NAME"
      SQLType="VARCHAR" >
      <DesignTime>
         <Attr Name="_DisplaySize" Value="240" />
      </DesignTime>
   </ViewAttribute>
   <ViewAttribute
      Name="SifySupplierSite"
      IsUpdateable="false"
      IsPersistent="false"
      Precision="240"
      Type="java.lang.String"
      ColumnType="VARCHAR2"
      AliasName="SIFY_SUPPLIER_SITE"
      Expression="SIFY_SUPPLIER_SITE"
      SQLType="VARCHAR" >
      <DesignTime>
         <Attr Name="_DisplaySize" Value="240" />
      </DesignTime>
   </ViewAttribute>
   <ViewAttribute
      Name="CommissionedDate"
      IsUpdateable="false"
      IsPersistent="false"
      Precision="20"
      Type="java.lang.String"
      ColumnType="VARCHAR2"
      AliasName="COMMISSIONED_DATE"
      Expression="COMMISSIONED_DATE"
      SQLType="VARCHAR" >
      <DesignTime>
         <Attr Name="_DisplaySize" Value="20" />
      </DesignTime>
   </ViewAttribute>
   <ViewAttribute
      Name="FromLocation"
      IsUpdateable="false"
      IsPersistent="false"
      Precision="240"
      Type="java.lang.String"
      ColumnType="VARCHAR2"
      AliasName="FROM_LOCATION"
      Expression="FROM_LOCATION"
      SQLType="VARCHAR" >
      <DesignTime>
         <Attr Name="_DisplaySize" Value="240" />
      </DesignTime>
   </ViewAttribute>
   <ViewAttribute
      Name="ToLocation"
      IsUpdateable="false"
      IsPersistent="false"
      Precision="240"
      Type="java.lang.String"
      ColumnType="VARCHAR2"
      AliasName="TO_LOCATION"
      Expression="TO_LOCATION"
      SQLType="VARCHAR" >
      <DesignTime>
         <Attr Name="_DisplaySize" Value="240" />
      </DesignTime>
   </ViewAttribute>
   <ViewAttribute
      Name="Currency"
      IsUpdateable="false"
      IsPersistent="false"
      Precision="100"
      Type="java.lang.String"
      ColumnType="VARCHAR2"
      AliasName="CURRENCY"
      Expression="CURRENCY"
      SQLType="VARCHAR" >
      <DesignTime>
         <Attr Name="_DisplaySize" Value="100" />
      </DesignTime>
   </ViewAttribute>
   <ViewAttribute
      Name="LinkStatus"
      IsUpdateable="false"
      IsPersistent="false"
      Precision="100"
      Type="java.lang.String"
      ColumnType="VARCHAR2"
      AliasName="LINK_STATUS"
      Expression="LINK_STATUS"
      SQLType="VARCHAR" >
      <DesignTime>
         <Attr Name="_DisplaySize" Value="100" />
      </DesignTime>
   </ViewAttribute>
   <ViewAttribute
      Name="ItemCode"
      IsUpdateable="false"
      IsPersistent="false"
      Precision="240"
      Type="java.lang.String"
      ColumnType="VARCHAR2"
      AliasName="ITEM_CODE"
      Expression="ITEM_CODE"
      SQLType="VARCHAR" >
      <DesignTime>
         <Attr Name="_DisplaySize" Value="240" />
      </DesignTime>
   </ViewAttribute>
   <ViewAttribute
      Name="ItemType"
      IsUpdateable="false"
      IsPersistent="false"
      Precision="17"
      Type="java.lang.String"
      ColumnType="VARCHAR2"
      AliasName="ITEM_TYPE"
      Expression="ITEM_TYPE"
      SQLType="VARCHAR" >
      <DesignTime>
         <Attr Name="_DisplaySize" Value="17" />
      </DesignTime>
   </ViewAttribute>
   <ViewAttribute
      Name="PoAmount"
      IsPersistent="false"
      Precision="15"
      Scale="2"
      Type="oracle.jbo.domain.Number"
      ColumnType="NUMBER"
      AliasName="PO_AMOUNT"
      Expression="PO_AMOUNT"
      SQLType="NUMERIC" >
      <DesignTime>
         <Attr Name="_DisplaySize" Value="22" />
      </DesignTime>
   </ViewAttribute>
   <ViewAttribute
      Name="InvoiceNumber"
      IsPersistent="false"
      Precision="32"
      Type="java.lang.String"
      ColumnType="CHAR"
      AliasName="INVOICE_NUMBER"
      Expression="INVOICE_NUMBER"
      SQLType="VARCHAR" >
   </ViewAttribute>
   <ViewAttribute
      Name="InvoiceDate"
      IsPersistent="false"
      Precision="32"
      Type="java.lang.String"
      ColumnType="CHAR"
      AliasName="INVOICE_DATE"
      Expression="INVOICE_DATE"
      SQLType="VARCHAR" >
   </ViewAttribute>
   <ViewAttribute
      Name="InvoiceAmount"
      IsUpdateable="false"
      IsPersistent="false"
      Type="oracle.jbo.domain.Number"
      ColumnType="NUMBER"
      AliasName="INVOICE_AMOUNT"
      Expression="INVOICE_AMOUNT"
      SQLType="NUMERIC" >
      <DesignTime>
         <Attr Name="_DisplaySize" Value="22" />
      </DesignTime>
   </ViewAttribute>
   <ViewAttribute
      Name="InvPeriodFromDate"
      IsUpdateable="false"
      IsPersistent="false"
      Precision="20"
      Type="java.lang.String"
      ColumnType="VARCHAR2"
      AliasName="INV_PERIOD_FROM_DATE"
      Expression="INV_PERIOD_FROM_DATE"
      SQLType="VARCHAR" >
      <DesignTime>
         <Attr Name="_DisplaySize" Value="20" />
      </DesignTime>
   </ViewAttribute>
   <ViewAttribute
      Name="InvPeriodToDate"
      IsUpdateable="false"
      IsPersistent="false"
      Precision="20"
      Type="java.lang.String"
      ColumnType="VARCHAR2"
      AliasName="INV_PERIOD_TO_DATE"
      Expression="INV_PERIOD_TO_DATE"
      SQLType="VARCHAR" >
      <DesignTime>
         <Attr Name="_DisplaySize" Value="20" />
      </DesignTime>
   </ViewAttribute>
</ViewObject>
