<?xml version='1.0' encoding='windows-1252' ?>
<!DOCTYPE ViewObject SYSTEM "jbo_03_01.dtd">

<ViewObject
   Name="InvoiceCreditReportVO"
   BindingStyle="OracleName"
   CustomQuery="true"
   RowClass="oracle.apps.fnd.framework.server.OAViewRowImpl"
   ComponentClass="oracle.apps.sfc.clm.InvoiceBulkUpload.server.InvoiceCreditReportVOImpl"
   UseGlueCode="false" >
   <SQLQuery><![CDATA[
SELECT band_widh_req_no,
         clm_id,
         (ebs_po_num||' ') po_number,
         sify_supplier_name,
         sify_supplier_site,
         commissioned_date,
         surrendered_date,
         xxsify_lms_apex_pkg.get_lpd1(ebs_po_num) LPD,
         from_location,
         to_location,
         currency,
         link_status,
         po_amount,
         item_type,
         '' invoice_number,
         '' invoice_date,
         '' Invoice_Amount,
         '' Invoice_Period_From_Date,
         '' Invoice_Period_To_Date
FROM (SELECT *
            FROM xxsify_clm_credit_bulkload_v
           WHERE     clm_id = NVL (:1, clm_id)
                 AND sify_supplier_name = NVL (:2, sify_supplier_name)
                 AND from_location = NVL (:3, from_location)
                 AND to_location = NVL (:4, to_location)
          MINUS
          SELECT *
            FROM xxsify_clm_credit_bulkload_v
           WHERE invoice_amount = 0)
ORDER BY clm_id DESC
   ]]></SQLQuery>
   <DesignTime>
      <Attr Name="_isExpertMode" Value="true" />
      <Attr Name="_version" Value="10.1.3.43.6" />
      <Attr Name="_codeGenFlag2" Value="Access|Coll|VarAccess" />
   </DesignTime>
   <ViewAttribute
      Name="BandWidhReqNo"
      IsUpdateable="false"
      IsPersistent="false"
      Type="oracle.jbo.domain.Number"
      ColumnType="NUMBER"
      AliasName="BAND_WIDH_REQ_NO"
      Expression="BAND_WIDH_REQ_NO"
      SQLType="NUMERIC" >
      <DesignTime>
         <Attr Name="_DisplaySize" Value="22" />
      </DesignTime>
   </ViewAttribute>
   <ViewAttribute
      Name="ClmId"
      IsUpdateable="false"
      IsPersistent="false"
      Type="oracle.jbo.domain.Number"
      ColumnType="NUMBER"
      AliasName="CLM_ID"
      Expression="CLM_ID"
      SQLType="NUMERIC" >
      <DesignTime>
         <Attr Name="_DisplaySize" Value="22" />
      </DesignTime>
   </ViewAttribute>
   <ViewAttribute
      Name="PoNumber"
      IsUpdateable="false"
      IsPersistent="false"
      Precision="100"
      Type="java.lang.String"
      ColumnType="VARCHAR2"
      AliasName="PO_NUMBER"
      Expression="PO_NUMBER"
      SQLType="VARCHAR" >
      <DesignTime>
         <Attr Name="_DisplaySize" Value="100" />
      </DesignTime>
   </ViewAttribute>
   <ViewAttribute
      Name="SifySupplierName"
      IsUpdateable="false"
      IsPersistent="false"
      Precision="240"
      Type="java.lang.String"
      ColumnType="VARCHAR2"
      AliasName="SIFY_SUPPLIER_NAME"
      Expression="SIFY_SUPPLIER_NAME"
      SQLType="VARCHAR" >
      <DesignTime>
         <Attr Name="_DisplaySize" Value="240" />
      </DesignTime>
   </ViewAttribute>
   <ViewAttribute
      Name="SifySupplierSite"
      IsUpdateable="false"
      IsPersistent="false"
      Precision="240"
      Type="java.lang.String"
      ColumnType="VARCHAR2"
      AliasName="SIFY_SUPPLIER_SITE"
      Expression="SIFY_SUPPLIER_SITE"
      SQLType="VARCHAR" >
      <DesignTime>
         <Attr Name="_DisplaySize" Value="240" />
      </DesignTime>
   </ViewAttribute>
   <ViewAttribute
      Name="CommissionedDate"
      IsUpdateable="false"
      IsPersistent="false"
      Precision="20"
      Type="java.lang.String"
      ColumnType="VARCHAR2"
      AliasName="COMMISSIONED_DATE"
      Expression="COMMISSIONED_DATE"
      SQLType="VARCHAR" >
      <DesignTime>
         <Attr Name="_DisplaySize" Value="20" />
      </DesignTime>
   </ViewAttribute>
   <ViewAttribute
      Name="SurrenderedDate"
      IsUpdateable="false"
      IsPersistent="false"
      Precision="20"
      Type="java.lang.String"
      ColumnType="VARCHAR2"
      AliasName="SURRENDERED_DATE"
      Expression="SURRENDERED_DATE"
      SQLType="VARCHAR" >
      <DesignTime>
         <Attr Name="_DisplaySize" Value="20" />
      </DesignTime>
   </ViewAttribute>
   <ViewAttribute
      Name="Lpd"
      IsUpdateable="false"
      IsPersistent="false"
      Type="oracle.jbo.domain.Date"
      ColumnType="DATE"
      AliasName="LPD"
      Expression="LPD"
      SQLType="DATE" >
      <DesignTime>
         <Attr Name="_DisplaySize" Value="7" />
      </DesignTime>
   </ViewAttribute>
   <ViewAttribute
      Name="FromLocation"
      IsUpdateable="false"
      IsPersistent="false"
      Precision="240"
      Type="java.lang.String"
      ColumnType="VARCHAR2"
      AliasName="FROM_LOCATION"
      Expression="FROM_LOCATION"
      SQLType="VARCHAR" >
      <DesignTime>
         <Attr Name="_DisplaySize" Value="240" />
      </DesignTime>
   </ViewAttribute>
   <ViewAttribute
      Name="ToLocation"
      IsUpdateable="false"
      IsPersistent="false"
      Precision="240"
      Type="java.lang.String"
      ColumnType="VARCHAR2"
      AliasName="TO_LOCATION"
      Expression="TO_LOCATION"
      SQLType="VARCHAR" >
      <DesignTime>
         <Attr Name="_DisplaySize" Value="240" />
      </DesignTime>
   </ViewAttribute>
   <ViewAttribute
      Name="Currency"
      IsUpdateable="false"
      IsPersistent="false"
      Precision="100"
      Type="java.lang.String"
      ColumnType="VARCHAR2"
      AliasName="CURRENCY"
      Expression="CURRENCY"
      SQLType="VARCHAR" >
      <DesignTime>
         <Attr Name="_DisplaySize" Value="100" />
      </DesignTime>
   </ViewAttribute>
   <ViewAttribute
      Name="LinkStatus"
      IsUpdateable="false"
      IsPersistent="false"
      Precision="100"
      Type="java.lang.String"
      ColumnType="VARCHAR2"
      AliasName="LINK_STATUS"
      Expression="LINK_STATUS"
      SQLType="VARCHAR" >
      <DesignTime>
         <Attr Name="_DisplaySize" Value="100" />
      </DesignTime>
   </ViewAttribute>
   <ViewAttribute
      Name="PoAmount"
      IsUpdateable="false"
      IsPersistent="false"
      Type="oracle.jbo.domain.Number"
      ColumnType="NUMBER"
      AliasName="PO_AMOUNT"
      Expression="PO_AMOUNT"
      SQLType="NUMERIC" >
      <DesignTime>
         <Attr Name="_DisplaySize" Value="22" />
      </DesignTime>
   </ViewAttribute>
   <ViewAttribute
      Name="ItemType"
      IsPersistent="false"
      Precision="240"
      Type="java.lang.String"
      ColumnType="VARCHAR2"
      AliasName="ITEM_TYPE"
      Expression="ITEM_TYPE"
      SQLType="VARCHAR" >
      <DesignTime>
         <Attr Name="_DisplaySize" Value="240" />
      </DesignTime>
   </ViewAttribute>
   <ViewAttribute
      Name="InvoiceNumber"
      IsUpdateable="false"
      IsPersistent="false"
      Precision="32"
      Type="java.lang.String"
      ColumnType="CHAR"
      AliasName="INVOICE_NUMBER"
      Expression="INVOICE_NUMBER"
      SQLType="VARCHAR" >
   </ViewAttribute>
   <ViewAttribute
      Name="InvoiceDate"
      IsUpdateable="false"
      IsPersistent="false"
      Precision="32"
      Type="java.lang.String"
      ColumnType="CHAR"
      AliasName="INVOICE_DATE"
      Expression="INVOICE_DATE"
      SQLType="VARCHAR" >
   </ViewAttribute>
   <ViewAttribute
      Name="InvoiceAmount"
      IsUpdateable="false"
      IsPersistent="false"
      Precision="32"
      Type="java.lang.String"
      ColumnType="CHAR"
      AliasName="INVOICE_AMOUNT"
      Expression="INVOICE_AMOUNT"
      SQLType="VARCHAR" >
   </ViewAttribute>
   <ViewAttribute
      Name="InvoicePeriodFromDate"
      IsUpdateable="false"
      IsPersistent="false"
      Precision="32"
      Type="java.lang.String"
      ColumnType="CHAR"
      AliasName="INVOICE_PERIOD_FROM_DATE"
      Expression="INVOICE_PERIOD_FROM_DATE"
      SQLType="VARCHAR" >
   </ViewAttribute>
   <ViewAttribute
      Name="InvoicePeriodToDate"
      IsUpdateable="false"
      IsPersistent="false"
      Precision="32"
      Type="java.lang.String"
      ColumnType="CHAR"
      AliasName="INVOICE_PERIOD_TO_DATE"
      Expression="INVOICE_PERIOD_TO_DATE"
      SQLType="VARCHAR" >
   </ViewAttribute>
</ViewObject>
